2026-09-02 17:24:33,711 - INFO - Scraper started. Maximum products: 2
2026-09-02 17:24:33,711 - INFO - Scraping page 1: https://books.toscrape.com/
2026-09-02 17:24:36,140 - INFO - Request successful: 200 - https://books.toscrape.com/
2026-09-02 17:24:36,144 - INFO - HTML parsed successfully.
2026-09-02 17:24:36,162 - INFO - Product elements found: 20
2026-09-02 17:24:36,171 - INFO - Successfully extracted 20 products.
2026-09-02 17:24:36,171 - INFO - Total products collected so far: 20
2026-09-02 17:24:36,172 - INFO - Listing scraping completed. Total products collected: 2
2026-09-02 17:24:37,430 - INFO - Request successful: 200 - https://books.toscrape.com/catalogue/a-light-in-the-attic_1000/index.html
2026-09-02 17:24:37,474 - INFO - HTML parsed successfully.
2026-09-02 17:24:37,474 - INFO - Product details extracted successfully.
2026-09-02 17:24:38,730 - INFO - Request successful: 200 - https://books.toscrape.com/catalogue/tipping-the-velvet_999/index.html
2026-09-02 17:24:38,732 - INFO - HTML parsed successfully.
2026-09-02 17:24:38,732 - INFO - Product details extracted successfully.
2026-09-02 17:24:38,941 - INFO - Data exported successfully. CSV: output/products.csv, Excel: output/products.xlsx
2026-09-02 17:24:41,197 - INFO - Scraper completed successfully. Total products processed: 2
2026-09-02 19:30:00,930 - INFO - Scraping page 1: https://books.toscrape.com/
2026-09-02 19:30:03,557 - INFO - Request successful: 200 - https://books.toscrape.com/
2026-09-02 19:30:03,565 - INFO - HTML parsed successfully.
2026-09-02 19:30:03,579 - INFO - Product elements found: 20
2026-09-02 19:30:03,586 - INFO - Successfully extracted 20 products.
2026-09-02 19:30:03,586 - INFO - Products collected so far: 20
2026-09-02 19:30:03,587 - INFO - Search completed. Products collected: 2
2026-09-02 19:30:36,820 - INFO - Scraping page 1: https://books.toscrape.com/
2026-09-02 19:30:39,298 - INFO - Request successful: 200 - https://books.toscrape.com/
2026-09-02 19:30:39,312 - INFO - HTML parsed successfully.
2026-09-02 19:30:39,330 - INFO - Product elements found: 20
2026-09-02 19:30:39,336 - INFO - Successfully extracted 20 products.
2026-09-02 19:30:39,336 - INFO - Products collected so far: 20
2026-09-02 19:30:39,336 - INFO - Search completed. Products collected: 2
2026-09-02 19:30:39,336 - INFO - Fetching product details: https://books.toscrape.com/catalogue/a-light-in-the-attic_1000/index.html
2026-09-02 19:30:40,595 - INFO - Request successful: 200 - https://books.toscrape.com/catalogue/a-light-in-the-attic_1000/index.html
2026-09-02 19:30:40,613 - INFO - HTML parsed successfully.
2026-09-02 19:30:40,613 - INFO - Product details extracted successfully.
2026-09-02 19:30:40,615 - INFO - Fetching product details: https://books.toscrape.com/catalogue/tipping-the-velvet_999/index.html
2026-09-02 19:30:41,875 - INFO - Request successful: 200 - https://books.toscrape.com/catalogue/tipping-the-velvet_999/index.html
2026-09-02 19:30:41,880 - INFO - HTML parsed successfully.
2026-09-02 19:30:41,881 - INFO - Product details extracted successfully.
2026-09-02 19:31:34,547 - INFO - Scraping page 1: https://books.toscrape.com/
2026-09-02 19:31:36,958 - INFO - Request successful: 200 - https://books.toscrape.com/
2026-09-02 19:31:36,976 - INFO - HTML parsed successfully.
2026-09-02 19:31:36,980 - INFO - Product elements found: 20
2026-09-02 19:31:36,988 - INFO - Successfully extracted 20 products.
2026-09-02 19:31:36,988 - INFO - Products collected so far: 20
2026-09-02 19:31:36,988 - INFO - Search completed. Products collected: 2
2026-09-02 19:31:36,989 - INFO - Fetching product details: https://books.toscrape.com/catalogue/a-light-in-the-attic_1000/index.html
2026-09-02 19:31:38,237 - INFO - Request successful: 200 - https://books.toscrape.com/catalogue/a-light-in-the-attic_1000/index.html
2026-09-02 19:31:38,247 - INFO - HTML parsed successfully.
2026-09-02 19:31:38,247 - INFO - Product details extracted successfully.
2026-09-02 19:31:38,247 - INFO - Fetching product details: https://books.toscrape.com/catalogue/tipping-the-velvet_999/index.html
2026-09-02 19:31:39,510 - INFO - Request successful: 200 - https://books.toscrape.com/catalogue/tipping-the-velvet_999/index.html
2026-09-02 19:31:39,514 - INFO - HTML parsed successfully.
2026-09-02 19:31:39,514 - INFO - Product details extracted successfully.
2026-09-02 19:34:20,390 - INFO - Scraping page 1: https://books.toscrape.com/
2026-09-02 19:34:23,104 - INFO - Request successful: 200 - https://books.toscrape.com/
2026-09-02 19:34:23,122 - INFO - HTML parsed successfully.
2026-09-02 19:34:23,126 - INFO - Product elements found: 20
2026-09-02 19:34:23,133 - INFO - Successfully extracted 20 products.
2026-09-02 19:34:23,133 - INFO - Products collected so far: 20
2026-09-02 19:34:23,134 - INFO - Fetching product details: https://books.toscrape.com/catalogue/a-light-in-the-attic_1000/index.html
2026-09-02 19:34:24,376 - INFO - Request successful: 200 - https://books.toscrape.com/catalogue/a-light-in-the-attic_1000/index.html
2026-09-02 19:34:24,390 - INFO - HTML parsed successfully.
2026-09-02 19:34:24,394 - INFO - Product details extracted successfully.
2026-09-02 19:34:24,394 - INFO - Fetching product details: https://books.toscrape.com/catalogue/tipping-the-velvet_999/index.html
2026-09-02 19:34:25,637 - INFO - Request successful: 200 - https://books.toscrape.com/catalogue/tipping-the-velvet_999/index.html
2026-09-02 19:34:25,641 - INFO - HTML parsed successfully.
2026-09-02 19:34:25,642 - INFO - Product details extracted successfully.
2026-09-02 19:34:25,642 - INFO - Search completed. Products collected: 2
2026-09-02 19:45:29,849 - INFO - Scraper started. Maximum products: 2
2026-09-02 19:45:29,850 - INFO - Scraping page 1: https://books.toscrape.com/
2026-09-02 19:45:32,345 - INFO - Request successful: 200 - https://books.toscrape.com/
2026-09-02 19:45:32,364 - INFO - HTML parsed successfully.
2026-09-02 19:45:32,368 - INFO - Product elements found: 20
2026-09-02 19:45:32,376 - INFO - Successfully extracted 20 products.
2026-09-02 19:45:32,376 - INFO - Products collected so far: 20
2026-09-02 19:45:32,376 - INFO - Fetching product details: https://books.toscrape.com/catalogue/a-light-in-the-attic_1000/index.html
2026-09-02 19:45:33,625 - INFO - Request successful: 200 - https://books.toscrape.com/catalogue/a-light-in-the-attic_1000/index.html
2026-09-02 19:45:33,672 - INFO - HTML parsed successfully.
2026-09-02 19:45:33,673 - INFO - Product details extracted successfully.
2026-09-02 19:45:33,673 - INFO - Fetching product details: https://books.toscrape.com/catalogue/tipping-the-velvet_999/index.html
2026-09-02 19:45:34,937 - INFO - Request successful: 200 - https://books.toscrape.com/catalogue/tipping-the-velvet_999/index.html
2026-09-02 19:45:34,939 - INFO - HTML parsed successfully.
2026-09-02 19:45:34,939 - INFO - Product details extracted successfully.
2026-09-02 19:45:34,939 - INFO - Search completed. Products collected: 2
2026-09-02 19:45:34,939 - INFO - Scraping completed. Total products collected: 2
2026-09-02 19:45:34,944 - INFO - All required columns are present.
2026-09-02 19:45:34,953 - INFO - Data cleaning completed. Final records: 2
2026-09-02 19:45:35,170 - INFO - Data exported successfully. CSV: output/products.csv, Excel: output/products.xlsx
2026-09-02 19:45:46,252 - INFO - Scraper completed successfully. Total products processed: 2
2026-09-02 19:56:05,716 - INFO - Scraper started. Maximum products: 2
2026-09-02 19:56:05,718 - INFO - Scraping page 1: https://books.toscrape.com/
2026-09-02 19:56:08,264 - INFO - Request successful: 200 - https://books.toscrape.com/
2026-09-02 19:56:08,280 - INFO - HTML parsed successfully.
2026-09-02 19:56:08,280 - INFO - Product elements found: 20
2026-09-02 19:56:08,280 - INFO - Successfully extracted 20 products.
2026-09-02 19:56:08,280 - INFO - Products collected so far: 20
2026-09-02 19:56:08,280 - INFO - Fetching product details: https://books.toscrape.com/catalogue/a-light-in-the-attic_1000/index.html
2026-09-02 19:56:09,542 - INFO - Request successful: 200 - https://books.toscrape.com/catalogue/a-light-in-the-attic_1000/index.html
2026-09-02 19:56:09,577 - INFO - HTML parsed successfully.
2026-09-02 19:56:09,577 - INFO - Product details extracted successfully.
2026-09-02 19:56:09,577 - INFO - Fetching product details: https://books.toscrape.com/catalogue/tipping-the-velvet_999/index.html
2026-09-02 19:56:10,828 - INFO - Request successful: 200 - https://books.toscrape.com/catalogue/tipping-the-velvet_999/index.html
2026-09-02 19:56:10,831 - INFO - HTML parsed successfully.
2026-09-02 19:56:10,831 - INFO - Product details extracted successfully.
2026-09-02 19:56:10,831 - INFO - Search completed. Products collected: 2
2026-09-02 19:56:10,831 - INFO - Scraping completed. Total products collected: 2
2026-09-02 19:56:10,831 - INFO - All required columns are present.
2026-09-02 19:56:10,843 - INFO - Data cleaning completed. Final records: 2
2026-09-02 19:56:11,003 - INFO - Data exported successfully. CSV: output/products.csv, Excel: output/products.xlsx
2026-09-02 19:56:13,212 - INFO - Scraper completed successfully. Total products processed: 2
2026-09-02 21:48:56,485 - INFO - Scraper started. Maximum products: 2
2026-09-02 21:48:56,485 - INFO - Selected scraper: BooksToScrapeScraper
2026-09-02 21:48:56,485 - INFO - Scraping page 1: https://books.toscrape.com/
2026-09-02 21:48:58,957 - INFO - Request successful: 200 - https://books.toscrape.com/
2026-09-02 21:48:58,976 - INFO - HTML parsed successfully.
2026-09-02 21:48:58,980 - INFO - Product elements found: 20
2026-09-02 21:48:58,984 - INFO - Successfully extracted 20 products.
2026-09-02 21:48:58,984 - INFO - Products collected so far: 20
2026-09-02 21:48:58,984 - INFO - Fetching product details: https://books.toscrape.com/catalogue/a-light-in-the-attic_1000/index.html
2026-09-02 21:49:00,234 - INFO - Request successful: 200 - https://books.toscrape.com/catalogue/a-light-in-the-attic_1000/index.html
2026-09-02 21:49:00,279 - INFO - HTML parsed successfully.
2026-09-02 21:49:00,280 - INFO - Product details extracted successfully.
2026-09-02 21:49:00,280 - INFO - Fetching product details: https://books.toscrape.com/catalogue/tipping-the-velvet_999/index.html
2026-09-02 21:49:01,523 - INFO - Request successful: 200 - https://books.toscrape.com/catalogue/tipping-the-velvet_999/index.html
2026-09-02 21:49:01,527 - INFO - HTML parsed successfully.
2026-09-02 21:49:01,528 - INFO - Product details extracted successfully.
2026-09-02 21:49:01,528 - INFO - Search completed. Products collected: 2
2026-09-02 21:49:01,528 - INFO - Scraping completed. Total products collected: 2
2026-09-02 21:49:01,529 - INFO - All required columns are present.
2026-09-02 21:49:01,538 - INFO - Data cleaning completed. Final records: 2
2026-09-02 21:49:01,745 - INFO - Data exported successfully. CSV: output/products.csv, Excel: output/products.xlsx
2026-09-02 21:49:08,655 - INFO - Scraper completed successfully. Total products processed: 2
2026-09-02 21:55:26,636 - INFO - Scraper started. Maximum products: 2
2026-09-02 21:55:26,636 - INFO - Selected scraper: BooksToScrapeScraper
2026-09-02 21:55:26,637 - INFO - Scraping page 1: https://books.toscrape.com/
2026-09-02 21:55:29,259 - INFO - Request successful: 200 - https://books.toscrape.com/
2026-09-02 21:55:29,280 - INFO - HTML parsed successfully.
2026-09-02 21:55:29,280 - INFO - Product elements found: 20
2026-09-02 21:55:29,286 - INFO - Successfully extracted 20 products.
2026-09-02 21:55:29,286 - INFO - Products collected so far: 20
2026-09-02 21:55:29,286 - INFO - Fetching product details: https://books.toscrape.com/catalogue/a-light-in-the-attic_1000/index.html
2026-09-02 21:55:30,535 - INFO - Request successful: 200 - https://books.toscrape.com/catalogue/a-light-in-the-attic_1000/index.html
2026-09-02 21:55:30,577 - INFO - HTML parsed successfully.
2026-09-02 21:55:30,579 - INFO - Product details extracted successfully.
2026-09-02 21:55:30,579 - INFO - Fetching product details: https://books.toscrape.com/catalogue/tipping-the-velvet_999/index.html
2026-09-02 21:55:31,837 - INFO - Request successful: 200 - https://books.toscrape.com/catalogue/tipping-the-velvet_999/index.html
2026-09-02 21:55:31,842 - INFO - HTML parsed successfully.
2026-09-02 21:55:31,842 - INFO - Product details extracted successfully.
2026-09-02 21:55:31,842 - INFO - Search completed. Products collected: 2
2026-09-02 21:55:31,842 - INFO - Scraping completed. Total products collected: 2
2026-09-02 21:55:31,845 - INFO - All required columns are present.
2026-09-02 21:55:31,852 - INFO - Data cleaning completed. Final records: 2
2026-09-02 21:55:32,036 - INFO - Data exported successfully. CSV: output/products.csv, Excel: output/products.xlsx
2026-09-02 21:55:58,015 - INFO - Scraper completed successfully. Total products processed: 2
2026-09-02 22:01:18,637 - INFO - Scraper started. Maximum products: 2
2026-09-02 22:01:18,637 - INFO - Selected scraper: BooksToScrapeScraper
2026-09-02 22:01:18,637 - INFO - Searching for products with query: 'light'
2026-09-02 22:01:18,637 - INFO - Scraping page 1: https://books.toscrape.com/
2026-09-02 22:01:21,294 - INFO - Request successful: 200 - https://books.toscrape.com/
2026-09-02 22:01:21,311 - INFO - HTML parsed successfully.
2026-09-02 22:01:21,317 - INFO - Product elements found: 20
2026-09-02 22:01:21,325 - INFO - Successfully extracted 20 products.
2026-09-02 22:01:21,325 - INFO - Products found on page 1: 20
2026-09-02 22:01:21,325 - INFO - Product matched query: A Light in the Attic
2026-09-02 22:01:21,325 - INFO - Matching products collected so far: 1
2026-09-02 22:01:21,327 - INFO - Scraping page 2: https://books.toscrape.com/catalogue/page-2.html
2026-09-02 22:01:23,032 - INFO - Request successful: 200 - https://books.toscrape.com/catalogue/page-2.html
2026-09-02 22:01:23,040 - INFO - HTML parsed successfully.
2026-09-02 22:01:23,040 - INFO - Product elements found: 20
2026-09-02 22:01:23,056 - INFO - Successfully extracted 20 products.
2026-09-02 22:01:23,056 - INFO - Products found on page 2: 20
2026-09-02 22:01:23,056 - INFO - Matching products collected so far: 1
2026-09-02 22:01:23,056 - INFO - Scraping page 3: https://books.toscrape.com/catalogue/page-3.html
2026-09-02 22:01:24,769 - INFO - Request successful: 200 - https://books.toscrape.com/catalogue/page-3.html
2026-09-02 22:01:24,801 - INFO - HTML parsed successfully.
2026-09-02 22:01:24,801 - INFO - Product elements found: 20
2026-09-02 22:01:24,816 - INFO - Successfully extracted 20 products.
2026-09-02 22:01:24,816 - INFO - Products found on page 3: 20
2026-09-02 22:01:24,816 - INFO - Matching products collected so far: 1
2026-09-02 22:01:24,816 - INFO - Scraping page 4: https://books.toscrape.com/catalogue/page-4.html
2026-09-02 22:01:26,521 - INFO - Request successful: 200 - https://books.toscrape.com/catalogue/page-4.html
2026-09-02 22:01:26,547 - INFO - HTML parsed successfully.
2026-09-02 22:01:26,547 - INFO - Product elements found: 20
2026-09-02 22:01:26,547 - INFO - Successfully extracted 20 products.
2026-09-02 22:01:26,547 - INFO - Products found on page 4: 20
2026-09-02 22:01:26,547 - INFO - Matching products collected so far: 1
2026-09-02 22:01:26,547 - INFO - Scraping page 5: https://books.toscrape.com/catalogue/page-5.html
2026-09-02 22:01:28,048 - INFO - Request successful: 200 - https://books.toscrape.com/catalogue/page-5.html
2026-09-02 22:01:28,065 - INFO - HTML parsed successfully.
2026-09-02 22:01:28,065 - INFO - Product elements found: 20
2026-09-02 22:01:28,065 - INFO - Successfully extracted 20 products.
2026-09-02 22:01:28,065 - INFO - Products found on page 5: 20
2026-09-02 22:01:28,065 - INFO - Matching products collected so far: 1
2026-09-02 22:01:28,065 - INFO - Scraping page 6: https://books.toscrape.com/catalogue/page-6.html
2026-09-02 22:01:29,607 - INFO - Request successful: 200 - https://books.toscrape.com/catalogue/page-6.html
2026-09-02 22:01:29,627 - INFO - HTML parsed successfully.
2026-09-02 22:01:29,627 - INFO - Product elements found: 20
2026-09-02 22:01:29,632 - INFO - Successfully extracted 20 products.
2026-09-02 22:01:29,632 - INFO - Products found on page 6: 20
2026-09-02 22:01:29,632 - INFO - Matching products collected so far: 1
2026-09-02 22:01:29,632 - INFO - Scraping page 7: https://books.toscrape.com/catalogue/page-7.html
2026-09-02 22:01:31,182 - INFO - Request successful: 200 - https://books.toscrape.com/catalogue/page-7.html
2026-09-02 22:01:31,200 - INFO - HTML parsed successfully.
2026-09-02 22:01:31,200 - INFO - Product elements found: 20
2026-09-02 22:01:31,214 - INFO - Successfully extracted 20 products.
2026-09-02 22:01:31,214 - INFO - Products found on page 7: 20
2026-09-02 22:01:31,214 - INFO - Product matched query: A Flight of Arrows (The Pathfinders #2)
2026-09-02 22:01:31,214 - INFO - Matching products collected so far: 2
2026-09-02 22:01:31,214 - INFO - Search filtering completed. Matching products: 2
2026-09-02 22:01:31,214 - INFO - Fetching product details: https://books.toscrape.com/catalogue/a-light-in-the-attic_1000/index.html
2026-09-02 22:01:32,461 - INFO - Request successful: 200 - https://books.toscrape.com/catalogue/a-light-in-the-attic_1000/index.html
2026-09-02 22:01:32,480 - INFO - HTML parsed successfully.
2026-09-02 22:01:32,480 - INFO - Product details extracted successfully.
2026-09-02 22:01:32,480 - INFO - Fetching product details: https://books.toscrape.com/a-flight-of-arrows-the-pathfinders-2_876/index.html
2026-09-02 22:01:33,721 - ERROR - HTTP error: 404 Client Error: Not Found for url: https://books.toscrape.com/a-flight-of-arrows-the-pathfinders-2_876/index.html
2026-09-02 22:01:33,721 - ERROR - Failed to fetch product page: https://books.toscrape.com/a-flight-of-arrows-the-pathfinders-2_876/index.html
2026-09-02 22:01:33,721 - INFO - Search completed. Products collected: 2
2026-09-02 22:01:33,721 - INFO - Scraping completed. Total products collected: 2
2026-09-02 22:01:33,723 - INFO - All required columns are present.
2026-09-02 22:01:33,732 - INFO - Data cleaning completed. Final records: 2
2026-09-02 22:01:33,952 - INFO - Data exported successfully. CSV: output/products.csv, Excel: output/products.xlsx
2026-09-02 22:01:36,393 - INFO - Scraper completed successfully. Total products processed: 2
2026-09-02 22:06:30,370 - INFO - Scraper started. Maximum products: 2
2026-09-02 22:06:30,370 - INFO - Selected scraper: BooksToScrapeScraper
2026-09-02 22:06:30,370 - INFO - Searching for products with query: 'light'
2026-09-02 22:06:30,370 - INFO - Scraping page 1: https://books.toscrape.com/
2026-09-02 22:06:32,953 - INFO - Request successful: 200 - https://books.toscrape.com/
2026-09-02 22:06:32,970 - INFO - HTML parsed successfully.
2026-09-02 22:06:32,970 - INFO - Product elements found: 20
2026-09-02 22:06:32,970 - INFO - Successfully extracted 20 products.
2026-09-02 22:06:32,970 - INFO - Products found on page 1: 20
2026-09-02 22:06:32,970 - INFO - Matching products collected so far: 0
2026-09-02 22:06:32,986 - INFO - Scraping page 2: https://books.toscrape.com/catalogue/page-2.html
2026-09-02 22:06:34,706 - INFO - Request successful: 200 - https://books.toscrape.com/catalogue/page-2.html
2026-09-02 22:06:34,724 - INFO - HTML parsed successfully.
2026-09-02 22:06:34,725 - INFO - Product elements found: 20
2026-09-02 22:06:34,730 - INFO - Successfully extracted 20 products.
2026-09-02 22:06:34,730 - INFO - Products found on page 2: 20
2026-09-02 22:06:34,730 - INFO - Matching products collected so far: 0
2026-09-02 22:06:34,733 - INFO - Scraping page 3: https://books.toscrape.com/catalogue/page-3.html
2026-09-02 22:06:36,452 - INFO - Request successful: 200 - https://books.toscrape.com/catalogue/page-3.html
2026-09-02 22:06:36,497 - INFO - HTML parsed successfully.
2026-09-02 22:06:36,497 - INFO - Product elements found: 20
2026-09-02 22:06:36,508 - INFO - Successfully extracted 20 products.
2026-09-02 22:06:36,508 - INFO - Products found on page 3: 20
2026-09-02 22:06:36,508 - INFO - Matching products collected so far: 0
2026-09-02 22:06:36,508 - INFO - Scraping page 4: https://books.toscrape.com/catalogue/page-4.html
2026-09-02 22:06:38,235 - INFO - Request successful: 200 - https://books.toscrape.com/catalogue/page-4.html
2026-09-02 22:06:38,253 - INFO - HTML parsed successfully.
2026-09-02 22:06:38,253 - INFO - Product elements found: 20
2026-09-02 22:06:38,259 - INFO - Successfully extracted 20 products.
2026-09-02 22:06:38,259 - INFO - Products found on page 4: 20
2026-09-02 22:06:38,259 - INFO - Matching products collected so far: 0
2026-09-02 22:06:38,262 - INFO - Scraping page 5: https://books.toscrape.com/catalogue/page-5.html
2026-09-02 22:06:39,996 - INFO - Request successful: 200 - https://books.toscrape.com/catalogue/page-5.html
2026-09-02 22:06:40,012 - INFO - HTML parsed successfully.
2026-09-02 22:06:40,012 - INFO - Product elements found: 20
2026-09-02 22:06:40,012 - INFO - Successfully extracted 20 products.
2026-09-02 22:06:40,012 - INFO - Products found on page 5: 20
2026-09-02 22:06:40,012 - INFO - Matching products collected so far: 0
2026-09-02 22:06:40,012 - INFO - Scraping page 6: https://books.toscrape.com/catalogue/page-6.html
2026-09-02 22:06:41,734 - INFO - Request successful: 200 - https://books.toscrape.com/catalogue/page-6.html
2026-09-02 22:06:41,753 - INFO - HTML parsed successfully.
2026-09-02 22:06:41,753 - INFO - Product elements found: 20
2026-09-02 22:06:41,766 - INFO - Successfully extracted 20 products.
2026-09-02 22:06:41,766 - INFO - Products found on page 6: 20
2026-09-02 22:06:41,766 - INFO - Matching products collected so far: 0
2026-09-02 22:06:41,766 - INFO - Scraping page 7: https://books.toscrape.com/catalogue/page-7.html
2026-09-02 22:06:43,490 - INFO - Request successful: 200 - https://books.toscrape.com/catalogue/page-7.html
2026-09-02 22:06:43,512 - INFO - HTML parsed successfully.
2026-09-02 22:06:43,516 - INFO - Product elements found: 20
2026-09-02 22:06:43,522 - INFO - Successfully extracted 20 products.
2026-09-02 22:06:43,522 - INFO - Products found on page 7: 20
2026-09-02 22:06:43,522 - INFO - Matching products collected so far: 0
2026-09-02 22:06:43,524 - INFO - Scraping page 8: https://books.toscrape.com/catalogue/page-8.html
2026-09-02 22:06:45,249 - INFO - Request successful: 200 - https://books.toscrape.com/catalogue/page-8.html
2026-09-02 22:06:45,281 - INFO - HTML parsed successfully.
2026-09-02 22:06:45,281 - INFO - Product elements found: 20
2026-09-02 22:06:45,281 - INFO - Successfully extracted 20 products.
2026-09-02 22:06:45,281 - INFO - Products found on page 8: 20
2026-09-02 22:06:45,281 - INFO - Matching products collected so far: 0
2026-09-02 22:06:45,281 - INFO - Scraping page 9: https://books.toscrape.com/catalogue/page-9.html
2026-09-02 22:06:47,027 - INFO - Request successful: 200 - https://books.toscrape.com/catalogue/page-9.html
2026-09-02 22:06:47,044 - INFO - HTML parsed successfully.
2026-09-02 22:06:47,045 - INFO - Product elements found: 20
2026-09-02 22:06:47,051 - INFO - Successfully extracted 20 products.
2026-09-02 22:06:47,051 - INFO - Products found on page 9: 20
2026-09-02 22:06:47,051 - INFO - Matching products collected so far: 0
2026-09-02 22:06:47,053 - INFO - Scraping page 10: https://books.toscrape.com/catalogue/page-10.html
2026-09-02 22:06:48,771 - INFO - Request successful: 200 - https://books.toscrape.com/catalogue/page-10.html
2026-09-02 22:06:48,787 - INFO - HTML parsed successfully.
2026-09-02 22:06:48,787 - INFO - Product elements found: 20
2026-09-02 22:06:48,787 - INFO - Successfully extracted 20 products.
2026-09-02 22:06:48,787 - INFO - Products found on page 10: 20
2026-09-02 22:06:48,787 - INFO - Matching products collected so far: 0
2026-09-02 22:06:48,787 - INFO - Scraping page 11: https://books.toscrape.com/catalogue/page-11.html
2026-09-02 22:06:50,536 - INFO - Request successful: 200 - https://books.toscrape.com/catalogue/page-11.html
2026-09-02 22:06:50,552 - INFO - HTML parsed successfully.
2026-09-02 22:06:50,552 - INFO - Product elements found: 20
2026-09-02 22:06:50,552 - INFO - Successfully extracted 20 products.
2026-09-02 22:06:50,552 - INFO - Products found on page 11: 20
2026-09-02 22:06:50,552 - INFO - Matching products collected so far: 0
2026-09-02 22:06:50,552 - INFO - Scraping page 12: https://books.toscrape.com/catalogue/page-12.html
2026-09-02 22:06:52,292 - INFO - Request successful: 200 - https://books.toscrape.com/catalogue/page-12.html
2026-09-02 22:06:52,308 - INFO - HTML parsed successfully.
2026-09-02 22:06:52,308 - INFO - Product elements found: 20
2026-09-02 22:06:52,308 - INFO - Successfully extracted 20 products.
2026-09-02 22:06:52,308 - INFO - Products found on page 12: 20
2026-09-02 22:06:52,308 - INFO - Matching products collected so far: 0
2026-09-02 22:06:52,308 - INFO - Scraping page 13: https://books.toscrape.com/catalogue/page-13.html
2026-09-02 22:06:54,051 - INFO - Request successful: 200 - https://books.toscrape.com/catalogue/page-13.html
2026-09-02 22:06:54,066 - INFO - HTML parsed successfully.
2026-09-02 22:06:54,066 - INFO - Product elements found: 20
2026-09-02 22:06:54,072 - INFO - Successfully extracted 20 products.
2026-09-02 22:06:54,072 - INFO - Products found on page 13: 20
2026-09-02 22:06:54,072 - INFO - Matching products collected so far: 0
2026-09-02 22:06:54,072 - INFO - Scraping page 14: https://books.toscrape.com/catalogue/page-14.html
2026-09-02 22:06:55,800 - INFO - Request successful: 200 - https://books.toscrape.com/catalogue/page-14.html
2026-09-02 22:06:55,816 - INFO - HTML parsed successfully.
2026-09-02 22:06:55,816 - INFO - Product elements found: 20
2026-09-02 22:06:55,816 - INFO - Successfully extracted 20 products.
2026-09-02 22:06:55,816 - INFO - Products found on page 14: 20
2026-09-02 22:06:55,816 - INFO - Matching products collected so far: 0
2026-09-02 22:06:55,816 - INFO - Scraping page 15: https://books.toscrape.com/catalogue/page-15.html
2026-09-02 22:06:57,546 - INFO - Request successful: 200 - https://books.toscrape.com/catalogue/page-15.html
2026-09-02 22:06:57,564 - INFO - HTML parsed successfully.
2026-09-02 22:06:57,565 - INFO - Product elements found: 20
2026-09-02 22:06:57,571 - INFO - Successfully extracted 20 products.
2026-09-02 22:06:57,571 - INFO - Products found on page 15: 20
2026-09-02 22:06:57,571 - INFO - Matching products collected so far: 0
2026-09-02 22:06:57,574 - INFO - Scraping page 16: https://books.toscrape.com/catalogue/page-16.html
2026-09-02 22:06:59,288 - INFO - Request successful: 200 - https://books.toscrape.com/catalogue/page-16.html
2026-09-02 22:06:59,305 - INFO - HTML parsed successfully.
2026-09-02 22:06:59,305 - INFO - Product elements found: 20
2026-09-02 22:06:59,305 - INFO - Successfully extracted 20 products.
2026-09-02 22:06:59,305 - INFO - Products found on page 16: 20
2026-09-02 22:06:59,305 - INFO - Matching products collected so far: 0
2026-09-02 22:06:59,321 - INFO - Scraping page 17: https://books.toscrape.com/catalogue/page-17.html
2026-09-02 22:07:01,037 - INFO - Request successful: 200 - https://books.toscrape.com/catalogue/page-17.html
2026-09-02 22:07:01,055 - INFO - HTML parsed successfully.
2026-09-02 22:07:01,060 - INFO - Product elements found: 20
2026-09-02 22:07:01,060 - INFO - Successfully extracted 20 products.
2026-09-02 22:07:01,060 - INFO - Products found on page 17: 20
2026-09-02 22:07:01,065 - INFO - Matching products collected so far: 0
2026-09-02 22:07:01,066 - INFO - Scraping page 18: https://books.toscrape.com/catalogue/page-18.html
2026-09-02 22:07:02,796 - INFO - Request successful: 200 - https://books.toscrape.com/catalogue/page-18.html
2026-09-02 22:07:02,812 - INFO - HTML parsed successfully.
2026-09-02 22:07:02,812 - INFO - Product elements found: 20
2026-09-02 22:07:02,812 - INFO - Successfully extracted 20 products.
2026-09-02 22:07:02,812 - INFO - Products found on page 18: 20
2026-09-02 22:07:02,812 - INFO - Matching products collected so far: 0
2026-09-02 22:07:02,812 - INFO - Scraping page 19: https://books.toscrape.com/catalogue/page-19.html
2026-09-02 22:07:04,553 - INFO - Request successful: 200 - https://books.toscrape.com/catalogue/page-19.html
2026-09-02 22:07:04,570 - INFO - HTML parsed successfully.
2026-09-02 22:07:04,570 - INFO - Product elements found: 20
2026-09-02 22:07:04,576 - INFO - Successfully extracted 20 products.
2026-09-02 22:07:04,576 - INFO - Products found on page 19: 20
2026-09-02 22:07:04,576 - INFO - Matching products collected so far: 0
2026-09-02 22:07:04,578 - INFO - Scraping page 20: https://books.toscrape.com/catalogue/page-20.html
2026-09-02 22:07:06,304 - INFO - Request successful: 200 - https://books.toscrape.com/catalogue/page-20.html
2026-09-02 22:07:06,320 - INFO - HTML parsed successfully.
2026-09-02 22:07:06,320 - INFO - Product elements found: 20
2026-09-02 22:07:06,320 - INFO - Successfully extracted 20 products.
2026-09-02 22:07:06,320 - INFO - Products found on page 20: 20
2026-09-02 22:07:06,320 - INFO - Matching products collected so far: 0
2026-09-02 22:07:06,329 - INFO - Scraping page 21: https://books.toscrape.com/catalogue/page-21.html
2026-09-02 22:07:08,067 - INFO - Request successful: 200 - https://books.toscrape.com/catalogue/page-21.html
2026-09-02 22:07:08,135 - INFO - HTML parsed successfully.
2026-09-02 22:07:08,135 - INFO - Product elements found: 20
2026-09-02 22:07:08,135 - INFO - Successfully extracted 20 products.
2026-09-02 22:07:08,135 - INFO - Products found on page 21: 20
2026-09-02 22:07:08,135 - INFO - Matching products collected so far: 0
2026-09-02 22:07:08,135 - INFO - Scraping page 22: https://books.toscrape.com/catalogue/page-22.html
2026-09-02 22:07:09,880 - INFO - Request successful: 200 - https://books.toscrape.com/catalogue/page-22.html
2026-09-02 22:07:09,897 - INFO - HTML parsed successfully.
2026-09-02 22:07:09,905 - INFO - Product elements found: 20
2026-09-02 22:07:09,911 - INFO - Successfully extracted 20 products.
2026-09-02 22:07:09,911 - INFO - Products found on page 22: 20
2026-09-02 22:07:09,911 - INFO - Matching products collected so far: 0
2026-09-02 22:07:09,911 - INFO - Scraping page 23: https://books.toscrape.com/catalogue/page-23.html
2026-09-02 22:07:11,643 - INFO - Request successful: 200 - https://books.toscrape.com/catalogue/page-23.html
2026-09-02 22:07:11,649 - INFO - HTML parsed successfully.
2026-09-02 22:07:11,649 - INFO - Product elements found: 20
2026-09-02 22:07:11,665 - INFO - Successfully extracted 20 products.
2026-09-02 22:07:11,665 - INFO - Products found on page 23: 20
2026-09-02 22:07:11,665 - INFO - Matching products collected so far: 0
2026-09-02 22:07:11,670 - INFO - Scraping page 24: https://books.toscrape.com/catalogue/page-24.html
2026-09-02 22:07:13,416 - INFO - Request successful: 200 - https://books.toscrape.com/catalogue/page-24.html
2026-09-02 22:07:13,432 - INFO - HTML parsed successfully.
2026-09-02 22:07:13,432 - INFO - Product elements found: 20
2026-09-02 22:07:13,432 - INFO - Successfully extracted 20 products.
2026-09-02 22:07:13,432 - INFO - Products found on page 24: 20
2026-09-02 22:07:13,432 - INFO - Matching products collected so far: 0
2026-09-02 22:07:13,432 - INFO - Scraping page 25: https://books.toscrape.com/catalogue/page-25.html
2026-09-02 22:07:15,167 - INFO - Request successful: 200 - https://books.toscrape.com/catalogue/page-25.html
2026-09-02 22:07:15,189 - INFO - HTML parsed successfully.
2026-09-02 22:07:15,189 - INFO - Product elements found: 20
2026-09-02 22:07:15,189 - INFO - Successfully extracted 20 products.
2026-09-02 22:07:15,189 - INFO - Products found on page 25: 20
2026-09-02 22:07:15,189 - INFO - Matching products collected so far: 0
2026-09-02 22:07:15,189 - INFO - Scraping page 26: https://books.toscrape.com/catalogue/page-26.html
2026-09-02 22:07:16,931 - INFO - Request successful: 200 - https://books.toscrape.com/catalogue/page-26.html
2026-09-02 22:07:16,946 - INFO - HTML parsed successfully.
2026-09-02 22:07:16,946 - INFO - Product elements found: 20
2026-09-02 22:07:16,946 - INFO - Successfully extracted 20 products.
2026-09-02 22:07:16,946 - INFO - Products found on page 26: 20
2026-09-02 22:07:16,946 - INFO - Matching products collected so far: 0
2026-09-02 22:07:16,946 - INFO - Scraping page 27: https://books.toscrape.com/catalogue/page-27.html
2026-09-02 22:07:18,699 - INFO - Request successful: 200 - https://books.toscrape.com/catalogue/page-27.html
2026-09-02 22:07:18,715 - INFO - HTML parsed successfully.
2026-09-02 22:07:18,715 - INFO - Product elements found: 20
2026-09-02 22:07:18,715 - INFO - Successfully extracted 20 products.
2026-09-02 22:07:18,715 - INFO - Products found on page 27: 20
2026-09-02 22:07:18,715 - INFO - Matching products collected so far: 0
2026-09-02 22:07:18,715 - INFO - Scraping page 28: https://books.toscrape.com/catalogue/page-28.html
2026-09-02 22:07:20,447 - INFO - Request successful: 200 - https://books.toscrape.com/catalogue/page-28.html
2026-09-02 22:07:20,467 - INFO - HTML parsed successfully.
2026-09-02 22:07:20,469 - INFO - Product elements found: 20
2026-09-02 22:07:20,469 - INFO - Successfully extracted 20 products.
2026-09-02 22:07:20,469 - INFO - Products found on page 28: 20
2026-09-02 22:07:20,469 - INFO - Matching products collected so far: 0
2026-09-02 22:07:20,469 - INFO - Scraping page 29: https://books.toscrape.com/catalogue/page-29.html
2026-09-02 22:07:22,208 - INFO - Request successful: 200 - https://books.toscrape.com/catalogue/page-29.html
2026-09-02 22:07:22,220 - INFO - HTML parsed successfully.
2026-09-02 22:07:22,220 - INFO - Product elements found: 20
2026-09-02 22:07:22,220 - INFO - Successfully extracted 20 products.
2026-09-02 22:07:22,220 - INFO - Products found on page 29: 20
2026-09-02 22:07:22,220 - INFO - Matching products collected so far: 0
2026-09-02 22:07:22,235 - INFO - Scraping page 30: https://books.toscrape.com/catalogue/page-30.html
2026-09-02 22:07:23,971 - INFO - Request successful: 200 - https://books.toscrape.com/catalogue/page-30.html
2026-09-02 22:07:23,987 - INFO - HTML parsed successfully.
2026-09-02 22:07:23,987 - INFO - Product elements found: 20
2026-09-02 22:07:23,990 - INFO - Successfully extracted 20 products.
2026-09-02 22:07:23,990 - INFO - Products found on page 30: 20
2026-09-02 22:07:23,990 - INFO - Matching products collected so far: 0
2026-09-02 22:07:23,990 - INFO - Scraping page 31: https://books.toscrape.com/catalogue/page-31.html
2026-09-02 22:07:25,731 - INFO - Request successful: 200 - https://books.toscrape.com/catalogue/page-31.html
2026-09-02 22:07:25,747 - INFO - HTML parsed successfully.
2026-09-02 22:07:25,747 - INFO - Product elements found: 20
2026-09-02 22:07:25,764 - INFO - Successfully extracted 20 products.
2026-09-02 22:07:25,764 - INFO - Products found on page 31: 20
2026-09-02 22:07:25,764 - INFO - Matching products collected so far: 0
2026-09-02 22:07:25,764 - INFO - Scraping page 32: https://books.toscrape.com/catalogue/page-32.html
2026-09-02 22:07:27,483 - INFO - Request successful: 200 - https://books.toscrape.com/catalogue/page-32.html
2026-09-02 22:07:27,497 - INFO - HTML parsed successfully.
2026-09-02 22:07:27,512 - INFO - Product elements found: 20
2026-09-02 22:07:27,512 - INFO - Successfully extracted 20 products.
2026-09-02 22:07:27,512 - INFO - Products found on page 32: 20
2026-09-02 22:07:27,512 - INFO - Matching products collected so far: 0
2026-09-02 22:07:27,520 - INFO - Scraping page 33: https://books.toscrape.com/catalogue/page-33.html
2026-09-02 22:07:29,238 - INFO - Request successful: 200 - https://books.toscrape.com/catalogue/page-33.html
2026-09-02 22:07:29,254 - INFO - HTML parsed successfully.
2026-09-02 22:07:29,254 - INFO - Product elements found: 20
2026-09-02 22:07:29,274 - INFO - Successfully extracted 20 products.
2026-09-02 22:07:29,274 - INFO - Products found on page 33: 20
2026-09-02 22:07:29,276 - INFO - Matching products collected so far: 0
2026-09-02 22:07:29,282 - INFO - Scraping page 34: https://books.toscrape.com/catalogue/page-34.html
2026-09-02 22:07:31,001 - INFO - Request successful: 200 - https://books.toscrape.com/catalogue/page-34.html
2026-09-02 22:07:31,031 - INFO - HTML parsed successfully.
2026-09-02 22:07:31,033 - INFO - Product elements found: 20
2026-09-02 22:07:31,037 - INFO - Successfully extracted 20 products.
2026-09-02 22:07:31,037 - INFO - Products found on page 34: 20
2026-09-02 22:07:31,037 - INFO - Matching products collected so far: 0
2026-09-02 22:07:31,041 - INFO - Scraping page 35: https://books.toscrape.com/catalogue/page-35.html
2026-09-02 22:07:32,765 - INFO - Request successful: 200 - https://books.toscrape.com/catalogue/page-35.html
2026-09-02 22:07:32,780 - INFO - HTML parsed successfully.
2026-09-02 22:07:32,780 - INFO - Product elements found: 20
2026-09-02 22:07:32,780 - INFO - Successfully extracted 20 products.
2026-09-02 22:07:32,780 - INFO - Products found on page 35: 20
2026-09-02 22:07:32,780 - INFO - Matching products collected so far: 0
2026-09-02 22:07:32,780 - INFO - Scraping page 36: https://books.toscrape.com/catalogue/page-36.html
2026-09-02 22:07:34,510 - INFO - Request successful: 200 - https://books.toscrape.com/catalogue/page-36.html
2026-09-02 22:07:34,524 - INFO - HTML parsed successfully.
2026-09-02 22:07:34,524 - INFO - Product elements found: 20
2026-09-02 22:07:34,524 - INFO - Successfully extracted 20 products.
2026-09-02 22:07:34,524 - INFO - Products found on page 36: 20
2026-09-02 22:07:34,524 - INFO - Matching products collected so far: 0
2026-09-02 22:07:34,524 - INFO - Scraping page 37: https://books.toscrape.com/catalogue/page-37.html
2026-09-02 22:07:36,247 - INFO - Request successful: 200 - https://books.toscrape.com/catalogue/page-37.html
2026-09-02 22:07:36,263 - INFO - HTML parsed successfully.
2026-09-02 22:07:36,263 - INFO - Product elements found: 20
2026-09-02 22:07:36,279 - INFO - Successfully extracted 20 products.
2026-09-02 22:07:36,279 - INFO - Products found on page 37: 20
2026-09-02 22:07:36,279 - INFO - Matching products collected so far: 0
2026-09-02 22:07:36,279 - INFO - Scraping page 38: https://books.toscrape.com/catalogue/page-38.html
2026-09-02 22:07:38,003 - INFO - Request successful: 200 - https://books.toscrape.com/catalogue/page-38.html
2026-09-02 22:07:38,020 - INFO - HTML parsed successfully.
2026-09-02 22:07:38,020 - INFO - Product elements found: 20
2026-09-02 22:07:38,033 - INFO - Successfully extracted 20 products.
2026-09-02 22:07:38,033 - INFO - Products found on page 38: 20
2026-09-02 22:07:38,033 - INFO - Matching products collected so far: 0
2026-09-02 22:07:38,033 - INFO - Scraping page 39: https://books.toscrape.com/catalogue/page-39.html
2026-09-02 22:07:39,745 - INFO - Request successful: 200 - https://books.toscrape.com/catalogue/page-39.html
2026-09-02 22:07:39,773 - INFO - HTML parsed successfully.
2026-09-02 22:07:39,773 - INFO - Product elements found: 20
2026-09-02 22:07:39,781 - INFO - Successfully extracted 20 products.
2026-09-02 22:07:39,781 - INFO - Products found on page 39: 20
2026-09-02 22:07:39,781 - INFO - Matching products collected so far: 0
2026-09-02 22:07:39,782 - INFO - Scraping page 40: https://books.toscrape.com/catalogue/page-40.html
2026-09-02 22:07:41,515 - INFO - Request successful: 200 - https://books.toscrape.com/catalogue/page-40.html
2026-09-02 22:07:41,531 - INFO - HTML parsed successfully.
2026-09-02 22:07:41,531 - INFO - Product elements found: 20
2026-09-02 22:07:41,531 - INFO - Successfully extracted 20 products.
2026-09-02 22:07:41,531 - INFO - Products found on page 40: 20
2026-09-02 22:07:41,531 - INFO - Matching products collected so far: 0
2026-09-02 22:07:41,531 - INFO - Scraping page 41: https://books.toscrape.com/catalogue/page-41.html
2026-09-02 22:07:43,259 - INFO - Request successful: 200 - https://books.toscrape.com/catalogue/page-41.html
2026-09-02 22:07:43,275 - INFO - HTML parsed successfully.
2026-09-02 22:07:43,275 - INFO - Product elements found: 20
2026-09-02 22:07:43,275 - INFO - Successfully extracted 20 products.
2026-09-02 22:07:43,275 - INFO - Products found on page 41: 20
2026-09-02 22:07:43,275 - INFO - Matching products collected so far: 0
2026-09-02 22:07:43,291 - INFO - Scraping page 42: https://books.toscrape.com/catalogue/page-42.html
2026-09-02 22:07:45,013 - INFO - Request successful: 200 - https://books.toscrape.com/catalogue/page-42.html
2026-09-02 22:07:45,025 - INFO - HTML parsed successfully.
2026-09-02 22:07:45,025 - INFO - Product elements found: 20
2026-09-02 22:07:45,037 - INFO - Successfully extracted 20 products.
2026-09-02 22:07:45,037 - INFO - Products found on page 42: 20
2026-09-02 22:07:45,037 - INFO - Matching products collected so far: 0
2026-09-02 22:07:45,040 - INFO - Scraping page 43: https://books.toscrape.com/catalogue/page-43.html
2026-09-02 22:07:46,760 - INFO - Request successful: 200 - https://books.toscrape.com/catalogue/page-43.html
2026-09-02 22:07:46,843 - INFO - HTML parsed successfully.
2026-09-02 22:07:46,845 - INFO - Product elements found: 20
2026-09-02 22:07:46,850 - INFO - Successfully extracted 20 products.
2026-09-02 22:07:46,850 - INFO - Products found on page 43: 20
2026-09-02 22:07:46,850 - INFO - Matching products collected so far: 0
2026-09-02 22:07:46,852 - INFO - Scraping page 44: https://books.toscrape.com/catalogue/page-44.html
2026-09-02 22:07:48,578 - INFO - Request successful: 200 - https://books.toscrape.com/catalogue/page-44.html
2026-09-02 22:07:48,593 - INFO - HTML parsed successfully.
2026-09-02 22:07:48,607 - INFO - Product elements found: 20
2026-09-02 22:07:48,611 - INFO - Successfully extracted 20 products.
2026-09-02 22:07:48,611 - INFO - Products found on page 44: 20
2026-09-02 22:07:48,611 - INFO - Matching products collected so far: 0
2026-09-02 22:07:48,611 - INFO - Scraping page 45: https://books.toscrape.com/catalogue/page-45.html
2026-09-02 22:07:50,323 - INFO - Request successful: 200 - https://books.toscrape.com/catalogue/page-45.html
2026-09-02 22:07:50,354 - INFO - HTML parsed successfully.
2026-09-02 22:07:50,354 - INFO - Product elements found: 20
2026-09-02 22:07:50,354 - INFO - Successfully extracted 20 products.
2026-09-02 22:07:50,354 - INFO - Products found on page 45: 20
2026-09-02 22:07:50,354 - INFO - Matching products collected so far: 0
2026-09-02 22:07:50,354 - INFO - Scraping page 46: https://books.toscrape.com/catalogue/page-46.html
2026-09-02 22:07:52,100 - INFO - Request successful: 200 - https://books.toscrape.com/catalogue/page-46.html
2026-09-02 22:07:52,116 - INFO - HTML parsed successfully.
2026-09-02 22:07:52,116 - INFO - Product elements found: 20
2026-09-02 22:07:52,116 - INFO - Successfully extracted 20 products.
2026-09-02 22:07:52,116 - INFO - Products found on page 46: 20
2026-09-02 22:07:52,116 - INFO - Matching products collected so far: 0
2026-09-02 22:07:52,116 - INFO - Scraping page 47: https://books.toscrape.com/catalogue/page-47.html
2026-09-02 22:07:53,855 - INFO - Request successful: 200 - https://books.toscrape.com/catalogue/page-47.html
2026-09-02 22:07:53,872 - INFO - HTML parsed successfully.
2026-09-02 22:07:53,877 - INFO - Product elements found: 20
2026-09-02 22:07:53,877 - INFO - Successfully extracted 20 products.
2026-09-02 22:07:53,877 - INFO - Products found on page 47: 20
2026-09-02 22:07:53,877 - INFO - Matching products collected so far: 0
2026-09-02 22:07:53,877 - INFO - Scraping page 48: https://books.toscrape.com/catalogue/page-48.html
2026-09-02 22:07:55,608 - INFO - Request successful: 200 - https://books.toscrape.com/catalogue/page-48.html
2026-09-02 22:07:55,624 - INFO - HTML parsed successfully.
2026-09-02 22:07:55,624 - INFO - Product elements found: 20
2026-09-02 22:07:55,624 - INFO - Successfully extracted 20 products.
2026-09-02 22:07:55,624 - INFO - Products found on page 48: 20
2026-09-02 22:07:55,624 - INFO - Matching products collected so far: 0
2026-09-02 22:07:55,624 - INFO - Scraping page 49: https://books.toscrape.com/catalogue/page-49.html
2026-09-02 22:07:57,353 - INFO - Request successful: 200 - https://books.toscrape.com/catalogue/page-49.html
2026-09-02 22:07:57,371 - INFO - HTML parsed successfully.
2026-09-02 22:07:57,371 - INFO - Product elements found: 20
2026-09-02 22:07:57,371 - INFO - Successfully extracted 20 products.
2026-09-02 22:07:57,371 - INFO - Products found on page 49: 20
2026-09-02 22:07:57,371 - INFO - Matching products collected so far: 0
2026-09-02 22:07:57,371 - INFO - Scraping page 50: https://books.toscrape.com/catalogue/page-50.html
2026-09-02 22:07:59,093 - INFO - Request successful: 200 - https://books.toscrape.com/catalogue/page-50.html
2026-09-02 22:07:59,120 - INFO - HTML parsed successfully.
2026-09-02 22:07:59,122 - INFO - Product elements found: 20
2026-09-02 22:07:59,127 - INFO - Successfully extracted 20 products.
2026-09-02 22:07:59,127 - INFO - Products found on page 50: 20
2026-09-02 22:07:59,127 - INFO - Matching products collected so far: 0
2026-09-02 22:07:59,130 - INFO - No next page found.
2026-09-02 22:07:59,130 - INFO - Search filtering completed. Matching products: 0
2026-09-02 22:07:59,130 - INFO - Search completed. Products collected: 0
2026-09-02 22:07:59,130 - INFO - Scraping completed. Total products collected: 0
2026-09-02 22:07:59,130 - WARNING - No products were collected.
2026-09-02 22:10:32,842 - INFO - Scraper started. Maximum products: 1
2026-09-02 22:10:32,842 - INFO - Selected scraper: BooksToScrapeScraper
2026-09-02 22:10:32,842 - INFO - Searching for products with query: 'light'
2026-09-02 22:10:32,842 - INFO - Scraping page 1: https://books.toscrape.com/
2026-09-02 22:10:35,258 - INFO - Request successful: 200 - https://books.toscrape.com/
2026-09-02 22:10:35,275 - INFO - HTML parsed successfully.
2026-09-02 22:10:35,275 - INFO - Product elements found: 20
2026-09-02 22:10:35,284 - INFO - Successfully extracted 20 products.
2026-09-02 22:10:35,284 - INFO - Products found on page 1: 20
2026-09-02 22:10:35,284 - INFO - Product matched query: A Light in the Attic
2026-09-02 22:10:35,284 - INFO - Matching products collected so far: 1
2026-09-02 22:10:35,284 - INFO - Search filtering completed. Matching products: 1
2026-09-02 22:10:35,284 - INFO - Fetching product details: https://books.toscrape.com/catalogue/a-light-in-the-attic_1000/index.html
2026-09-02 22:10:36,541 - INFO - Request successful: 200 - https://books.toscrape.com/catalogue/a-light-in-the-attic_1000/index.html
2026-09-02 22:10:36,594 - INFO - HTML parsed successfully.
2026-09-02 22:10:36,595 - INFO - Product details extracted successfully.
2026-09-02 22:10:36,595 - INFO - Search completed. Products collected: 1
2026-09-02 22:10:36,595 - INFO - Scraping completed. Total products collected: 1
2026-09-02 22:10:36,596 - INFO - All required columns are present.
2026-09-02 22:10:36,603 - INFO - Data cleaning completed. Final records: 1
2026-09-02 22:10:36,781 - INFO - Data exported successfully. CSV: output/products.csv, Excel: output/products.xlsx
2026-09-02 22:10:39,420 - INFO - Scraper completed successfully. Total products processed: 1
2026-09-02 22:10:52,081 - INFO - Scraper started. Maximum products: 1
2026-09-02 22:10:52,081 - INFO - Selected scraper: BooksToScrapeScraper
2026-09-02 22:10:52,081 - INFO - Searching for products with query: 'flight'
2026-09-02 22:10:52,081 - INFO - Scraping page 1: https://books.toscrape.com/
2026-09-02 22:10:54,482 - INFO - Request successful: 200 - https://books.toscrape.com/
2026-09-02 22:10:54,500 - INFO - HTML parsed successfully.
2026-09-02 22:10:54,505 - INFO - Product elements found: 20
2026-09-02 22:10:54,510 - INFO - Successfully extracted 20 products.
2026-09-02 22:10:54,510 - INFO - Products found on page 1: 20
2026-09-02 22:10:54,510 - INFO - Matching products collected so far: 0
2026-09-02 22:10:54,510 - INFO - Scraping page 2: https://books.toscrape.com/catalogue/page-2.html
2026-09-02 22:10:56,232 - INFO - Request successful: 200 - https://books.toscrape.com/catalogue/page-2.html
2026-09-02 22:10:56,250 - INFO - HTML parsed successfully.
2026-09-02 22:10:56,251 - INFO - Product elements found: 20
2026-09-02 22:10:56,257 - INFO - Successfully extracted 20 products.
2026-09-02 22:10:56,257 - INFO - Products found on page 2: 20
2026-09-02 22:10:56,257 - INFO - Matching products collected so far: 0
2026-09-02 22:10:56,259 - INFO - Scraping page 3: https://books.toscrape.com/catalogue/page-3.html
2026-09-02 22:10:57,974 - INFO - Request successful: 200 - https://books.toscrape.com/catalogue/page-3.html
2026-09-02 22:10:58,007 - INFO - HTML parsed successfully.
2026-09-02 22:10:58,007 - INFO - Product elements found: 20
2026-09-02 22:10:58,025 - INFO - Successfully extracted 20 products.
2026-09-02 22:10:58,025 - INFO - Products found on page 3: 20
2026-09-02 22:10:58,025 - INFO - Matching products collected so far: 0
2026-09-02 22:10:58,026 - INFO - Scraping page 4: https://books.toscrape.com/catalogue/page-4.html
2026-09-02 22:10:59,754 - INFO - Request successful: 200 - https://books.toscrape.com/catalogue/page-4.html
2026-09-02 22:10:59,771 - INFO - HTML parsed successfully.
2026-09-02 22:10:59,773 - INFO - Product elements found: 20
2026-09-02 22:10:59,778 - INFO - Successfully extracted 20 products.
2026-09-02 22:10:59,778 - INFO - Products found on page 4: 20
2026-09-02 22:10:59,778 - INFO - Matching products collected so far: 0
2026-09-02 22:10:59,781 - INFO - Scraping page 5: https://books.toscrape.com/catalogue/page-5.html
2026-09-02 22:11:01,286 - INFO - Request successful: 200 - https://books.toscrape.com/catalogue/page-5.html
2026-09-02 22:11:01,305 - INFO - HTML parsed successfully.
2026-09-02 22:11:01,306 - INFO - Product elements found: 20
2026-09-02 22:11:01,311 - INFO - Successfully extracted 20 products.
2026-09-02 22:11:01,311 - INFO - Products found on page 5: 20
2026-09-02 22:11:01,311 - INFO - Matching products collected so far: 0
2026-09-02 22:11:01,311 - INFO - Scraping page 6: https://books.toscrape.com/catalogue/page-6.html
2026-09-02 22:11:02,803 - INFO - Request successful: 200 - https://books.toscrape.com/catalogue/page-6.html
2026-09-02 22:11:02,826 - INFO - HTML parsed successfully.
2026-09-02 22:11:02,826 - INFO - Product elements found: 20
2026-09-02 22:11:02,831 - INFO - Successfully extracted 20 products.
2026-09-02 22:11:02,831 - INFO - Products found on page 6: 20
2026-09-02 22:11:02,831 - INFO - Matching products collected so far: 0
2026-09-02 22:11:02,831 - INFO - Scraping page 7: https://books.toscrape.com/catalogue/page-7.html
2026-09-02 22:11:04,318 - INFO - Request successful: 200 - https://books.toscrape.com/catalogue/page-7.html
2026-09-02 22:11:04,333 - INFO - HTML parsed successfully.
2026-09-02 22:11:04,333 - INFO - Product elements found: 20
2026-09-02 22:11:04,347 - INFO - Successfully extracted 20 products.
2026-09-02 22:11:04,347 - INFO - Products found on page 7: 20
2026-09-02 22:11:04,347 - INFO - Product matched query: A Flight of Arrows (The Pathfinders #2)
2026-09-02 22:11:04,347 - INFO - Matching products collected so far: 1
2026-09-02 22:11:04,347 - INFO - Search filtering completed. Matching products: 1
2026-09-02 22:11:04,347 - INFO - Fetching product details: https://books.toscrape.com/a-flight-of-arrows-the-pathfinders-2_876/index.html
2026-09-02 22:11:05,587 - ERROR - HTTP error: 404 Client Error: Not Found for url: https://books.toscrape.com/a-flight-of-arrows-the-pathfinders-2_876/index.html
2026-09-02 22:11:05,587 - ERROR - Failed to fetch product page: https://books.toscrape.com/a-flight-of-arrows-the-pathfinders-2_876/index.html
2026-09-02 22:11:05,587 - INFO - Search completed. Products collected: 1
2026-09-02 22:11:05,587 - INFO - Scraping completed. Total products collected: 1
2026-09-02 22:11:05,590 - INFO - All required columns are present.
2026-09-02 22:11:05,599 - INFO - Data cleaning completed. Final records: 1
2026-09-02 22:11:05,757 - INFO - Data exported successfully. CSV: output/products.csv, Excel: output/products.xlsx
2026-09-02 22:11:11,953 - INFO - Scraper completed successfully. Total products processed: 1
2026-09-02 22:15:00,961 - INFO - Scraper started. Maximum products: 1
2026-09-02 22:15:00,961 - INFO - Selected scraper: BooksToScrapeScraper
2026-09-02 22:15:00,961 - INFO - Searching for products with query: 'light'
2026-09-02 22:15:00,961 - INFO - Scraping page 1: https://books.toscrape.com/
2026-09-02 22:15:03,455 - INFO - Request successful: 200 - https://books.toscrape.com/
2026-09-02 22:15:03,471 - INFO - HTML parsed successfully.
2026-09-02 22:15:03,471 - INFO - Product elements found: 20
2026-09-02 22:15:03,471 - INFO - Successfully extracted 20 products.
2026-09-02 22:15:03,471 - INFO - Products found on page 1: 20
2026-09-02 22:15:03,471 - INFO - Product matched query: A Light in the Attic
2026-09-02 22:15:03,471 - INFO - Matching products collected so far: 1
2026-09-02 22:15:03,471 - INFO - Search filtering completed. Matching products: 1
2026-09-02 22:15:03,471 - INFO - Fetching product details: https://books.toscrape.com/catalogue/a-light-in-the-attic_1000/index.html
2026-09-02 22:15:04,738 - INFO - Request successful: 200 - https://books.toscrape.com/catalogue/a-light-in-the-attic_1000/index.html
2026-09-02 22:15:04,770 - INFO - HTML parsed successfully.
2026-09-02 22:15:04,770 - INFO - Product details extracted successfully.
2026-09-02 22:15:04,770 - INFO - Search completed. Products collected: 1
2026-09-02 22:15:04,770 - INFO - Scraping completed. Total products collected: 1
2026-09-02 22:15:04,770 - INFO - All required columns are present.
2026-09-02 22:15:04,793 - INFO - Data cleaning completed. Final records: 1
2026-09-02 22:15:04,961 - INFO - Data exported successfully. CSV: output/products.csv, Excel: output/products.xlsx
2026-09-02 22:15:06,951 - INFO - Scraper completed successfully. Total products processed: 1
2026-09-02 22:15:12,472 - INFO - Scraper started. Maximum products: 1
2026-09-02 22:15:12,472 - INFO - Selected scraper: BooksToScrapeScraper
2026-09-02 22:15:12,472 - INFO - Searching for products with query: 'flight'
2026-09-02 22:15:12,472 - INFO - Scraping page 1: https://books.toscrape.com/
2026-09-02 22:15:14,867 - INFO - Request successful: 200 - https://books.toscrape.com/
2026-09-02 22:15:14,886 - INFO - HTML parsed successfully.
2026-09-02 22:15:14,890 - INFO - Product elements found: 20
2026-09-02 22:15:14,898 - INFO - Successfully extracted 20 products.
2026-09-02 22:15:14,898 - INFO - Products found on page 1: 20
2026-09-02 22:15:14,898 - INFO - Matching products collected so far: 0
2026-09-02 22:15:14,902 - INFO - Scraping page 2: https://books.toscrape.com/catalogue/page-2.html
2026-09-02 22:15:16,620 - INFO - Request successful: 200 - https://books.toscrape.com/catalogue/page-2.html
2026-09-02 22:15:16,637 - INFO - HTML parsed successfully.
2026-09-02 22:15:16,638 - INFO - Product elements found: 20
2026-09-02 22:15:16,643 - INFO - Successfully extracted 20 products.
2026-09-02 22:15:16,643 - INFO - Products found on page 2: 20
2026-09-02 22:15:16,643 - INFO - Matching products collected so far: 0
2026-09-02 22:15:16,647 - INFO - Scraping page 3: https://books.toscrape.com/catalogue/page-3.html
2026-09-02 22:15:18,377 - INFO - Request successful: 200 - https://books.toscrape.com/catalogue/page-3.html
2026-09-02 22:15:18,416 - INFO - HTML parsed successfully.
2026-09-02 22:15:18,416 - INFO - Product elements found: 20
2026-09-02 22:15:18,422 - INFO - Successfully extracted 20 products.
2026-09-02 22:15:18,422 - INFO - Products found on page 3: 20
2026-09-02 22:15:18,422 - INFO - Matching products collected so far: 0
2026-09-02 22:15:18,422 - INFO - Scraping page 4: https://books.toscrape.com/catalogue/page-4.html
2026-09-02 22:15:20,149 - INFO - Request successful: 200 - https://books.toscrape.com/catalogue/page-4.html
2026-09-02 22:15:20,165 - INFO - HTML parsed successfully.
2026-09-02 22:15:20,166 - INFO - Product elements found: 20
2026-09-02 22:15:20,172 - INFO - Successfully extracted 20 products.
2026-09-02 22:15:20,172 - INFO - Products found on page 4: 20
2026-09-02 22:15:20,172 - INFO - Matching products collected so far: 0
2026-09-02 22:15:20,174 - INFO - Scraping page 5: https://books.toscrape.com/catalogue/page-5.html
2026-09-02 22:15:21,665 - INFO - Request successful: 200 - https://books.toscrape.com/catalogue/page-5.html
2026-09-02 22:15:21,680 - INFO - HTML parsed successfully.
2026-09-02 22:15:21,680 - INFO - Product elements found: 20
2026-09-02 22:15:21,686 - INFO - Successfully extracted 20 products.
2026-09-02 22:15:21,686 - INFO - Products found on page 5: 20
2026-09-02 22:15:21,686 - INFO - Matching products collected so far: 0
2026-09-02 22:15:21,686 - INFO - Scraping page 6: https://books.toscrape.com/catalogue/page-6.html
2026-09-02 22:15:23,169 - INFO - Request successful: 200 - https://books.toscrape.com/catalogue/page-6.html
2026-09-02 22:15:23,185 - INFO - HTML parsed successfully.
2026-09-02 22:15:23,185 - INFO - Product elements found: 20
2026-09-02 22:15:23,202 - INFO - Successfully extracted 20 products.
2026-09-02 22:15:23,202 - INFO - Products found on page 6: 20
2026-09-02 22:15:23,202 - INFO - Matching products collected so far: 0
2026-09-02 22:15:23,202 - INFO - Scraping page 7: https://books.toscrape.com/catalogue/page-7.html
2026-09-02 22:15:24,687 - INFO - Request successful: 200 - https://books.toscrape.com/catalogue/page-7.html
2026-09-02 22:15:24,711 - INFO - HTML parsed successfully.
2026-09-02 22:15:24,711 - INFO - Product elements found: 20
2026-09-02 22:15:24,718 - INFO - Successfully extracted 20 products.
2026-09-02 22:15:24,718 - INFO - Products found on page 7: 20
2026-09-02 22:15:24,718 - INFO - Product matched query: A Flight of Arrows (The Pathfinders #2)
2026-09-02 22:15:24,718 - INFO - Matching products collected so far: 1
2026-09-02 22:15:24,718 - INFO - Search filtering completed. Matching products: 1
2026-09-02 22:15:24,718 - INFO - Fetching product details: https://books.toscrape.com/a-flight-of-arrows-the-pathfinders-2_876/index.html
2026-09-02 22:15:25,963 - ERROR - HTTP error: 404 Client Error: Not Found for url: https://books.toscrape.com/a-flight-of-arrows-the-pathfinders-2_876/index.html
2026-09-02 22:15:25,963 - ERROR - Failed to fetch product page: https://books.toscrape.com/a-flight-of-arrows-the-pathfinders-2_876/index.html
2026-09-02 22:15:25,963 - INFO - Search completed. Products collected: 1
2026-09-02 22:15:25,963 - INFO - Scraping completed. Total products collected: 1
2026-09-02 22:15:25,965 - INFO - All required columns are present.
2026-09-02 22:15:25,965 - INFO - Data cleaning completed. Final records: 1
2026-09-02 22:15:26,143 - INFO - Data exported successfully. CSV: output/products.csv, Excel: output/products.xlsx
2026-09-02 22:15:30,183 - INFO - Scraper completed successfully. Total products processed: 1
2026-09-02 22:16:45,875 - INFO - Scraper started. Maximum products: 1
2026-09-02 22:16:45,876 - INFO - Selected scraper: BooksToScrapeScraper
2026-09-02 22:16:45,876 - INFO - Searching for products with query: 'flight'
2026-09-02 22:16:45,876 - INFO - Scraping page 1: https://books.toscrape.com/
2026-09-02 22:16:48,426 - INFO - Request successful: 200 - https://books.toscrape.com/
2026-09-02 22:16:48,441 - INFO - HTML parsed successfully.
2026-09-02 22:16:48,448 - INFO - Product elements found: 20
2026-09-02 22:16:48,451 - INFO - Product URL resolved: https://books.toscrape.com/catalogue/a-light-in-the-attic_1000/index.html
2026-09-02 22:16:48,451 - INFO - Product URL resolved: https://books.toscrape.com/catalogue/tipping-the-velvet_999/index.html
2026-09-02 22:16:48,451 - INFO - Product URL resolved: https://books.toscrape.com/catalogue/soumission_998/index.html
2026-09-02 22:16:48,451 - INFO - Product URL resolved: https://books.toscrape.com/catalogue/sharp-objects_997/index.html
2026-09-02 22:16:48,452 - INFO - Product URL resolved: https://books.toscrape.com/catalogue/sapiens-a-brief-history-of-humankind_996/index.html
2026-09-02 22:16:48,452 - INFO - Product URL resolved: https://books.toscrape.com/catalogue/the-requiem-red_995/index.html
2026-09-02 22:16:48,452 - INFO - Product URL resolved: https://books.toscrape.com/catalogue/the-dirty-little-secrets-of-getting-your-dream-job_994/index.html
2026-09-02 22:16:48,452 - INFO - Product URL resolved: https://books.toscrape.com/catalogue/the-coming-woman-a-novel-based-on-the-life-of-the-infamous-feminist-victoria-woodhull_993/index.html
2026-09-02 22:16:48,454 - INFO - Product URL resolved: https://books.toscrape.com/catalogue/the-boys-in-the-boat-nine-americans-and-their-epic-quest-for-gold-at-the-1936-berlin-olympics_992/index.html
2026-09-02 22:16:48,454 - INFO - Product URL resolved: https://books.toscrape.com/catalogue/the-black-maria_991/index.html
2026-09-02 22:16:48,454 - INFO - Product URL resolved: https://books.toscrape.com/catalogue/starving-hearts-triangular-trade-trilogy-1_990/index.html
2026-09-02 22:16:48,454 - INFO - Product URL resolved: https://books.toscrape.com/catalogue/shakespeares-sonnets_989/index.html
2026-09-02 22:16:48,454 - INFO - Product URL resolved: https://books.toscrape.com/catalogue/set-me-free_988/index.html
2026-09-02 22:16:48,454 - INFO - Product URL resolved: https://books.toscrape.com/catalogue/scott-pilgrims-precious-little-life-scott-pilgrim-1_987/index.html
2026-09-02 22:16:48,456 - INFO - Product URL resolved: https://books.toscrape.com/catalogue/rip-it-up-and-start-again_986/index.html
2026-09-02 22:16:48,456 - INFO - Product URL resolved: https://books.toscrape.com/catalogue/our-band-could-be-your-life-scenes-from-the-american-indie-underground-1981-1991_985/index.html
2026-09-02 22:16:48,456 - INFO - Product URL resolved: https://books.toscrape.com/catalogue/olio_984/index.html
2026-09-02 22:16:48,456 - INFO - Product URL resolved: https://books.toscrape.com/catalogue/mesaerion-the-best-science-fiction-stories-1800-1849_983/index.html
2026-09-02 22:16:48,456 - INFO - Product URL resolved: https://books.toscrape.com/catalogue/libertarianism-for-beginners_982/index.html
2026-09-02 22:16:48,456 - INFO - Product URL resolved: https://books.toscrape.com/catalogue/its-only-the-himalayas_981/index.html
2026-09-02 22:16:48,456 - INFO - Successfully extracted 20 products.
2026-09-02 22:16:48,456 - INFO - Products found on page 1: 20
2026-09-02 22:16:48,456 - INFO - Matching products collected so far: 0
2026-09-02 22:16:48,459 - INFO - Scraping page 2: https://books.toscrape.com/catalogue/page-2.html
2026-09-02 22:16:50,210 - INFO - Request successful: 200 - https://books.toscrape.com/catalogue/page-2.html
2026-09-02 22:16:50,226 - INFO - HTML parsed successfully.
2026-09-02 22:16:50,228 - INFO - Product elements found: 20
2026-09-02 22:16:50,228 - INFO - Product URL resolved: https://books.toscrape.com/catalogue/in-her-wake_980/index.html
2026-09-02 22:16:50,228 - INFO - Product URL resolved: https://books.toscrape.com/catalogue/how-music-works_979/index.html
2026-09-02 22:16:50,229 - INFO - Product URL resolved: https://books.toscrape.com/catalogue/foolproof-preserving-a-guide-to-small-batch-jams-jellies-pickles-condiments-and-more-a-foolproof-guide-to-making-small-batch-jams-jellies-pickles-condiments-and-more_978/index.html
2026-09-02 22:16:50,229 - INFO - Product URL resolved: https://books.toscrape.com/catalogue/chase-me-paris-nights-2_977/index.html
2026-09-02 22:16:50,229 - INFO - Product URL resolved: https://books.toscrape.com/catalogue/black-dust_976/index.html
2026-09-02 22:16:50,229 - INFO - Product URL resolved: https://books.toscrape.com/catalogue/birdsong-a-story-in-pictures_975/index.html
2026-09-02 22:16:50,229 - INFO - Product URL resolved: https://books.toscrape.com/catalogue/americas-cradle-of-quarterbacks-western-pennsylvanias-football-factory-from-johnny-unitas-to-joe-montana_974/index.html
2026-09-02 22:16:50,229 - INFO - Product URL resolved: https://books.toscrape.com/catalogue/aladdin-and-his-wonderful-lamp_973/index.html
2026-09-02 22:16:50,231 - INFO - Product URL resolved: https://books.toscrape.com/catalogue/worlds-elsewhere-journeys-around-shakespeares-globe_972/index.html
2026-09-02 22:16:50,231 - INFO - Product URL resolved: https://books.toscrape.com/catalogue/wall-and-piece_971/index.html
2026-09-02 22:16:50,231 - INFO - Product URL resolved: https://books.toscrape.com/catalogue/the-four-agreements-a-practical-guide-to-personal-freedom_970/index.html
2026-09-02 22:16:50,231 - INFO - Product URL resolved: https://books.toscrape.com/catalogue/the-five-love-languages-how-to-express-heartfelt-commitment-to-your-mate_969/index.html
2026-09-02 22:16:50,232 - INFO - Product URL resolved: https://books.toscrape.com/catalogue/the-elephant-tree_968/index.html
2026-09-02 22:16:50,232 - INFO - Product URL resolved: https://books.toscrape.com/catalogue/the-bear-and-the-piano_967/index.html
2026-09-02 22:16:50,232 - INFO - Product URL resolved: https://books.toscrape.com/catalogue/sophies-world_966/index.html
2026-09-02 22:16:50,232 - INFO - Product URL resolved: https://books.toscrape.com/catalogue/penny-maybe_965/index.html
2026-09-02 22:16:50,232 - INFO - Product URL resolved: https://books.toscrape.com/catalogue/maude-1883-1993she-grew-up-with-the-country_964/index.html
2026-09-02 22:16:50,234 - INFO - Product URL resolved: https://books.toscrape.com/catalogue/in-a-dark-dark-wood_963/index.html
2026-09-02 22:16:50,234 - INFO - Product URL resolved: https://books.toscrape.com/catalogue/behind-closed-doors_962/index.html
2026-09-02 22:16:50,234 - INFO - Product URL resolved: https://books.toscrape.com/catalogue/you-cant-bury-them-all-poems_961/index.html
2026-09-02 22:16:50,234 - INFO - Successfully extracted 20 products.
2026-09-02 22:16:50,234 - INFO - Products found on page 2: 20
2026-09-02 22:16:50,234 - INFO - Matching products collected so far: 0
2026-09-02 22:16:50,237 - INFO - Scraping page 3: https://books.toscrape.com/catalogue/page-3.html
2026-09-02 22:16:51,976 - INFO - Request successful: 200 - https://books.toscrape.com/catalogue/page-3.html
2026-09-02 22:16:52,020 - INFO - HTML parsed successfully.
2026-09-02 22:16:52,021 - INFO - Product elements found: 20
2026-09-02 22:16:52,021 - INFO - Product URL resolved: https://books.toscrape.com/catalogue/slow-states-of-collapse-poems_960/index.html
2026-09-02 22:16:52,021 - INFO - Product URL resolved: https://books.toscrape.com/catalogue/reasons-to-stay-alive_959/index.html
2026-09-02 22:16:52,021 - INFO - Product URL resolved: https://books.toscrape.com/catalogue/private-paris-private-10_958/index.html
2026-09-02 22:16:52,022 - INFO - Product URL resolved: https://books.toscrape.com/catalogue/higherselfie-wake-up-your-life-free-your-soul-find-your-tribe_957/index.html
2026-09-02 22:16:52,022 - INFO - Product URL resolved: https://books.toscrape.com/catalogue/without-borders-wanderlove-1_956/index.html
2026-09-02 22:16:52,022 - INFO - Product URL resolved: https://books.toscrape.com/catalogue/when-we-collided_955/index.html
2026-09-02 22:16:52,022 - INFO - Product URL resolved: https://books.toscrape.com/catalogue/we-love-you-charlie-freeman_954/index.html
2026-09-02 22:16:52,023 - INFO - Product URL resolved: https://books.toscrape.com/catalogue/untitled-collection-sabbath-poems-2014_953/index.html
2026-09-02 22:16:52,023 - INFO - Product URL resolved: https://books.toscrape.com/catalogue/unseen-city-the-majesty-of-pigeons-the-discreet-charm-of-snails-other-wonders-of-the-urban-wilderness_952/index.html
2026-09-02 22:16:52,023 - INFO - Product URL resolved: https://books.toscrape.com/catalogue/unicorn-tracks_951/index.html
2026-09-02 22:16:52,023 - INFO - Product URL resolved: https://books.toscrape.com/catalogue/unbound-how-eight-technologies-made-us-human-transformed-society-and-brought-our-world-to-the-brink_950/index.html
2026-09-02 22:16:52,024 - INFO - Product URL resolved: https://books.toscrape.com/catalogue/tsubasa-world-chronicle-2-tsubasa-world-chronicle-2_949/index.html
2026-09-02 22:16:52,024 - INFO - Product URL resolved: https://books.toscrape.com/catalogue/throwing-rocks-at-the-google-bus-how-growth-became-the-enemy-of-prosperity_948/index.html
2026-09-02 22:16:52,024 - INFO - Product URL resolved: https://books.toscrape.com/catalogue/this-one-summer_947/index.html
2026-09-02 22:16:52,024 - INFO - Product URL resolved: https://books.toscrape.com/catalogue/thirst_946/index.html
2026-09-02 22:16:52,026 - INFO - Product URL resolved: https://books.toscrape.com/catalogue/the-torch-is-passed-a-harding-family-story_945/index.html
2026-09-02 22:16:52,026 - INFO - Product URL resolved: https://books.toscrape.com/catalogue/the-secret-of-dreadwillow-carse_944/index.html
2026-09-02 22:16:52,026 - INFO - Product URL resolved: https://books.toscrape.com/catalogue/the-pioneer-woman-cooks-dinnertime-comfort-classics-freezer-food-16-minute-meals-and-other-delicious-ways-to-solve-supper_943/index.html
2026-09-02 22:16:52,027 - INFO - Product URL resolved: https://books.toscrape.com/catalogue/the-past-never-ends_942/index.html
2026-09-02 22:16:52,027 - INFO - Product URL resolved: https://books.toscrape.com/catalogue/the-natural-history-of-us-the-fine-art-of-pretending-2_941/index.html
2026-09-02 22:16:52,027 - INFO - Successfully extracted 20 products.
2026-09-02 22:16:52,027 - INFO - Products found on page 3: 20
2026-09-02 22:16:52,027 - INFO - Matching products collected so far: 0
2026-09-02 22:16:52,030 - INFO - Scraping page 4: https://books.toscrape.com/catalogue/page-4.html
2026-09-02 22:16:53,735 - INFO - Request successful: 200 - https://books.toscrape.com/catalogue/page-4.html
2026-09-02 22:16:53,752 - INFO - HTML parsed successfully.
2026-09-02 22:16:53,753 - INFO - Product elements found: 20
2026-09-02 22:16:53,754 - INFO - Product URL resolved: https://books.toscrape.com/catalogue/the-nameless-city-the-nameless-city-1_940/index.html
2026-09-02 22:16:53,754 - INFO - Product URL resolved: https://books.toscrape.com/catalogue/the-murder-that-never-was-forensic-instincts-5_939/index.html
2026-09-02 22:16:53,754 - INFO - Product URL resolved: https://books.toscrape.com/catalogue/the-most-perfect-thing-inside-and-outside-a-birds-egg_938/index.html
2026-09-02 22:16:53,754 - INFO - Product URL resolved: https://books.toscrape.com/catalogue/the-mindfulness-and-acceptance-workbook-for-anxiety-a-guide-to-breaking-free-from-anxiety-phobias-and-worry-using-acceptance-and-commitment-therapy_937/index.html
2026-09-02 22:16:53,755 - INFO - Product URL resolved: https://books.toscrape.com/catalogue/the-life-changing-magic-of-tidying-up-the-japanese-art-of-decluttering-and-organizing_936/index.html
2026-09-02 22:16:53,755 - INFO - Product URL resolved: https://books.toscrape.com/catalogue/the-inefficiency-assassin-time-management-tactics-for-working-smarter-not-longer_935/index.html
2026-09-02 22:16:53,755 - INFO - Product URL resolved: https://books.toscrape.com/catalogue/the-gutsy-girl-escapades-for-your-life-of-epic-adventure_934/index.html
2026-09-02 22:16:53,756 - INFO - Product URL resolved: https://books.toscrape.com/catalogue/the-electric-pencil-drawings-from-inside-state-hospital-no-3_933/index.html
2026-09-02 22:16:53,756 - INFO - Product URL resolved: https://books.toscrape.com/catalogue/the-death-of-humanity-and-the-case-for-life_932/index.html
2026-09-02 22:16:53,756 - INFO - Product URL resolved: https://books.toscrape.com/catalogue/the-bulletproof-diet-lose-up-to-a-pound-a-day-reclaim-energy-and-focus-upgrade-your-life_931/index.html
2026-09-02 22:16:53,757 - INFO - Product URL resolved: https://books.toscrape.com/catalogue/the-art-forger_930/index.html
2026-09-02 22:16:53,757 - INFO - Product URL resolved: https://books.toscrape.com/catalogue/the-age-of-genius-the-seventeenth-century-and-the-birth-of-the-modern-mind_929/index.html
2026-09-02 22:16:53,757 - INFO - Product URL resolved: https://books.toscrape.com/catalogue/the-activists-tao-te-ching-ancient-advice-for-a-modern-revolution_928/index.html
2026-09-02 22:16:53,757 - INFO - Product URL resolved: https://books.toscrape.com/catalogue/spark-joy-an-illustrated-master-class-on-the-art-of-organizing-and-tidying-up_927/index.html
2026-09-02 22:16:53,758 - INFO - Product URL resolved: https://books.toscrape.com/catalogue/soul-reader_926/index.html
2026-09-02 22:16:53,758 - INFO - Product URL resolved: https://books.toscrape.com/catalogue/security_925/index.html
2026-09-02 22:16:53,758 - INFO - Product URL resolved: https://books.toscrape.com/catalogue/saga-volume-6-saga-collected-editions-6_924/index.html
2026-09-02 22:16:53,759 - INFO - Product URL resolved: https://books.toscrape.com/catalogue/saga-volume-5-saga-collected-editions-5_923/index.html
2026-09-02 22:16:53,759 - INFO - Product URL resolved: https://books.toscrape.com/catalogue/reskilling-america-learning-to-labor-in-the-twenty-first-century_922/index.html
2026-09-02 22:16:53,759 - INFO - Product URL resolved: https://books.toscrape.com/catalogue/rat-queens-vol-3-demons-rat-queens-collected-editions-11-15_921/index.html
2026-09-02 22:16:53,759 - INFO - Successfully extracted 20 products.
2026-09-02 22:16:53,760 - INFO - Products found on page 4: 20
2026-09-02 22:16:53,760 - INFO - Matching products collected so far: 0
2026-09-02 22:16:53,762 - INFO - Scraping page 5: https://books.toscrape.com/catalogue/page-5.html
2026-09-02 22:16:55,293 - INFO - Request successful: 200 - https://books.toscrape.com/catalogue/page-5.html
2026-09-02 22:16:55,311 - INFO - HTML parsed successfully.
2026-09-02 22:16:55,312 - INFO - Product elements found: 20
2026-09-02 22:16:55,312 - INFO - Product URL resolved: https://books.toscrape.com/catalogue/princess-jellyfish-2-in-1-omnibus-vol-01-princess-jellyfish-2-in-1-omnibus-1_920/index.html
2026-09-02 22:16:55,312 - INFO - Product URL resolved: https://books.toscrape.com/catalogue/princess-between-worlds-wide-awake-princess-5_919/index.html
2026-09-02 22:16:55,313 - INFO - Product URL resolved: https://books.toscrape.com/catalogue/pop-gun-war-volume-1-gift_918/index.html
2026-09-02 22:16:55,313 - INFO - Product URL resolved: https://books.toscrape.com/catalogue/political-suicide-missteps-peccadilloes-bad-calls-backroom-hijinx-sordid-pasts-rotten-breaks-and-just-plain-dumb-mistakes-in-the-annals-of-american-politics_917/index.html
2026-09-02 22:16:55,313 - INFO - Product URL resolved: https://books.toscrape.com/catalogue/patience_916/index.html
2026-09-02 22:16:55,314 - INFO - Product URL resolved: https://books.toscrape.com/catalogue/outcast-vol-1-a-darkness-surrounds-him-outcast-1_915/index.html
2026-09-02 22:16:55,314 - INFO - Product URL resolved: https://books.toscrape.com/catalogue/orange-the-complete-collection-1-orange-the-complete-collection-1_914/index.html
2026-09-02 22:16:55,314 - INFO - Product URL resolved: https://books.toscrape.com/catalogue/online-marketing-for-busy-authors-a-step-by-step-guide_913/index.html
2026-09-02 22:16:55,314 - INFO - Product URL resolved: https://books.toscrape.com/catalogue/on-a-midnight-clear_912/index.html
2026-09-02 22:16:55,315 - INFO - Product URL resolved: https://books.toscrape.com/catalogue/obsidian-lux-1_911/index.html
2026-09-02 22:16:55,315 - INFO - Product URL resolved: https://books.toscrape.com/catalogue/my-paris-kitchen-recipes-and-stories_910/index.html
2026-09-02 22:16:55,315 - INFO - Product URL resolved: https://books.toscrape.com/catalogue/masks-and-shadows_909/index.html
2026-09-02 22:16:55,315 - INFO - Product URL resolved: https://books.toscrape.com/catalogue/mama-tried-traditional-italian-cooking-for-the-screwed-crude-vegan-and-tattooed_908/index.html
2026-09-02 22:16:55,315 - INFO - Product URL resolved: https://books.toscrape.com/catalogue/lumberjanes-vol-2-friendship-to-the-max-lumberjanes-5-8_907/index.html
2026-09-02 22:16:55,317 - INFO - Product URL resolved: https://books.toscrape.com/catalogue/lumberjanes-vol-1-beware-the-kitten-holy-lumberjanes-1-4_906/index.html
2026-09-02 22:16:55,317 - INFO - Product URL resolved: https://books.toscrape.com/catalogue/lumberjanes-vol-3-a-terrible-plan-lumberjanes-9-12_905/index.html
2026-09-02 22:16:55,317 - INFO - Product URL resolved: https://books.toscrape.com/catalogue/layered-baking-building-and-styling-spectacular-cakes_904/index.html
2026-09-02 22:16:55,318 - INFO - Product URL resolved: https://books.toscrape.com/catalogue/judo-seven-steps-to-black-belt-an-introductory-guide-for-beginners_903/index.html
2026-09-02 22:16:55,318 - INFO - Product URL resolved: https://books.toscrape.com/catalogue/join_902/index.html
2026-09-02 22:16:55,318 - INFO - Product URL resolved: https://books.toscrape.com/catalogue/in-the-country-we-love-my-family-divided_901/index.html
2026-09-02 22:16:55,318 - INFO - Successfully extracted 20 products.
2026-09-02 22:16:55,318 - INFO - Products found on page 5: 20
2026-09-02 22:16:55,318 - INFO - Matching products collected so far: 0
2026-09-02 22:16:55,321 - INFO - Scraping page 6: https://books.toscrape.com/catalogue/page-6.html
2026-09-02 22:16:56,800 - INFO - Request successful: 200 - https://books.toscrape.com/catalogue/page-6.html
2026-09-02 22:16:56,816 - INFO - HTML parsed successfully.
2026-09-02 22:16:56,817 - INFO - Product elements found: 20
2026-09-02 22:16:56,818 - INFO - Product URL resolved: https://books.toscrape.com/catalogue/immunity-how-elie-metchnikoff-changed-the-course-of-modern-medicine_900/index.html
2026-09-02 22:16:56,818 - INFO - Product URL resolved: https://books.toscrape.com/catalogue/i-hate-fairyland-vol-1-madly-ever-after-i-hate-fairyland-compilations-1-5_899/index.html
2026-09-02 22:16:56,818 - INFO - Product URL resolved: https://books.toscrape.com/catalogue/i-am-a-hero-omnibus-volume-1_898/index.html
2026-09-02 22:16:56,819 - INFO - Product URL resolved: https://books.toscrape.com/catalogue/how-to-be-miserable-40-strategies-you-already-use_897/index.html
2026-09-02 22:16:56,819 - INFO - Product URL resolved: https://books.toscrape.com/catalogue/her-backup-boyfriend-the-sorensen-family-1_896/index.html
2026-09-02 22:16:56,819 - INFO - Product URL resolved: https://books.toscrape.com/catalogue/giant-days-vol-2-giant-days-5-8_895/index.html
2026-09-02 22:16:56,819 - INFO - Product URL resolved: https://books.toscrape.com/catalogue/forever-and-forever-the-courtship-of-henry-longfellow-and-fanny-appleton_894/index.html
2026-09-02 22:16:56,820 - INFO - Product URL resolved: https://books.toscrape.com/catalogue/first-and-first-five-boroughs-3_893/index.html
2026-09-02 22:16:56,820 - INFO - Product URL resolved: https://books.toscrape.com/catalogue/fifty-shades-darker-fifty-shades-2_892/index.html
2026-09-02 22:16:56,821 - INFO - Product URL resolved: https://books.toscrape.com/catalogue/everydata-the-misinformation-hidden-in-the-little-data-you-consume-every-day_891/index.html
2026-09-02 22:16:56,821 - INFO - Product URL resolved: https://books.toscrape.com/catalogue/dont-be-a-jerk-and-other-practical-advice-from-dogen-japans-greatest-zen-master_890/index.html
2026-09-02 22:16:56,821 - INFO - Product URL resolved: https://books.toscrape.com/catalogue/danganronpa-volume-1_889/index.html
2026-09-02 22:16:56,822 - INFO - Product URL resolved: https://books.toscrape.com/catalogue/crown-of-midnight-throne-of-glass-2_888/index.html
2026-09-02 22:16:56,822 - INFO - Product URL resolved: https://books.toscrape.com/catalogue/codename-baboushka-volume-1-the-conclave-of-death_887/index.html
2026-09-02 22:16:56,822 - INFO - Product URL resolved: https://books.toscrape.com/catalogue/camp-midnight_886/index.html
2026-09-02 22:16:56,823 - INFO - Product URL resolved: https://books.toscrape.com/catalogue/call-the-nurse-true-stories-of-a-country-nurse-on-a-scottish-isle_885/index.html
2026-09-02 22:16:56,823 - INFO - Product URL resolved: https://books.toscrape.com/catalogue/burning_884/index.html
2026-09-02 22:16:56,823 - INFO - Product URL resolved: https://books.toscrape.com/catalogue/bossypants_883/index.html
2026-09-02 22:16:56,824 - INFO - Product URL resolved: https://books.toscrape.com/catalogue/bitch-planet-vol-1-extraordinary-machine-bitch-planet-collected-editions_882/index.html
2026-09-02 22:16:56,824 - INFO - Product URL resolved: https://books.toscrape.com/catalogue/avatar-the-last-airbender-smoke-and-shadow-part-3-smoke-and-shadow-3_881/index.html
2026-09-02 22:16:56,824 - INFO - Successfully extracted 20 products.
2026-09-02 22:16:56,824 - INFO - Products found on page 6: 20
2026-09-02 22:16:56,824 - INFO - Matching products collected so far: 0
2026-09-02 22:16:56,827 - INFO - Scraping page 7: https://books.toscrape.com/catalogue/page-7.html
2026-09-02 22:16:58,309 - INFO - Request successful: 200 - https://books.toscrape.com/catalogue/page-7.html
2026-09-02 22:16:58,326 - INFO - HTML parsed successfully.
2026-09-02 22:16:58,327 - INFO - Product elements found: 20
2026-09-02 22:16:58,327 - INFO - Product URL resolved: https://books.toscrape.com/catalogue/algorithms-to-live-by-the-computer-science-of-human-decisions_880/index.html
2026-09-02 22:16:58,328 - INFO - Product URL resolved: https://books.toscrape.com/catalogue/a-world-of-flavor-your-gluten-free-passport_879/index.html
2026-09-02 22:16:58,328 - INFO - Product URL resolved: https://books.toscrape.com/catalogue/a-piece-of-sky-a-grain-of-rice-a-memoir-in-four-meditations_878/index.html
2026-09-02 22:16:58,329 - INFO - Product URL resolved: https://books.toscrape.com/catalogue/a-murder-in-time_877/index.html
2026-09-02 22:16:58,329 - INFO - Product URL resolved: https://books.toscrape.com/catalogue/a-flight-of-arrows-the-pathfinders-2_876/index.html
2026-09-02 22:16:58,329 - INFO - Product URL resolved: https://books.toscrape.com/catalogue/a-fierce-and-subtle-poison_875/index.html
2026-09-02 22:16:58,329 - INFO - Product URL resolved: https://books.toscrape.com/catalogue/a-court-of-thorns-and-roses-a-court-of-thorns-and-roses-1_874/index.html
2026-09-02 22:16:58,330 - INFO - Product URL resolved: https://books.toscrape.com/catalogue/unqualified-how-god-uses-broken-people-to-do-big-things_873/index.html
2026-09-02 22:16:58,330 - INFO - Product URL resolved: https://books.toscrape.com/catalogue/you-are-what-you-love-the-spiritual-power-of-habit_872/index.html
2026-09-02 22:16:58,330 - INFO - Product URL resolved: https://books.toscrape.com/catalogue/william-shakespeares-star-wars-verily-a-new-hope-william-shakespeares-star-wars-4_871/index.html
2026-09-02 22:16:58,331 - INFO - Product URL resolved: https://books.toscrape.com/catalogue/tuesday-nights-in-1980_870/index.html
2026-09-02 22:16:58,331 - INFO - Product URL resolved: https://books.toscrape.com/catalogue/tracing-numbers-on-a-train_869/index.html
2026-09-02 22:16:58,331 - INFO - Product URL resolved: https://books.toscrape.com/catalogue/throne-of-glass-throne-of-glass-1_868/index.html
2026-09-02 22:16:58,331 - INFO - Product URL resolved: https://books.toscrape.com/catalogue/thomas-jefferson-and-the-tripoli-pirates-the-forgotten-war-that-changed-american-history_867/index.html
2026-09-02 22:16:58,333 - INFO - Product URL resolved: https://books.toscrape.com/catalogue/thirteen-reasons-why_866/index.html
2026-09-02 22:16:58,333 - INFO - Product URL resolved: https://books.toscrape.com/catalogue/the-white-cat-and-the-monk-a-retelling-of-the-poem-pangur-ban_865/index.html
2026-09-02 22:16:58,333 - INFO - Product URL resolved: https://books.toscrape.com/catalogue/the-wedding-dress_864/index.html
2026-09-02 22:16:58,333 - INFO - Product URL resolved: https://books.toscrape.com/catalogue/the-vacationers_863/index.html
2026-09-02 22:16:58,334 - INFO - Product URL resolved: https://books.toscrape.com/catalogue/the-third-wave-an-entrepreneurs-vision-of-the-future_862/index.html
2026-09-02 22:16:58,334 - INFO - Product URL resolved: https://books.toscrape.com/catalogue/the-stranger_861/index.html
2026-09-02 22:16:58,334 - INFO - Successfully extracted 20 products.
2026-09-02 22:16:58,334 - INFO - Products found on page 7: 20
2026-09-02 22:16:58,334 - INFO - Product matched query: A Flight of Arrows (The Pathfinders #2)
2026-09-02 22:16:58,334 - INFO - Matching products collected so far: 1
2026-09-02 22:16:58,334 - INFO - Search filtering completed. Matching products: 1
2026-09-02 22:16:58,334 - INFO - Fetching product details: https://books.toscrape.com/catalogue/a-flight-of-arrows-the-pathfinders-2_876/index.html
2026-09-02 22:16:59,810 - INFO - Request successful: 200 - https://books.toscrape.com/catalogue/a-flight-of-arrows-the-pathfinders-2_876/index.html
2026-09-02 22:16:59,831 - INFO - HTML parsed successfully.
2026-09-02 22:16:59,833 - INFO - Product details extracted successfully.
2026-09-02 22:16:59,833 - INFO - Search completed. Products collected: 1
2026-09-02 22:16:59,833 - INFO - Scraping completed. Total products collected: 1
2026-09-02 22:16:59,834 - INFO - All required columns are present.
2026-09-02 22:16:59,841 - INFO - Data cleaning completed. Final records: 1
2026-09-02 22:17:00,037 - INFO - Data exported successfully. CSV: output/products.csv, Excel: output/products.xlsx
2026-09-02 22:17:02,455 - INFO - Scraper completed successfully. Total products processed: 1
2026-09-02 22:17:21,195 - INFO - Scraper started. Maximum products: 1
2026-09-02 22:17:21,195 - INFO - Selected scraper: BooksToScrapeScraper
2026-09-02 22:17:21,195 - INFO - Searching for products with query: 'light'
2026-09-02 22:17:21,195 - INFO - Scraping page 1: https://books.toscrape.com/
2026-09-02 22:17:23,615 - INFO - Request successful: 200 - https://books.toscrape.com/
2026-09-02 22:17:23,632 - INFO - HTML parsed successfully.
2026-09-02 22:17:23,638 - INFO - Product elements found: 20
2026-09-02 22:17:23,641 - INFO - Product URL resolved: https://books.toscrape.com/catalogue/a-light-in-the-attic_1000/index.html
2026-09-02 22:17:23,642 - INFO - Product URL resolved: https://books.toscrape.com/catalogue/tipping-the-velvet_999/index.html
2026-09-02 22:17:23,642 - INFO - Product URL resolved: https://books.toscrape.com/catalogue/soumission_998/index.html
2026-09-02 22:17:23,642 - INFO - Product URL resolved: https://books.toscrape.com/catalogue/sharp-objects_997/index.html
2026-09-02 22:17:23,642 - INFO - Product URL resolved: https://books.toscrape.com/catalogue/sapiens-a-brief-history-of-humankind_996/index.html
2026-09-02 22:17:23,643 - INFO - Product URL resolved: https://books.toscrape.com/catalogue/the-requiem-red_995/index.html
2026-09-02 22:17:23,643 - INFO - Product URL resolved: https://books.toscrape.com/catalogue/the-dirty-little-secrets-of-getting-your-dream-job_994/index.html
2026-09-02 22:17:23,643 - INFO - Product URL resolved: https://books.toscrape.com/catalogue/the-coming-woman-a-novel-based-on-the-life-of-the-infamous-feminist-victoria-woodhull_993/index.html
2026-09-02 22:17:23,643 - INFO - Product URL resolved: https://books.toscrape.com/catalogue/the-boys-in-the-boat-nine-americans-and-their-epic-quest-for-gold-at-the-1936-berlin-olympics_992/index.html
2026-09-02 22:17:23,643 - INFO - Product URL resolved: https://books.toscrape.com/catalogue/the-black-maria_991/index.html
2026-09-02 22:17:23,645 - INFO - Product URL resolved: https://books.toscrape.com/catalogue/starving-hearts-triangular-trade-trilogy-1_990/index.html
2026-09-02 22:17:23,645 - INFO - Product URL resolved: https://books.toscrape.com/catalogue/shakespeares-sonnets_989/index.html
2026-09-02 22:17:23,645 - INFO - Product URL resolved: https://books.toscrape.com/catalogue/set-me-free_988/index.html
2026-09-02 22:17:23,645 - INFO - Product URL resolved: https://books.toscrape.com/catalogue/scott-pilgrims-precious-little-life-scott-pilgrim-1_987/index.html
2026-09-02 22:17:23,645 - INFO - Product URL resolved: https://books.toscrape.com/catalogue/rip-it-up-and-start-again_986/index.html
2026-09-02 22:17:23,645 - INFO - Product URL resolved: https://books.toscrape.com/catalogue/our-band-could-be-your-life-scenes-from-the-american-indie-underground-1981-1991_985/index.html
2026-09-02 22:17:23,646 - INFO - Product URL resolved: https://books.toscrape.com/catalogue/olio_984/index.html
2026-09-02 22:17:23,646 - INFO - Product URL resolved: https://books.toscrape.com/catalogue/mesaerion-the-best-science-fiction-stories-1800-1849_983/index.html
2026-09-02 22:17:23,646 - INFO - Product URL resolved: https://books.toscrape.com/catalogue/libertarianism-for-beginners_982/index.html
2026-09-02 22:17:23,647 - INFO - Product URL resolved: https://books.toscrape.com/catalogue/its-only-the-himalayas_981/index.html
2026-09-02 22:17:23,647 - INFO - Successfully extracted 20 products.
2026-09-02 22:17:23,647 - INFO - Products found on page 1: 20
2026-09-02 22:17:23,647 - INFO - Product matched query: A Light in the Attic
2026-09-02 22:17:23,647 - INFO - Matching products collected so far: 1
2026-09-02 22:17:23,647 - INFO - Search filtering completed. Matching products: 1
2026-09-02 22:17:23,647 - INFO - Fetching product details: https://books.toscrape.com/catalogue/a-light-in-the-attic_1000/index.html
2026-09-02 22:17:24,893 - INFO - Request successful: 200 - https://books.toscrape.com/catalogue/a-light-in-the-attic_1000/index.html
2026-09-02 22:17:24,946 - INFO - HTML parsed successfully.
2026-09-02 22:17:24,946 - INFO - Product details extracted successfully.
2026-09-02 22:17:24,946 - INFO - Search completed. Products collected: 1
2026-09-02 22:17:24,946 - INFO - Scraping completed. Total products collected: 1
2026-09-02 22:17:24,948 - INFO - All required columns are present.
2026-09-02 22:17:24,954 - INFO - Data cleaning completed. Final records: 1
2026-09-02 22:17:25,118 - INFO - Data exported successfully. CSV: output/products.csv, Excel: output/products.xlsx
2026-09-02 22:17:28,813 - INFO - Scraper completed successfully. Total products processed: 1
2026-09-02 22:17:33,467 - INFO - Scraper started. Maximum products: 1
2026-09-02 22:17:33,467 - INFO - Selected scraper: BooksToScrapeScraper
2026-09-02 22:17:33,467 - INFO - Searching for products with query: 'flight'
2026-09-02 22:17:33,467 - INFO - Scraping page 1: https://books.toscrape.com/
2026-09-02 22:17:35,883 - INFO - Request successful: 200 - https://books.toscrape.com/
2026-09-02 22:17:35,900 - INFO - HTML parsed successfully.
2026-09-02 22:17:35,906 - INFO - Product elements found: 20
2026-09-02 22:17:35,908 - INFO - Product URL resolved: https://books.toscrape.com/catalogue/a-light-in-the-attic_1000/index.html
2026-09-02 22:17:35,908 - INFO - Product URL resolved: https://books.toscrape.com/catalogue/tipping-the-velvet_999/index.html
2026-09-02 22:17:35,908 - INFO - Product URL resolved: https://books.toscrape.com/catalogue/soumission_998/index.html
2026-09-02 22:17:35,908 - INFO - Product URL resolved: https://books.toscrape.com/catalogue/sharp-objects_997/index.html
2026-09-02 22:17:35,910 - INFO - Product URL resolved: https://books.toscrape.com/catalogue/sapiens-a-brief-history-of-humankind_996/index.html
2026-09-02 22:17:35,910 - INFO - Product URL resolved: https://books.toscrape.com/catalogue/the-requiem-red_995/index.html
2026-09-02 22:17:35,911 - INFO - Product URL resolved: https://books.toscrape.com/catalogue/the-dirty-little-secrets-of-getting-your-dream-job_994/index.html
2026-09-02 22:17:35,911 - INFO - Product URL resolved: https://books.toscrape.com/catalogue/the-coming-woman-a-novel-based-on-the-life-of-the-infamous-feminist-victoria-woodhull_993/index.html
2026-09-02 22:17:35,911 - INFO - Product URL resolved: https://books.toscrape.com/catalogue/the-boys-in-the-boat-nine-americans-and-their-epic-quest-for-gold-at-the-1936-berlin-olympics_992/index.html
2026-09-02 22:17:35,911 - INFO - Product URL resolved: https://books.toscrape.com/catalogue/the-black-maria_991/index.html
2026-09-02 22:17:35,911 - INFO - Product URL resolved: https://books.toscrape.com/catalogue/starving-hearts-triangular-trade-trilogy-1_990/index.html
2026-09-02 22:17:35,911 - INFO - Product URL resolved: https://books.toscrape.com/catalogue/shakespeares-sonnets_989/index.html
2026-09-02 22:17:35,911 - INFO - Product URL resolved: https://books.toscrape.com/catalogue/set-me-free_988/index.html
2026-09-02 22:17:35,913 - INFO - Product URL resolved: https://books.toscrape.com/catalogue/scott-pilgrims-precious-little-life-scott-pilgrim-1_987/index.html
2026-09-02 22:17:35,913 - INFO - Product URL resolved: https://books.toscrape.com/catalogue/rip-it-up-and-start-again_986/index.html
2026-09-02 22:17:35,913 - INFO - Product URL resolved: https://books.toscrape.com/catalogue/our-band-could-be-your-life-scenes-from-the-american-indie-underground-1981-1991_985/index.html
2026-09-02 22:17:35,913 - INFO - Product URL resolved: https://books.toscrape.com/catalogue/olio_984/index.html
2026-09-02 22:17:35,913 - INFO - Product URL resolved: https://books.toscrape.com/catalogue/mesaerion-the-best-science-fiction-stories-1800-1849_983/index.html
2026-09-02 22:17:35,913 - INFO - Product URL resolved: https://books.toscrape.com/catalogue/libertarianism-for-beginners_982/index.html
2026-09-02 22:17:35,914 - INFO - Product URL resolved: https://books.toscrape.com/catalogue/its-only-the-himalayas_981/index.html
2026-09-02 22:17:35,914 - INFO - Successfully extracted 20 products.
2026-09-02 22:17:35,914 - INFO - Products found on page 1: 20
2026-09-02 22:17:35,914 - INFO - Matching products collected so far: 0
2026-09-02 22:17:35,918 - INFO - Scraping page 2: https://books.toscrape.com/catalogue/page-2.html
2026-09-02 22:17:37,635 - INFO - Request successful: 200 - https://books.toscrape.com/catalogue/page-2.html
2026-09-02 22:17:37,651 - INFO - HTML parsed successfully.
2026-09-02 22:17:37,654 - INFO - Product elements found: 20
2026-09-02 22:17:37,654 - INFO - Product URL resolved: https://books.toscrape.com/catalogue/in-her-wake_980/index.html
2026-09-02 22:17:37,656 - INFO - Product URL resolved: https://books.toscrape.com/catalogue/how-music-works_979/index.html
2026-09-02 22:17:37,656 - INFO - Product URL resolved: https://books.toscrape.com/catalogue/foolproof-preserving-a-guide-to-small-batch-jams-jellies-pickles-condiments-and-more-a-foolproof-guide-to-making-small-batch-jams-jellies-pickles-condiments-and-more_978/index.html
2026-09-02 22:17:37,656 - INFO - Product URL resolved: https://books.toscrape.com/catalogue/chase-me-paris-nights-2_977/index.html
2026-09-02 22:17:37,657 - INFO - Product URL resolved: https://books.toscrape.com/catalogue/black-dust_976/index.html
2026-09-02 22:17:37,657 - INFO - Product URL resolved: https://books.toscrape.com/catalogue/birdsong-a-story-in-pictures_975/index.html
2026-09-02 22:17:37,657 - INFO - Product URL resolved: https://books.toscrape.com/catalogue/americas-cradle-of-quarterbacks-western-pennsylvanias-football-factory-from-johnny-unitas-to-joe-montana_974/index.html
2026-09-02 22:17:37,657 - INFO - Product URL resolved: https://books.toscrape.com/catalogue/aladdin-and-his-wonderful-lamp_973/index.html
2026-09-02 22:17:37,658 - INFO - Product URL resolved: https://books.toscrape.com/catalogue/worlds-elsewhere-journeys-around-shakespeares-globe_972/index.html
2026-09-02 22:17:37,658 - INFO - Product URL resolved: https://books.toscrape.com/catalogue/wall-and-piece_971/index.html
2026-09-02 22:17:37,658 - INFO - Product URL resolved: https://books.toscrape.com/catalogue/the-four-agreements-a-practical-guide-to-personal-freedom_970/index.html
2026-09-02 22:17:37,658 - INFO - Product URL resolved: https://books.toscrape.com/catalogue/the-five-love-languages-how-to-express-heartfelt-commitment-to-your-mate_969/index.html
2026-09-02 22:17:37,659 - INFO - Product URL resolved: https://books.toscrape.com/catalogue/the-elephant-tree_968/index.html
2026-09-02 22:17:37,659 - INFO - Product URL resolved: https://books.toscrape.com/catalogue/the-bear-and-the-piano_967/index.html
2026-09-02 22:17:37,659 - INFO - Product URL resolved: https://books.toscrape.com/catalogue/sophies-world_966/index.html
2026-09-02 22:17:37,659 - INFO - Product URL resolved: https://books.toscrape.com/catalogue/penny-maybe_965/index.html
2026-09-02 22:17:37,659 - INFO - Product URL resolved: https://books.toscrape.com/catalogue/maude-1883-1993she-grew-up-with-the-country_964/index.html
2026-09-02 22:17:37,659 - INFO - Product URL resolved: https://books.toscrape.com/catalogue/in-a-dark-dark-wood_963/index.html
2026-09-02 22:17:37,659 - INFO - Product URL resolved: https://books.toscrape.com/catalogue/behind-closed-doors_962/index.html
2026-09-02 22:17:37,659 - INFO - Product URL resolved: https://books.toscrape.com/catalogue/you-cant-bury-them-all-poems_961/index.html
2026-09-02 22:17:37,659 - INFO - Successfully extracted 20 products.
2026-09-02 22:17:37,659 - INFO - Products found on page 2: 20
2026-09-02 22:17:37,659 - INFO - Matching products collected so far: 0
2026-09-02 22:17:37,664 - INFO - Scraping page 3: https://books.toscrape.com/catalogue/page-3.html
2026-09-02 22:17:39,382 - INFO - Request successful: 200 - https://books.toscrape.com/catalogue/page-3.html
2026-09-02 22:17:39,426 - INFO - HTML parsed successfully.
2026-09-02 22:17:39,426 - INFO - Product elements found: 20
2026-09-02 22:17:39,426 - INFO - Product URL resolved: https://books.toscrape.com/catalogue/slow-states-of-collapse-poems_960/index.html
2026-09-02 22:17:39,426 - INFO - Product URL resolved: https://books.toscrape.com/catalogue/reasons-to-stay-alive_959/index.html
2026-09-02 22:17:39,426 - INFO - Product URL resolved: https://books.toscrape.com/catalogue/private-paris-private-10_958/index.html
2026-09-02 22:17:39,426 - INFO - Product URL resolved: https://books.toscrape.com/catalogue/higherselfie-wake-up-your-life-free-your-soul-find-your-tribe_957/index.html
2026-09-02 22:17:39,426 - INFO - Product URL resolved: https://books.toscrape.com/catalogue/without-borders-wanderlove-1_956/index.html
2026-09-02 22:17:39,426 - INFO - Product URL resolved: https://books.toscrape.com/catalogue/when-we-collided_955/index.html
2026-09-02 22:17:39,426 - INFO - Product URL resolved: https://books.toscrape.com/catalogue/we-love-you-charlie-freeman_954/index.html
2026-09-02 22:17:39,426 - INFO - Product URL resolved: https://books.toscrape.com/catalogue/untitled-collection-sabbath-poems-2014_953/index.html
2026-09-02 22:17:39,426 - INFO - Product URL resolved: https://books.toscrape.com/catalogue/unseen-city-the-majesty-of-pigeons-the-discreet-charm-of-snails-other-wonders-of-the-urban-wilderness_952/index.html
2026-09-02 22:17:39,426 - INFO - Product URL resolved: https://books.toscrape.com/catalogue/unicorn-tracks_951/index.html
2026-09-02 22:17:39,426 - INFO - Product URL resolved: https://books.toscrape.com/catalogue/unbound-how-eight-technologies-made-us-human-transformed-society-and-brought-our-world-to-the-brink_950/index.html
2026-09-02 22:17:39,431 - INFO - Product URL resolved: https://books.toscrape.com/catalogue/tsubasa-world-chronicle-2-tsubasa-world-chronicle-2_949/index.html
2026-09-02 22:17:39,431 - INFO - Product URL resolved: https://books.toscrape.com/catalogue/throwing-rocks-at-the-google-bus-how-growth-became-the-enemy-of-prosperity_948/index.html
2026-09-02 22:17:39,431 - INFO - Product URL resolved: https://books.toscrape.com/catalogue/this-one-summer_947/index.html
2026-09-02 22:17:39,431 - INFO - Product URL resolved: https://books.toscrape.com/catalogue/thirst_946/index.html
2026-09-02 22:17:39,432 - INFO - Product URL resolved: https://books.toscrape.com/catalogue/the-torch-is-passed-a-harding-family-story_945/index.html
2026-09-02 22:17:39,432 - INFO - Product URL resolved: https://books.toscrape.com/catalogue/the-secret-of-dreadwillow-carse_944/index.html
2026-09-02 22:17:39,432 - INFO - Product URL resolved: https://books.toscrape.com/catalogue/the-pioneer-woman-cooks-dinnertime-comfort-classics-freezer-food-16-minute-meals-and-other-delicious-ways-to-solve-supper_943/index.html
2026-09-02 22:17:39,432 - INFO - Product URL resolved: https://books.toscrape.com/catalogue/the-past-never-ends_942/index.html
2026-09-02 22:17:39,432 - INFO - Product URL resolved: https://books.toscrape.com/catalogue/the-natural-history-of-us-the-fine-art-of-pretending-2_941/index.html
2026-09-02 22:17:39,432 - INFO - Successfully extracted 20 products.
2026-09-02 22:17:39,432 - INFO - Products found on page 3: 20
2026-09-02 22:17:39,432 - INFO - Matching products collected so far: 0
2026-09-02 22:17:39,436 - INFO - Scraping page 4: https://books.toscrape.com/catalogue/page-4.html
2026-09-02 22:17:41,159 - INFO - Request successful: 200 - https://books.toscrape.com/catalogue/page-4.html
2026-09-02 22:17:41,175 - INFO - HTML parsed successfully.
2026-09-02 22:17:41,177 - INFO - Product elements found: 20
2026-09-02 22:17:41,178 - INFO - Product URL resolved: https://books.toscrape.com/catalogue/the-nameless-city-the-nameless-city-1_940/index.html
2026-09-02 22:17:41,178 - INFO - Product URL resolved: https://books.toscrape.com/catalogue/the-murder-that-never-was-forensic-instincts-5_939/index.html
2026-09-02 22:17:41,178 - INFO - Product URL resolved: https://books.toscrape.com/catalogue/the-most-perfect-thing-inside-and-outside-a-birds-egg_938/index.html
2026-09-02 22:17:41,178 - INFO - Product URL resolved: https://books.toscrape.com/catalogue/the-mindfulness-and-acceptance-workbook-for-anxiety-a-guide-to-breaking-free-from-anxiety-phobias-and-worry-using-acceptance-and-commitment-therapy_937/index.html
2026-09-02 22:17:41,178 - INFO - Product URL resolved: https://books.toscrape.com/catalogue/the-life-changing-magic-of-tidying-up-the-japanese-art-of-decluttering-and-organizing_936/index.html
2026-09-02 22:17:41,178 - INFO - Product URL resolved: https://books.toscrape.com/catalogue/the-inefficiency-assassin-time-management-tactics-for-working-smarter-not-longer_935/index.html
2026-09-02 22:17:41,180 - INFO - Product URL resolved: https://books.toscrape.com/catalogue/the-gutsy-girl-escapades-for-your-life-of-epic-adventure_934/index.html
2026-09-02 22:17:41,180 - INFO - Product URL resolved: https://books.toscrape.com/catalogue/the-electric-pencil-drawings-from-inside-state-hospital-no-3_933/index.html
2026-09-02 22:17:41,180 - INFO - Product URL resolved: https://books.toscrape.com/catalogue/the-death-of-humanity-and-the-case-for-life_932/index.html
2026-09-02 22:17:41,180 - INFO - Product URL resolved: https://books.toscrape.com/catalogue/the-bulletproof-diet-lose-up-to-a-pound-a-day-reclaim-energy-and-focus-upgrade-your-life_931/index.html
2026-09-02 22:17:41,180 - INFO - Product URL resolved: https://books.toscrape.com/catalogue/the-art-forger_930/index.html
2026-09-02 22:17:41,180 - INFO - Product URL resolved: https://books.toscrape.com/catalogue/the-age-of-genius-the-seventeenth-century-and-the-birth-of-the-modern-mind_929/index.html
2026-09-02 22:17:41,180 - INFO - Product URL resolved: https://books.toscrape.com/catalogue/the-activists-tao-te-ching-ancient-advice-for-a-modern-revolution_928/index.html
2026-09-02 22:17:41,180 - INFO - Product URL resolved: https://books.toscrape.com/catalogue/spark-joy-an-illustrated-master-class-on-the-art-of-organizing-and-tidying-up_927/index.html
2026-09-02 22:17:41,180 - INFO - Product URL resolved: https://books.toscrape.com/catalogue/soul-reader_926/index.html
2026-09-02 22:17:41,180 - INFO - Product URL resolved: https://books.toscrape.com/catalogue/security_925/index.html
2026-09-02 22:17:41,180 - INFO - Product URL resolved: https://books.toscrape.com/catalogue/saga-volume-6-saga-collected-editions-6_924/index.html
2026-09-02 22:17:41,180 - INFO - Product URL resolved: https://books.toscrape.com/catalogue/saga-volume-5-saga-collected-editions-5_923/index.html
2026-09-02 22:17:41,180 - INFO - Product URL resolved: https://books.toscrape.com/catalogue/reskilling-america-learning-to-labor-in-the-twenty-first-century_922/index.html
2026-09-02 22:17:41,180 - INFO - Product URL resolved: https://books.toscrape.com/catalogue/rat-queens-vol-3-demons-rat-queens-collected-editions-11-15_921/index.html
2026-09-02 22:17:41,180 - INFO - Successfully extracted 20 products.
2026-09-02 22:17:41,180 - INFO - Products found on page 4: 20
2026-09-02 22:17:41,180 - INFO - Matching products collected so far: 0
2026-09-02 22:17:41,180 - INFO - Scraping page 5: https://books.toscrape.com/catalogue/page-5.html
2026-09-02 22:17:42,910 - INFO - Request successful: 200 - https://books.toscrape.com/catalogue/page-5.html
2026-09-02 22:17:42,926 - INFO - HTML parsed successfully.
2026-09-02 22:17:42,931 - INFO - Product elements found: 20
2026-09-02 22:17:42,931 - INFO - Product URL resolved: https://books.toscrape.com/catalogue/princess-jellyfish-2-in-1-omnibus-vol-01-princess-jellyfish-2-in-1-omnibus-1_920/index.html
2026-09-02 22:17:42,931 - INFO - Product URL resolved: https://books.toscrape.com/catalogue/princess-between-worlds-wide-awake-princess-5_919/index.html
2026-09-02 22:17:42,931 - INFO - Product URL resolved: https://books.toscrape.com/catalogue/pop-gun-war-volume-1-gift_918/index.html
2026-09-02 22:17:42,932 - INFO - Product URL resolved: https://books.toscrape.com/catalogue/political-suicide-missteps-peccadilloes-bad-calls-backroom-hijinx-sordid-pasts-rotten-breaks-and-just-plain-dumb-mistakes-in-the-annals-of-american-politics_917/index.html
2026-09-02 22:17:42,932 - INFO - Product URL resolved: https://books.toscrape.com/catalogue/patience_916/index.html
2026-09-02 22:17:42,932 - INFO - Product URL resolved: https://books.toscrape.com/catalogue/outcast-vol-1-a-darkness-surrounds-him-outcast-1_915/index.html
2026-09-02 22:17:42,932 - INFO - Product URL resolved: https://books.toscrape.com/catalogue/orange-the-complete-collection-1-orange-the-complete-collection-1_914/index.html
2026-09-02 22:17:42,932 - INFO - Product URL resolved: https://books.toscrape.com/catalogue/online-marketing-for-busy-authors-a-step-by-step-guide_913/index.html
2026-09-02 22:17:42,932 - INFO - Product URL resolved: https://books.toscrape.com/catalogue/on-a-midnight-clear_912/index.html
2026-09-02 22:17:42,932 - INFO - Product URL resolved: https://books.toscrape.com/catalogue/obsidian-lux-1_911/index.html
2026-09-02 22:17:42,932 - INFO - Product URL resolved: https://books.toscrape.com/catalogue/my-paris-kitchen-recipes-and-stories_910/index.html
2026-09-02 22:17:42,932 - INFO - Product URL resolved: https://books.toscrape.com/catalogue/masks-and-shadows_909/index.html
2026-09-02 22:17:42,932 - INFO - Product URL resolved: https://books.toscrape.com/catalogue/mama-tried-traditional-italian-cooking-for-the-screwed-crude-vegan-and-tattooed_908/index.html
2026-09-02 22:17:42,932 - INFO - Product URL resolved: https://books.toscrape.com/catalogue/lumberjanes-vol-2-friendship-to-the-max-lumberjanes-5-8_907/index.html
2026-09-02 22:17:42,932 - INFO - Product URL resolved: https://books.toscrape.com/catalogue/lumberjanes-vol-1-beware-the-kitten-holy-lumberjanes-1-4_906/index.html
2026-09-02 22:17:42,932 - INFO - Product URL resolved: https://books.toscrape.com/catalogue/lumberjanes-vol-3-a-terrible-plan-lumberjanes-9-12_905/index.html
2026-09-02 22:17:42,932 - INFO - Product URL resolved: https://books.toscrape.com/catalogue/layered-baking-building-and-styling-spectacular-cakes_904/index.html
2026-09-02 22:17:42,932 - INFO - Product URL resolved: https://books.toscrape.com/catalogue/judo-seven-steps-to-black-belt-an-introductory-guide-for-beginners_903/index.html
2026-09-02 22:17:42,932 - INFO - Product URL resolved: https://books.toscrape.com/catalogue/join_902/index.html
2026-09-02 22:17:42,932 - INFO - Product URL resolved: https://books.toscrape.com/catalogue/in-the-country-we-love-my-family-divided_901/index.html
2026-09-02 22:17:42,932 - INFO - Successfully extracted 20 products.
2026-09-02 22:17:42,932 - INFO - Products found on page 5: 20
2026-09-02 22:17:42,937 - INFO - Matching products collected so far: 0
2026-09-02 22:17:42,937 - INFO - Scraping page 6: https://books.toscrape.com/catalogue/page-6.html
2026-09-02 22:17:44,666 - INFO - Request successful: 200 - https://books.toscrape.com/catalogue/page-6.html
2026-09-02 22:17:44,681 - INFO - HTML parsed successfully.
2026-09-02 22:17:44,681 - INFO - Product elements found: 20
2026-09-02 22:17:44,686 - INFO - Product URL resolved: https://books.toscrape.com/catalogue/immunity-how-elie-metchnikoff-changed-the-course-of-modern-medicine_900/index.html
2026-09-02 22:17:44,686 - INFO - Product URL resolved: https://books.toscrape.com/catalogue/i-hate-fairyland-vol-1-madly-ever-after-i-hate-fairyland-compilations-1-5_899/index.html
2026-09-02 22:17:44,686 - INFO - Product URL resolved: https://books.toscrape.com/catalogue/i-am-a-hero-omnibus-volume-1_898/index.html
2026-09-02 22:17:44,686 - INFO - Product URL resolved: https://books.toscrape.com/catalogue/how-to-be-miserable-40-strategies-you-already-use_897/index.html
2026-09-02 22:17:44,687 - INFO - Product URL resolved: https://books.toscrape.com/catalogue/her-backup-boyfriend-the-sorensen-family-1_896/index.html
2026-09-02 22:17:44,687 - INFO - Product URL resolved: https://books.toscrape.com/catalogue/giant-days-vol-2-giant-days-5-8_895/index.html
2026-09-02 22:17:44,687 - INFO - Product URL resolved: https://books.toscrape.com/catalogue/forever-and-forever-the-courtship-of-henry-longfellow-and-fanny-appleton_894/index.html
2026-09-02 22:17:44,687 - INFO - Product URL resolved: https://books.toscrape.com/catalogue/first-and-first-five-boroughs-3_893/index.html
2026-09-02 22:17:44,688 - INFO - Product URL resolved: https://books.toscrape.com/catalogue/fifty-shades-darker-fifty-shades-2_892/index.html
2026-09-02 22:17:44,688 - INFO - Product URL resolved: https://books.toscrape.com/catalogue/everydata-the-misinformation-hidden-in-the-little-data-you-consume-every-day_891/index.html
2026-09-02 22:17:44,688 - INFO - Product URL resolved: https://books.toscrape.com/catalogue/dont-be-a-jerk-and-other-practical-advice-from-dogen-japans-greatest-zen-master_890/index.html
2026-09-02 22:17:44,689 - INFO - Product URL resolved: https://books.toscrape.com/catalogue/danganronpa-volume-1_889/index.html
2026-09-02 22:17:44,689 - INFO - Product URL resolved: https://books.toscrape.com/catalogue/crown-of-midnight-throne-of-glass-2_888/index.html
2026-09-02 22:17:44,689 - INFO - Product URL resolved: https://books.toscrape.com/catalogue/codename-baboushka-volume-1-the-conclave-of-death_887/index.html
2026-09-02 22:17:44,689 - INFO - Product URL resolved: https://books.toscrape.com/catalogue/camp-midnight_886/index.html
2026-09-02 22:17:44,691 - INFO - Product URL resolved: https://books.toscrape.com/catalogue/call-the-nurse-true-stories-of-a-country-nurse-on-a-scottish-isle_885/index.html
2026-09-02 22:17:44,691 - INFO - Product URL resolved: https://books.toscrape.com/catalogue/burning_884/index.html
2026-09-02 22:17:44,691 - INFO - Product URL resolved: https://books.toscrape.com/catalogue/bossypants_883/index.html
2026-09-02 22:17:44,691 - INFO - Product URL resolved: https://books.toscrape.com/catalogue/bitch-planet-vol-1-extraordinary-machine-bitch-planet-collected-editions_882/index.html
2026-09-02 22:17:44,691 - INFO - Product URL resolved: https://books.toscrape.com/catalogue/avatar-the-last-airbender-smoke-and-shadow-part-3-smoke-and-shadow-3_881/index.html
2026-09-02 22:17:44,691 - INFO - Successfully extracted 20 products.
2026-09-02 22:17:44,691 - INFO - Products found on page 6: 20
2026-09-02 22:17:44,691 - INFO - Matching products collected so far: 0
2026-09-02 22:17:44,691 - INFO - Scraping page 7: https://books.toscrape.com/catalogue/page-7.html
2026-09-02 22:17:46,426 - INFO - Request successful: 200 - https://books.toscrape.com/catalogue/page-7.html
2026-09-02 22:17:46,442 - INFO - HTML parsed successfully.
2026-09-02 22:17:46,442 - INFO - Product elements found: 20
2026-09-02 22:17:46,442 - INFO - Product URL resolved: https://books.toscrape.com/catalogue/algorithms-to-live-by-the-computer-science-of-human-decisions_880/index.html
2026-09-02 22:17:46,442 - INFO - Product URL resolved: https://books.toscrape.com/catalogue/a-world-of-flavor-your-gluten-free-passport_879/index.html
2026-09-02 22:17:46,442 - INFO - Product URL resolved: https://books.toscrape.com/catalogue/a-piece-of-sky-a-grain-of-rice-a-memoir-in-four-meditations_878/index.html
2026-09-02 22:17:46,442 - INFO - Product URL resolved: https://books.toscrape.com/catalogue/a-murder-in-time_877/index.html
2026-09-02 22:17:46,442 - INFO - Product URL resolved: https://books.toscrape.com/catalogue/a-flight-of-arrows-the-pathfinders-2_876/index.html
2026-09-02 22:17:46,447 - INFO - Product URL resolved: https://books.toscrape.com/catalogue/a-fierce-and-subtle-poison_875/index.html
2026-09-02 22:17:46,447 - INFO - Product URL resolved: https://books.toscrape.com/catalogue/a-court-of-thorns-and-roses-a-court-of-thorns-and-roses-1_874/index.html
2026-09-02 22:17:46,447 - INFO - Product URL resolved: https://books.toscrape.com/catalogue/unqualified-how-god-uses-broken-people-to-do-big-things_873/index.html
2026-09-02 22:17:46,447 - INFO - Product URL resolved: https://books.toscrape.com/catalogue/you-are-what-you-love-the-spiritual-power-of-habit_872/index.html
2026-09-02 22:17:46,448 - INFO - Product URL resolved: https://books.toscrape.com/catalogue/william-shakespeares-star-wars-verily-a-new-hope-william-shakespeares-star-wars-4_871/index.html
2026-09-02 22:17:46,448 - INFO - Product URL resolved: https://books.toscrape.com/catalogue/tuesday-nights-in-1980_870/index.html
2026-09-02 22:17:46,448 - INFO - Product URL resolved: https://books.toscrape.com/catalogue/tracing-numbers-on-a-train_869/index.html
2026-09-02 22:17:46,448 - INFO - Product URL resolved: https://books.toscrape.com/catalogue/throne-of-glass-throne-of-glass-1_868/index.html
2026-09-02 22:17:46,448 - INFO - Product URL resolved: https://books.toscrape.com/catalogue/thomas-jefferson-and-the-tripoli-pirates-the-forgotten-war-that-changed-american-history_867/index.html
2026-09-02 22:17:46,448 - INFO - Product URL resolved: https://books.toscrape.com/catalogue/thirteen-reasons-why_866/index.html
2026-09-02 22:17:46,448 - INFO - Product URL resolved: https://books.toscrape.com/catalogue/the-white-cat-and-the-monk-a-retelling-of-the-poem-pangur-ban_865/index.html
2026-09-02 22:17:46,448 - INFO - Product URL resolved: https://books.toscrape.com/catalogue/the-wedding-dress_864/index.html
2026-09-02 22:17:46,451 - INFO - Product URL resolved: https://books.toscrape.com/catalogue/the-vacationers_863/index.html
2026-09-02 22:17:46,451 - INFO - Product URL resolved: https://books.toscrape.com/catalogue/the-third-wave-an-entrepreneurs-vision-of-the-future_862/index.html
2026-09-02 22:17:46,451 - INFO - Product URL resolved: https://books.toscrape.com/catalogue/the-stranger_861/index.html
2026-09-02 22:17:46,451 - INFO - Successfully extracted 20 products.
2026-09-02 22:17:46,451 - INFO - Products found on page 7: 20
2026-09-02 22:17:46,451 - INFO - Product matched query: A Flight of Arrows (The Pathfinders #2)
2026-09-02 22:17:46,451 - INFO - Matching products collected so far: 1
2026-09-02 22:17:46,451 - INFO - Search filtering completed. Matching products: 1
2026-09-02 22:17:46,451 - INFO - Fetching product details: https://books.toscrape.com/catalogue/a-flight-of-arrows-the-pathfinders-2_876/index.html
2026-09-02 22:17:47,944 - INFO - Request successful: 200 - https://books.toscrape.com/catalogue/a-flight-of-arrows-the-pathfinders-2_876/index.html
2026-09-02 22:17:47,966 - INFO - HTML parsed successfully.
2026-09-02 22:17:47,968 - INFO - Product details extracted successfully.
2026-09-02 22:17:47,968 - INFO - Search completed. Products collected: 1
2026-09-02 22:17:47,968 - INFO - Scraping completed. Total products collected: 1
2026-09-02 22:17:47,970 - INFO - All required columns are present.
2026-09-02 22:17:47,976 - INFO - Data cleaning completed. Final records: 1
2026-09-02 22:17:48,134 - INFO - Data exported successfully. CSV: output/products.csv, Excel: output/products.xlsx
2026-09-02 22:17:51,156 - INFO - Scraper completed successfully. Total products processed: 1
2026-09-02 22:20:28,280 - INFO - Scraper started. Maximum products: 1
2026-09-02 22:20:28,280 - INFO - Selected scraper: BooksToScrapeScraper
2026-09-02 22:20:28,280 - INFO - Searching for products with query: 'light'
2026-09-02 22:20:28,280 - INFO - Scraping page 1: https://books.toscrape.com/
2026-09-02 22:20:30,822 - INFO - Request successful: 200 - https://books.toscrape.com/
2026-09-02 22:20:30,840 - INFO - HTML parsed successfully.
2026-09-02 22:20:30,840 - INFO - Product elements found: 20
2026-09-02 22:20:30,840 - INFO - Product URL resolved: https://books.toscrape.com/catalogue/a-light-in-the-attic_1000/index.html
2026-09-02 22:20:30,840 - INFO - Product URL resolved: https://books.toscrape.com/catalogue/tipping-the-velvet_999/index.html
2026-09-02 22:20:30,840 - INFO - Product URL resolved: https://books.toscrape.com/catalogue/soumission_998/index.html
2026-09-02 22:20:30,840 - INFO - Product URL resolved: https://books.toscrape.com/catalogue/sharp-objects_997/index.html
2026-09-02 22:20:30,840 - INFO - Product URL resolved: https://books.toscrape.com/catalogue/sapiens-a-brief-history-of-humankind_996/index.html
2026-09-02 22:20:30,840 - INFO - Product URL resolved: https://books.toscrape.com/catalogue/the-requiem-red_995/index.html
2026-09-02 22:20:30,840 - INFO - Product URL resolved: https://books.toscrape.com/catalogue/the-dirty-little-secrets-of-getting-your-dream-job_994/index.html
2026-09-02 22:20:30,840 - INFO - Product URL resolved: https://books.toscrape.com/catalogue/the-coming-woman-a-novel-based-on-the-life-of-the-infamous-feminist-victoria-woodhull_993/index.html
2026-09-02 22:20:30,840 - INFO - Product URL resolved: https://books.toscrape.com/catalogue/the-boys-in-the-boat-nine-americans-and-their-epic-quest-for-gold-at-the-1936-berlin-olympics_992/index.html
2026-09-02 22:20:30,840 - INFO - Product URL resolved: https://books.toscrape.com/catalogue/the-black-maria_991/index.html
2026-09-02 22:20:30,840 - INFO - Product URL resolved: https://books.toscrape.com/catalogue/starving-hearts-triangular-trade-trilogy-1_990/index.html
2026-09-02 22:20:30,840 - INFO - Product URL resolved: https://books.toscrape.com/catalogue/shakespeares-sonnets_989/index.html
2026-09-02 22:20:30,840 - INFO - Product URL resolved: https://books.toscrape.com/catalogue/set-me-free_988/index.html
2026-09-02 22:20:30,840 - INFO - Product URL resolved: https://books.toscrape.com/catalogue/scott-pilgrims-precious-little-life-scott-pilgrim-1_987/index.html
2026-09-02 22:20:30,840 - INFO - Product URL resolved: https://books.toscrape.com/catalogue/rip-it-up-and-start-again_986/index.html
2026-09-02 22:20:30,840 - INFO - Product URL resolved: https://books.toscrape.com/catalogue/our-band-could-be-your-life-scenes-from-the-american-indie-underground-1981-1991_985/index.html
2026-09-02 22:20:30,840 - INFO - Product URL resolved: https://books.toscrape.com/catalogue/olio_984/index.html
2026-09-02 22:20:30,840 - INFO - Product URL resolved: https://books.toscrape.com/catalogue/mesaerion-the-best-science-fiction-stories-1800-1849_983/index.html
2026-09-02 22:20:30,840 - INFO - Product URL resolved: https://books.toscrape.com/catalogue/libertarianism-for-beginners_982/index.html
2026-09-02 22:20:30,840 - INFO - Product URL resolved: https://books.toscrape.com/catalogue/its-only-the-himalayas_981/index.html
2026-09-02 22:20:30,840 - INFO - Successfully extracted 20 products.
2026-09-02 22:20:30,840 - INFO - Products found on page 1: 20
2026-09-02 22:20:30,840 - INFO - Product matched query: A Light in the Attic
2026-09-02 22:20:30,840 - INFO - Matching products collected so far: 1
2026-09-02 22:20:30,840 - INFO - Search filtering completed. Matching products: 1
2026-09-02 22:20:30,840 - INFO - Fetching product details: https://books.toscrape.com/catalogue/a-light-in-the-attic_1000/index.html
2026-09-02 22:20:32,102 - INFO - Request successful: 200 - https://books.toscrape.com/catalogue/a-light-in-the-attic_1000/index.html
2026-09-02 22:20:32,133 - INFO - HTML parsed successfully.
2026-09-02 22:20:32,133 - INFO - Product description cleaned successfully.
2026-09-02 22:20:32,133 - INFO - Search completed. Products collected: 1
2026-09-02 22:20:32,133 - INFO - Scraping completed. Total products collected: 1
2026-09-02 22:20:32,149 - INFO - All required columns are present.
2026-09-02 22:20:32,157 - INFO - Data cleaning completed. Final records: 1
2026-09-02 22:20:32,345 - INFO - Data exported successfully. CSV: output/products.csv, Excel: output/products.xlsx
2026-09-02 22:20:34,656 - INFO - Scraper completed successfully. Total products processed: 1
2026-09-02 22:20:37,407 - INFO - Scraper started. Maximum products: 1
2026-09-02 22:20:37,407 - INFO - Selected scraper: BooksToScrapeScraper
2026-09-02 22:20:37,407 - INFO - Searching for products with query: 'flight'
2026-09-02 22:20:37,407 - INFO - Scraping page 1: https://books.toscrape.com/
2026-09-02 22:20:39,787 - INFO - Request successful: 200 - https://books.toscrape.com/
2026-09-02 22:20:39,803 - INFO - HTML parsed successfully.
2026-09-02 22:20:39,803 - INFO - Product elements found: 20
2026-09-02 22:20:39,803 - INFO - Product URL resolved: https://books.toscrape.com/catalogue/a-light-in-the-attic_1000/index.html
2026-09-02 22:20:39,803 - INFO - Product URL resolved: https://books.toscrape.com/catalogue/tipping-the-velvet_999/index.html
2026-09-02 22:20:39,803 - INFO - Product URL resolved: https://books.toscrape.com/catalogue/soumission_998/index.html
2026-09-02 22:20:39,803 - INFO - Product URL resolved: https://books.toscrape.com/catalogue/sharp-objects_997/index.html
2026-09-02 22:20:39,803 - INFO - Product URL resolved: https://books.toscrape.com/catalogue/sapiens-a-brief-history-of-humankind_996/index.html
2026-09-02 22:20:39,803 - INFO - Product URL resolved: https://books.toscrape.com/catalogue/the-requiem-red_995/index.html
2026-09-02 22:20:39,803 - INFO - Product URL resolved: https://books.toscrape.com/catalogue/the-dirty-little-secrets-of-getting-your-dream-job_994/index.html
2026-09-02 22:20:39,803 - INFO - Product URL resolved: https://books.toscrape.com/catalogue/the-coming-woman-a-novel-based-on-the-life-of-the-infamous-feminist-victoria-woodhull_993/index.html
2026-09-02 22:20:39,803 - INFO - Product URL resolved: https://books.toscrape.com/catalogue/the-boys-in-the-boat-nine-americans-and-their-epic-quest-for-gold-at-the-1936-berlin-olympics_992/index.html
2026-09-02 22:20:39,803 - INFO - Product URL resolved: https://books.toscrape.com/catalogue/the-black-maria_991/index.html
2026-09-02 22:20:39,803 - INFO - Product URL resolved: https://books.toscrape.com/catalogue/starving-hearts-triangular-trade-trilogy-1_990/index.html
2026-09-02 22:20:39,803 - INFO - Product URL resolved: https://books.toscrape.com/catalogue/shakespeares-sonnets_989/index.html
2026-09-02 22:20:39,803 - INFO - Product URL resolved: https://books.toscrape.com/catalogue/set-me-free_988/index.html
2026-09-02 22:20:39,803 - INFO - Product URL resolved: https://books.toscrape.com/catalogue/scott-pilgrims-precious-little-life-scott-pilgrim-1_987/index.html
2026-09-02 22:20:39,803 - INFO - Product URL resolved: https://books.toscrape.com/catalogue/rip-it-up-and-start-again_986/index.html
2026-09-02 22:20:39,803 - INFO - Product URL resolved: https://books.toscrape.com/catalogue/our-band-could-be-your-life-scenes-from-the-american-indie-underground-1981-1991_985/index.html
2026-09-02 22:20:39,803 - INFO - Product URL resolved: https://books.toscrape.com/catalogue/olio_984/index.html
2026-09-02 22:20:39,819 - INFO - Product URL resolved: https://books.toscrape.com/catalogue/mesaerion-the-best-science-fiction-stories-1800-1849_983/index.html
2026-09-02 22:20:39,819 - INFO - Product URL resolved: https://books.toscrape.com/catalogue/libertarianism-for-beginners_982/index.html
2026-09-02 22:20:39,819 - INFO - Product URL resolved: https://books.toscrape.com/catalogue/its-only-the-himalayas_981/index.html
2026-09-02 22:20:39,819 - INFO - Successfully extracted 20 products.
2026-09-02 22:20:39,819 - INFO - Products found on page 1: 20
2026-09-02 22:20:39,819 - INFO - Matching products collected so far: 0
2026-09-02 22:20:39,819 - INFO - Scraping page 2: https://books.toscrape.com/catalogue/page-2.html
2026-09-02 22:20:41,540 - INFO - Request successful: 200 - https://books.toscrape.com/catalogue/page-2.html
2026-09-02 22:20:41,559 - INFO - HTML parsed successfully.
2026-09-02 22:20:41,559 - INFO - Product elements found: 20
2026-09-02 22:20:41,561 - INFO - Product URL resolved: https://books.toscrape.com/catalogue/in-her-wake_980/index.html
2026-09-02 22:20:41,561 - INFO - Product URL resolved: https://books.toscrape.com/catalogue/how-music-works_979/index.html
2026-09-02 22:20:41,561 - INFO - Product URL resolved: https://books.toscrape.com/catalogue/foolproof-preserving-a-guide-to-small-batch-jams-jellies-pickles-condiments-and-more-a-foolproof-guide-to-making-small-batch-jams-jellies-pickles-condiments-and-more_978/index.html
2026-09-02 22:20:41,561 - INFO - Product URL resolved: https://books.toscrape.com/catalogue/chase-me-paris-nights-2_977/index.html
2026-09-02 22:20:41,561 - INFO - Product URL resolved: https://books.toscrape.com/catalogue/black-dust_976/index.html
2026-09-02 22:20:41,561 - INFO - Product URL resolved: https://books.toscrape.com/catalogue/birdsong-a-story-in-pictures_975/index.html
2026-09-02 22:20:41,561 - INFO - Product URL resolved: https://books.toscrape.com/catalogue/americas-cradle-of-quarterbacks-western-pennsylvanias-football-factory-from-johnny-unitas-to-joe-montana_974/index.html
2026-09-02 22:20:41,563 - INFO - Product URL resolved: https://books.toscrape.com/catalogue/aladdin-and-his-wonderful-lamp_973/index.html
2026-09-02 22:20:41,563 - INFO - Product URL resolved: https://books.toscrape.com/catalogue/worlds-elsewhere-journeys-around-shakespeares-globe_972/index.html
2026-09-02 22:20:41,563 - INFO - Product URL resolved: https://books.toscrape.com/catalogue/wall-and-piece_971/index.html
2026-09-02 22:20:41,563 - INFO - Product URL resolved: https://books.toscrape.com/catalogue/the-four-agreements-a-practical-guide-to-personal-freedom_970/index.html
2026-09-02 22:20:41,564 - INFO - Product URL resolved: https://books.toscrape.com/catalogue/the-five-love-languages-how-to-express-heartfelt-commitment-to-your-mate_969/index.html
2026-09-02 22:20:41,564 - INFO - Product URL resolved: https://books.toscrape.com/catalogue/the-elephant-tree_968/index.html
2026-09-02 22:20:41,564 - INFO - Product URL resolved: https://books.toscrape.com/catalogue/the-bear-and-the-piano_967/index.html
2026-09-02 22:20:41,565 - INFO - Product URL resolved: https://books.toscrape.com/catalogue/sophies-world_966/index.html
2026-09-02 22:20:41,565 - INFO - Product URL resolved: https://books.toscrape.com/catalogue/penny-maybe_965/index.html
2026-09-02 22:20:41,565 - INFO - Product URL resolved: https://books.toscrape.com/catalogue/maude-1883-1993she-grew-up-with-the-country_964/index.html
2026-09-02 22:20:41,566 - INFO - Product URL resolved: https://books.toscrape.com/catalogue/in-a-dark-dark-wood_963/index.html
2026-09-02 22:20:41,566 - INFO - Product URL resolved: https://books.toscrape.com/catalogue/behind-closed-doors_962/index.html
2026-09-02 22:20:41,566 - INFO - Product URL resolved: https://books.toscrape.com/catalogue/you-cant-bury-them-all-poems_961/index.html
2026-09-02 22:20:41,566 - INFO - Successfully extracted 20 products.
2026-09-02 22:20:41,566 - INFO - Products found on page 2: 20
2026-09-02 22:20:41,566 - INFO - Matching products collected so far: 0
2026-09-02 22:20:41,569 - INFO - Scraping page 3: https://books.toscrape.com/catalogue/page-3.html
2026-09-02 22:20:43,277 - INFO - Request successful: 200 - https://books.toscrape.com/catalogue/page-3.html
2026-09-02 22:20:43,309 - INFO - HTML parsed successfully.
2026-09-02 22:20:43,309 - INFO - Product elements found: 20
2026-09-02 22:20:43,309 - INFO - Product URL resolved: https://books.toscrape.com/catalogue/slow-states-of-collapse-poems_960/index.html
2026-09-02 22:20:43,309 - INFO - Product URL resolved: https://books.toscrape.com/catalogue/reasons-to-stay-alive_959/index.html
2026-09-02 22:20:43,309 - INFO - Product URL resolved: https://books.toscrape.com/catalogue/private-paris-private-10_958/index.html
2026-09-02 22:20:43,309 - INFO - Product URL resolved: https://books.toscrape.com/catalogue/higherselfie-wake-up-your-life-free-your-soul-find-your-tribe_957/index.html
2026-09-02 22:20:43,309 - INFO - Product URL resolved: https://books.toscrape.com/catalogue/without-borders-wanderlove-1_956/index.html
2026-09-02 22:20:43,309 - INFO - Product URL resolved: https://books.toscrape.com/catalogue/when-we-collided_955/index.html
2026-09-02 22:20:43,309 - INFO - Product URL resolved: https://books.toscrape.com/catalogue/we-love-you-charlie-freeman_954/index.html
2026-09-02 22:20:43,309 - INFO - Product URL resolved: https://books.toscrape.com/catalogue/untitled-collection-sabbath-poems-2014_953/index.html
2026-09-02 22:20:43,309 - INFO - Product URL resolved: https://books.toscrape.com/catalogue/unseen-city-the-majesty-of-pigeons-the-discreet-charm-of-snails-other-wonders-of-the-urban-wilderness_952/index.html
2026-09-02 22:20:43,309 - INFO - Product URL resolved: https://books.toscrape.com/catalogue/unicorn-tracks_951/index.html
2026-09-02 22:20:43,309 - INFO - Product URL resolved: https://books.toscrape.com/catalogue/unbound-how-eight-technologies-made-us-human-transformed-society-and-brought-our-world-to-the-brink_950/index.html
2026-09-02 22:20:43,309 - INFO - Product URL resolved: https://books.toscrape.com/catalogue/tsubasa-world-chronicle-2-tsubasa-world-chronicle-2_949/index.html
2026-09-02 22:20:43,309 - INFO - Product URL resolved: https://books.toscrape.com/catalogue/throwing-rocks-at-the-google-bus-how-growth-became-the-enemy-of-prosperity_948/index.html
2026-09-02 22:20:43,309 - INFO - Product URL resolved: https://books.toscrape.com/catalogue/this-one-summer_947/index.html
2026-09-02 22:20:43,309 - INFO - Product URL resolved: https://books.toscrape.com/catalogue/thirst_946/index.html
2026-09-02 22:20:43,309 - INFO - Product URL resolved: https://books.toscrape.com/catalogue/the-torch-is-passed-a-harding-family-story_945/index.html
2026-09-02 22:20:43,309 - INFO - Product URL resolved: https://books.toscrape.com/catalogue/the-secret-of-dreadwillow-carse_944/index.html
2026-09-02 22:20:43,325 - INFO - Product URL resolved: https://books.toscrape.com/catalogue/the-pioneer-woman-cooks-dinnertime-comfort-classics-freezer-food-16-minute-meals-and-other-delicious-ways-to-solve-supper_943/index.html
2026-09-02 22:20:43,325 - INFO - Product URL resolved: https://books.toscrape.com/catalogue/the-past-never-ends_942/index.html
2026-09-02 22:20:43,325 - INFO - Product URL resolved: https://books.toscrape.com/catalogue/the-natural-history-of-us-the-fine-art-of-pretending-2_941/index.html
2026-09-02 22:20:43,325 - INFO - Successfully extracted 20 products.
2026-09-02 22:20:43,325 - INFO - Products found on page 3: 20
2026-09-02 22:20:43,325 - INFO - Matching products collected so far: 0
2026-09-02 22:20:43,325 - INFO - Scraping page 4: https://books.toscrape.com/catalogue/page-4.html
2026-09-02 22:20:45,021 - INFO - Request successful: 200 - https://books.toscrape.com/catalogue/page-4.html
2026-09-02 22:20:45,053 - INFO - HTML parsed successfully.
2026-09-02 22:20:45,053 - INFO - Product elements found: 20
2026-09-02 22:20:45,053 - INFO - Product URL resolved: https://books.toscrape.com/catalogue/the-nameless-city-the-nameless-city-1_940/index.html
2026-09-02 22:20:45,053 - INFO - Product URL resolved: https://books.toscrape.com/catalogue/the-murder-that-never-was-forensic-instincts-5_939/index.html
2026-09-02 22:20:45,053 - INFO - Product URL resolved: https://books.toscrape.com/catalogue/the-most-perfect-thing-inside-and-outside-a-birds-egg_938/index.html
2026-09-02 22:20:45,053 - INFO - Product URL resolved: https://books.toscrape.com/catalogue/the-mindfulness-and-acceptance-workbook-for-anxiety-a-guide-to-breaking-free-from-anxiety-phobias-and-worry-using-acceptance-and-commitment-therapy_937/index.html
2026-09-02 22:20:45,053 - INFO - Product URL resolved: https://books.toscrape.com/catalogue/the-life-changing-magic-of-tidying-up-the-japanese-art-of-decluttering-and-organizing_936/index.html
2026-09-02 22:20:45,053 - INFO - Product URL resolved: https://books.toscrape.com/catalogue/the-inefficiency-assassin-time-management-tactics-for-working-smarter-not-longer_935/index.html
2026-09-02 22:20:45,053 - INFO - Product URL resolved: https://books.toscrape.com/catalogue/the-gutsy-girl-escapades-for-your-life-of-epic-adventure_934/index.html
2026-09-02 22:20:45,053 - INFO - Product URL resolved: https://books.toscrape.com/catalogue/the-electric-pencil-drawings-from-inside-state-hospital-no-3_933/index.html
2026-09-02 22:20:45,053 - INFO - Product URL resolved: https://books.toscrape.com/catalogue/the-death-of-humanity-and-the-case-for-life_932/index.html
2026-09-02 22:20:45,053 - INFO - Product URL resolved: https://books.toscrape.com/catalogue/the-bulletproof-diet-lose-up-to-a-pound-a-day-reclaim-energy-and-focus-upgrade-your-life_931/index.html
2026-09-02 22:20:45,053 - INFO - Product URL resolved: https://books.toscrape.com/catalogue/the-art-forger_930/index.html
2026-09-02 22:20:45,053 - INFO - Product URL resolved: https://books.toscrape.com/catalogue/the-age-of-genius-the-seventeenth-century-and-the-birth-of-the-modern-mind_929/index.html
2026-09-02 22:20:45,053 - INFO - Product URL resolved: https://books.toscrape.com/catalogue/the-activists-tao-te-ching-ancient-advice-for-a-modern-revolution_928/index.html
2026-09-02 22:20:45,053 - INFO - Product URL resolved: https://books.toscrape.com/catalogue/spark-joy-an-illustrated-master-class-on-the-art-of-organizing-and-tidying-up_927/index.html
2026-09-02 22:20:45,053 - INFO - Product URL resolved: https://books.toscrape.com/catalogue/soul-reader_926/index.html
2026-09-02 22:20:45,053 - INFO - Product URL resolved: https://books.toscrape.com/catalogue/security_925/index.html
2026-09-02 22:20:45,053 - INFO - Product URL resolved: https://books.toscrape.com/catalogue/saga-volume-6-saga-collected-editions-6_924/index.html
2026-09-02 22:20:45,053 - INFO - Product URL resolved: https://books.toscrape.com/catalogue/saga-volume-5-saga-collected-editions-5_923/index.html
2026-09-02 22:20:45,053 - INFO - Product URL resolved: https://books.toscrape.com/catalogue/reskilling-america-learning-to-labor-in-the-twenty-first-century_922/index.html
2026-09-02 22:20:45,053 - INFO - Product URL resolved: https://books.toscrape.com/catalogue/rat-queens-vol-3-demons-rat-queens-collected-editions-11-15_921/index.html
2026-09-02 22:20:45,053 - INFO - Successfully extracted 20 products.
2026-09-02 22:20:45,053 - INFO - Products found on page 4: 20
2026-09-02 22:20:45,053 - INFO - Matching products collected so far: 0
2026-09-02 22:20:45,053 - INFO - Scraping page 5: https://books.toscrape.com/catalogue/page-5.html
2026-09-02 22:20:46,557 - INFO - Request successful: 200 - https://books.toscrape.com/catalogue/page-5.html
2026-09-02 22:20:46,573 - INFO - HTML parsed successfully.
2026-09-02 22:20:46,573 - INFO - Product elements found: 20
2026-09-02 22:20:46,573 - INFO - Product URL resolved: https://books.toscrape.com/catalogue/princess-jellyfish-2-in-1-omnibus-vol-01-princess-jellyfish-2-in-1-omnibus-1_920/index.html
2026-09-02 22:20:46,573 - INFO - Product URL resolved: https://books.toscrape.com/catalogue/princess-between-worlds-wide-awake-princess-5_919/index.html
2026-09-02 22:20:46,573 - INFO - Product URL resolved: https://books.toscrape.com/catalogue/pop-gun-war-volume-1-gift_918/index.html
2026-09-02 22:20:46,573 - INFO - Product URL resolved: https://books.toscrape.com/catalogue/political-suicide-missteps-peccadilloes-bad-calls-backroom-hijinx-sordid-pasts-rotten-breaks-and-just-plain-dumb-mistakes-in-the-annals-of-american-politics_917/index.html
2026-09-02 22:20:46,573 - INFO - Product URL resolved: https://books.toscrape.com/catalogue/patience_916/index.html
2026-09-02 22:20:46,573 - INFO - Product URL resolved: https://books.toscrape.com/catalogue/outcast-vol-1-a-darkness-surrounds-him-outcast-1_915/index.html
2026-09-02 22:20:46,573 - INFO - Product URL resolved: https://books.toscrape.com/catalogue/orange-the-complete-collection-1-orange-the-complete-collection-1_914/index.html
2026-09-02 22:20:46,573 - INFO - Product URL resolved: https://books.toscrape.com/catalogue/online-marketing-for-busy-authors-a-step-by-step-guide_913/index.html
2026-09-02 22:20:46,573 - INFO - Product URL resolved: https://books.toscrape.com/catalogue/on-a-midnight-clear_912/index.html
2026-09-02 22:20:46,573 - INFO - Product URL resolved: https://books.toscrape.com/catalogue/obsidian-lux-1_911/index.html
2026-09-02 22:20:46,573 - INFO - Product URL resolved: https://books.toscrape.com/catalogue/my-paris-kitchen-recipes-and-stories_910/index.html
2026-09-02 22:20:46,573 - INFO - Product URL resolved: https://books.toscrape.com/catalogue/masks-and-shadows_909/index.html
2026-09-02 22:20:46,573 - INFO - Product URL resolved: https://books.toscrape.com/catalogue/mama-tried-traditional-italian-cooking-for-the-screwed-crude-vegan-and-tattooed_908/index.html
2026-09-02 22:20:46,573 - INFO - Product URL resolved: https://books.toscrape.com/catalogue/lumberjanes-vol-2-friendship-to-the-max-lumberjanes-5-8_907/index.html
2026-09-02 22:20:46,573 - INFO - Product URL resolved: https://books.toscrape.com/catalogue/lumberjanes-vol-1-beware-the-kitten-holy-lumberjanes-1-4_906/index.html
2026-09-02 22:20:46,573 - INFO - Product URL resolved: https://books.toscrape.com/catalogue/lumberjanes-vol-3-a-terrible-plan-lumberjanes-9-12_905/index.html
2026-09-02 22:20:46,573 - INFO - Product URL resolved: https://books.toscrape.com/catalogue/layered-baking-building-and-styling-spectacular-cakes_904/index.html
2026-09-02 22:20:46,573 - INFO - Product URL resolved: https://books.toscrape.com/catalogue/judo-seven-steps-to-black-belt-an-introductory-guide-for-beginners_903/index.html
2026-09-02 22:20:46,573 - INFO - Product URL resolved: https://books.toscrape.com/catalogue/join_902/index.html
2026-09-02 22:20:46,573 - INFO - Product URL resolved: https://books.toscrape.com/catalogue/in-the-country-we-love-my-family-divided_901/index.html
2026-09-02 22:20:46,573 - INFO - Successfully extracted 20 products.
2026-09-02 22:20:46,573 - INFO - Products found on page 5: 20
2026-09-02 22:20:46,573 - INFO - Matching products collected so far: 0
2026-09-02 22:20:46,573 - INFO - Scraping page 6: https://books.toscrape.com/catalogue/page-6.html
2026-09-02 22:20:48,059 - INFO - Request successful: 200 - https://books.toscrape.com/catalogue/page-6.html
2026-09-02 22:20:48,075 - INFO - HTML parsed successfully.
2026-09-02 22:20:48,075 - INFO - Product elements found: 20
2026-09-02 22:20:48,075 - INFO - Product URL resolved: https://books.toscrape.com/catalogue/immunity-how-elie-metchnikoff-changed-the-course-of-modern-medicine_900/index.html
2026-09-02 22:20:48,075 - INFO - Product URL resolved: https://books.toscrape.com/catalogue/i-hate-fairyland-vol-1-madly-ever-after-i-hate-fairyland-compilations-1-5_899/index.html
2026-09-02 22:20:48,075 - INFO - Product URL resolved: https://books.toscrape.com/catalogue/i-am-a-hero-omnibus-volume-1_898/index.html
2026-09-02 22:20:48,075 - INFO - Product URL resolved: https://books.toscrape.com/catalogue/how-to-be-miserable-40-strategies-you-already-use_897/index.html
2026-09-02 22:20:48,075 - INFO - Product URL resolved: https://books.toscrape.com/catalogue/her-backup-boyfriend-the-sorensen-family-1_896/index.html
2026-09-02 22:20:48,075 - INFO - Product URL resolved: https://books.toscrape.com/catalogue/giant-days-vol-2-giant-days-5-8_895/index.html
2026-09-02 22:20:48,075 - INFO - Product URL resolved: https://books.toscrape.com/catalogue/forever-and-forever-the-courtship-of-henry-longfellow-and-fanny-appleton_894/index.html
2026-09-02 22:20:48,075 - INFO - Product URL resolved: https://books.toscrape.com/catalogue/first-and-first-five-boroughs-3_893/index.html
2026-09-02 22:20:48,075 - INFO - Product URL resolved: https://books.toscrape.com/catalogue/fifty-shades-darker-fifty-shades-2_892/index.html
2026-09-02 22:20:48,075 - INFO - Product URL resolved: https://books.toscrape.com/catalogue/everydata-the-misinformation-hidden-in-the-little-data-you-consume-every-day_891/index.html
2026-09-02 22:20:48,075 - INFO - Product URL resolved: https://books.toscrape.com/catalogue/dont-be-a-jerk-and-other-practical-advice-from-dogen-japans-greatest-zen-master_890/index.html
2026-09-02 22:20:48,075 - INFO - Product URL resolved: https://books.toscrape.com/catalogue/danganronpa-volume-1_889/index.html
2026-09-02 22:20:48,075 - INFO - Product URL resolved: https://books.toscrape.com/catalogue/crown-of-midnight-throne-of-glass-2_888/index.html
2026-09-02 22:20:48,075 - INFO - Product URL resolved: https://books.toscrape.com/catalogue/codename-baboushka-volume-1-the-conclave-of-death_887/index.html
2026-09-02 22:20:48,075 - INFO - Product URL resolved: https://books.toscrape.com/catalogue/camp-midnight_886/index.html
2026-09-02 22:20:48,075 - INFO - Product URL resolved: https://books.toscrape.com/catalogue/call-the-nurse-true-stories-of-a-country-nurse-on-a-scottish-isle_885/index.html
2026-09-02 22:20:48,075 - INFO - Product URL resolved: https://books.toscrape.com/catalogue/burning_884/index.html
2026-09-02 22:20:48,075 - INFO - Product URL resolved: https://books.toscrape.com/catalogue/bossypants_883/index.html
2026-09-02 22:20:48,075 - INFO - Product URL resolved: https://books.toscrape.com/catalogue/bitch-planet-vol-1-extraordinary-machine-bitch-planet-collected-editions_882/index.html
2026-09-02 22:20:48,075 - INFO - Product URL resolved: https://books.toscrape.com/catalogue/avatar-the-last-airbender-smoke-and-shadow-part-3-smoke-and-shadow-3_881/index.html
2026-09-02 22:20:48,075 - INFO - Successfully extracted 20 products.
2026-09-02 22:20:48,075 - INFO - Products found on page 6: 20
2026-09-02 22:20:48,075 - INFO - Matching products collected so far: 0
2026-09-02 22:20:48,075 - INFO - Scraping page 7: https://books.toscrape.com/catalogue/page-7.html
2026-09-02 22:20:49,568 - INFO - Request successful: 200 - https://books.toscrape.com/catalogue/page-7.html
2026-09-02 22:20:49,577 - INFO - HTML parsed successfully.
2026-09-02 22:20:49,577 - INFO - Product elements found: 20
2026-09-02 22:20:49,577 - INFO - Product URL resolved: https://books.toscrape.com/catalogue/algorithms-to-live-by-the-computer-science-of-human-decisions_880/index.html
2026-09-02 22:20:49,577 - INFO - Product URL resolved: https://books.toscrape.com/catalogue/a-world-of-flavor-your-gluten-free-passport_879/index.html
2026-09-02 22:20:49,577 - INFO - Product URL resolved: https://books.toscrape.com/catalogue/a-piece-of-sky-a-grain-of-rice-a-memoir-in-four-meditations_878/index.html
2026-09-02 22:20:49,577 - INFO - Product URL resolved: https://books.toscrape.com/catalogue/a-murder-in-time_877/index.html
2026-09-02 22:20:49,577 - INFO - Product URL resolved: https://books.toscrape.com/catalogue/a-flight-of-arrows-the-pathfinders-2_876/index.html
2026-09-02 22:20:49,577 - INFO - Product URL resolved: https://books.toscrape.com/catalogue/a-fierce-and-subtle-poison_875/index.html
2026-09-02 22:20:49,577 - INFO - Product URL resolved: https://books.toscrape.com/catalogue/a-court-of-thorns-and-roses-a-court-of-thorns-and-roses-1_874/index.html
2026-09-02 22:20:49,577 - INFO - Product URL resolved: https://books.toscrape.com/catalogue/unqualified-how-god-uses-broken-people-to-do-big-things_873/index.html
2026-09-02 22:20:49,577 - INFO - Product URL resolved: https://books.toscrape.com/catalogue/you-are-what-you-love-the-spiritual-power-of-habit_872/index.html
2026-09-02 22:20:49,577 - INFO - Product URL resolved: https://books.toscrape.com/catalogue/william-shakespeares-star-wars-verily-a-new-hope-william-shakespeares-star-wars-4_871/index.html
2026-09-02 22:20:49,577 - INFO - Product URL resolved: https://books.toscrape.com/catalogue/tuesday-nights-in-1980_870/index.html
2026-09-02 22:20:49,577 - INFO - Product URL resolved: https://books.toscrape.com/catalogue/tracing-numbers-on-a-train_869/index.html
2026-09-02 22:20:49,577 - INFO - Product URL resolved: https://books.toscrape.com/catalogue/throne-of-glass-throne-of-glass-1_868/index.html
2026-09-02 22:20:49,577 - INFO - Product URL resolved: https://books.toscrape.com/catalogue/thomas-jefferson-and-the-tripoli-pirates-the-forgotten-war-that-changed-american-history_867/index.html
2026-09-02 22:20:49,577 - INFO - Product URL resolved: https://books.toscrape.com/catalogue/thirteen-reasons-why_866/index.html
2026-09-02 22:20:49,577 - INFO - Product URL resolved: https://books.toscrape.com/catalogue/the-white-cat-and-the-monk-a-retelling-of-the-poem-pangur-ban_865/index.html
2026-09-02 22:20:49,577 - INFO - Product URL resolved: https://books.toscrape.com/catalogue/the-wedding-dress_864/index.html
2026-09-02 22:20:49,577 - INFO - Product URL resolved: https://books.toscrape.com/catalogue/the-vacationers_863/index.html
2026-09-02 22:20:49,577 - INFO - Product URL resolved: https://books.toscrape.com/catalogue/the-third-wave-an-entrepreneurs-vision-of-the-future_862/index.html
2026-09-02 22:20:49,577 - INFO - Product URL resolved: https://books.toscrape.com/catalogue/the-stranger_861/index.html
2026-09-02 22:20:49,577 - INFO - Successfully extracted 20 products.
2026-09-02 22:20:49,577 - INFO - Products found on page 7: 20
2026-09-02 22:20:49,577 - INFO - Product matched query: A Flight of Arrows (The Pathfinders #2)
2026-09-02 22:20:49,577 - INFO - Matching products collected so far: 1
2026-09-02 22:20:49,577 - INFO - Search filtering completed. Matching products: 1
2026-09-02 22:20:49,577 - INFO - Fetching product details: https://books.toscrape.com/catalogue/a-flight-of-arrows-the-pathfinders-2_876/index.html
2026-09-02 22:20:51,076 - INFO - Request successful: 200 - https://books.toscrape.com/catalogue/a-flight-of-arrows-the-pathfinders-2_876/index.html
2026-09-02 22:20:51,098 - INFO - HTML parsed successfully.
2026-09-02 22:20:51,099 - INFO - Product description cleaned successfully.
2026-09-02 22:20:51,099 - INFO - Search completed. Products collected: 1
2026-09-02 22:20:51,099 - INFO - Scraping completed. Total products collected: 1
2026-09-02 22:20:51,101 - INFO - All required columns are present.
2026-09-02 22:20:51,108 - INFO - Data cleaning completed. Final records: 1
2026-09-02 22:20:51,264 - INFO - Data exported successfully. CSV: output/products.csv, Excel: output/products.xlsx
2026-09-02 22:20:53,923 - INFO - Scraper completed successfully. Total products processed: 1
2026-09-02 22:27:22,042 - INFO - Scraper started. Maximum products: 1
2026-09-02 22:27:22,042 - INFO - Selected scraper: BooksToScrapeScraper
2026-09-02 22:27:22,042 - INFO - Searching for products with query: 'light'
2026-09-02 22:27:22,042 - INFO - Scraping page 1: https://books.toscrape.com/
2026-09-02 22:27:24,607 - INFO - Request successful: 200 - https://books.toscrape.com/
2026-09-02 22:27:24,625 - INFO - HTML parsed successfully.
2026-09-02 22:27:24,629 - INFO - Product elements found: 20
2026-09-02 22:27:24,632 - INFO - Product URL resolved: https://books.toscrape.com/catalogue/a-light-in-the-attic_1000/index.html
2026-09-02 22:27:24,633 - INFO - Product URL resolved: https://books.toscrape.com/catalogue/tipping-the-velvet_999/index.html
2026-09-02 22:27:24,633 - INFO - Product URL resolved: https://books.toscrape.com/catalogue/soumission_998/index.html
2026-09-02 22:27:24,633 - INFO - Product URL resolved: https://books.toscrape.com/catalogue/sharp-objects_997/index.html
2026-09-02 22:27:24,633 - INFO - Product URL resolved: https://books.toscrape.com/catalogue/sapiens-a-brief-history-of-humankind_996/index.html
2026-09-02 22:27:24,635 - INFO - Product URL resolved: https://books.toscrape.com/catalogue/the-requiem-red_995/index.html
2026-09-02 22:27:24,635 - INFO - Product URL resolved: https://books.toscrape.com/catalogue/the-dirty-little-secrets-of-getting-your-dream-job_994/index.html
2026-09-02 22:27:24,635 - INFO - Product URL resolved: https://books.toscrape.com/catalogue/the-coming-woman-a-novel-based-on-the-life-of-the-infamous-feminist-victoria-woodhull_993/index.html
2026-09-02 22:27:24,636 - INFO - Product URL resolved: https://books.toscrape.com/catalogue/the-boys-in-the-boat-nine-americans-and-their-epic-quest-for-gold-at-the-1936-berlin-olympics_992/index.html
2026-09-02 22:27:24,636 - INFO - Product URL resolved: https://books.toscrape.com/catalogue/the-black-maria_991/index.html
2026-09-02 22:27:24,636 - INFO - Product URL resolved: https://books.toscrape.com/catalogue/starving-hearts-triangular-trade-trilogy-1_990/index.html
2026-09-02 22:27:24,636 - INFO - Product URL resolved: https://books.toscrape.com/catalogue/shakespeares-sonnets_989/index.html
2026-09-02 22:27:24,637 - INFO - Product URL resolved: https://books.toscrape.com/catalogue/set-me-free_988/index.html
2026-09-02 22:27:24,637 - INFO - Product URL resolved: https://books.toscrape.com/catalogue/scott-pilgrims-precious-little-life-scott-pilgrim-1_987/index.html
2026-09-02 22:27:24,637 - INFO - Product URL resolved: https://books.toscrape.com/catalogue/rip-it-up-and-start-again_986/index.html
2026-09-02 22:27:24,638 - INFO - Product URL resolved: https://books.toscrape.com/catalogue/our-band-could-be-your-life-scenes-from-the-american-indie-underground-1981-1991_985/index.html
2026-09-02 22:27:24,638 - INFO - Product URL resolved: https://books.toscrape.com/catalogue/olio_984/index.html
2026-09-02 22:27:24,638 - INFO - Product URL resolved: https://books.toscrape.com/catalogue/mesaerion-the-best-science-fiction-stories-1800-1849_983/index.html
2026-09-02 22:27:24,639 - INFO - Product URL resolved: https://books.toscrape.com/catalogue/libertarianism-for-beginners_982/index.html
2026-09-02 22:27:24,639 - INFO - Product URL resolved: https://books.toscrape.com/catalogue/its-only-the-himalayas_981/index.html
2026-09-02 22:27:24,639 - INFO - Successfully extracted 20 products.
2026-09-02 22:27:24,639 - INFO - Products found on page 1: 20
2026-09-02 22:27:24,639 - INFO - Product matched query: A Light in the Attic
2026-09-02 22:27:24,639 - INFO - Matching products collected so far: 1
2026-09-02 22:27:24,639 - INFO - Search filtering completed. Matching products: 1
2026-09-02 22:27:24,639 - INFO - Fetching product details: https://books.toscrape.com/catalogue/a-light-in-the-attic_1000/index.html
2026-09-02 22:27:25,879 - INFO - Request successful: 200 - https://books.toscrape.com/catalogue/a-light-in-the-attic_1000/index.html
2026-09-02 22:27:25,911 - INFO - HTML parsed successfully.
2026-09-02 22:27:25,911 - INFO - Product description cleaned successfully.
2026-09-02 22:27:25,911 - INFO - Search completed. Products collected: 1
2026-09-02 22:27:25,911 - INFO - Scraping completed. Total products collected: 1
2026-09-02 22:27:25,911 - INFO - All required columns are present.
2026-09-02 22:27:25,927 - INFO - Data cleaning completed. Final records: 1
2026-09-02 22:27:26,114 - INFO - Data exported successfully. CSV: output/products.csv, Excel: output/products.xlsx
2026-09-02 22:27:27,791 - INFO - Scraper completed successfully. Total products processed: 1
2026-09-02 22:27:33,041 - INFO - Scraper started. Maximum products: 1
2026-09-02 22:27:33,041 - INFO - Selected scraper: BooksToScrapeScraper
2026-09-02 22:27:33,041 - INFO - Searching for products with query: 'flight'
2026-09-02 22:27:33,041 - INFO - Scraping page 1: https://books.toscrape.com/
2026-09-02 22:27:35,558 - INFO - Request successful: 200 - https://books.toscrape.com/
2026-09-02 22:27:35,568 - INFO - HTML parsed successfully.
2026-09-02 22:27:35,568 - INFO - Product elements found: 20
2026-09-02 22:27:35,568 - INFO - Product URL resolved: https://books.toscrape.com/catalogue/a-light-in-the-attic_1000/index.html
2026-09-02 22:27:35,568 - INFO - Product URL resolved: https://books.toscrape.com/catalogue/tipping-the-velvet_999/index.html
2026-09-02 22:27:35,568 - INFO - Product URL resolved: https://books.toscrape.com/catalogue/soumission_998/index.html
2026-09-02 22:27:35,584 - INFO - Product URL resolved: https://books.toscrape.com/catalogue/sharp-objects_997/index.html
2026-09-02 22:27:35,584 - INFO - Product URL resolved: https://books.toscrape.com/catalogue/sapiens-a-brief-history-of-humankind_996/index.html
2026-09-02 22:27:35,584 - INFO - Product URL resolved: https://books.toscrape.com/catalogue/the-requiem-red_995/index.html
2026-09-02 22:27:35,584 - INFO - Product URL resolved: https://books.toscrape.com/catalogue/the-dirty-little-secrets-of-getting-your-dream-job_994/index.html
2026-09-02 22:27:35,584 - INFO - Product URL resolved: https://books.toscrape.com/catalogue/the-coming-woman-a-novel-based-on-the-life-of-the-infamous-feminist-victoria-woodhull_993/index.html
2026-09-02 22:27:35,584 - INFO - Product URL resolved: https://books.toscrape.com/catalogue/the-boys-in-the-boat-nine-americans-and-their-epic-quest-for-gold-at-the-1936-berlin-olympics_992/index.html
2026-09-02 22:27:35,584 - INFO - Product URL resolved: https://books.toscrape.com/catalogue/the-black-maria_991/index.html
2026-09-02 22:27:35,584 - INFO - Product URL resolved: https://books.toscrape.com/catalogue/starving-hearts-triangular-trade-trilogy-1_990/index.html
2026-09-02 22:27:35,584 - INFO - Product URL resolved: https://books.toscrape.com/catalogue/shakespeares-sonnets_989/index.html
2026-09-02 22:27:35,584 - INFO - Product URL resolved: https://books.toscrape.com/catalogue/set-me-free_988/index.html
2026-09-02 22:27:35,584 - INFO - Product URL resolved: https://books.toscrape.com/catalogue/scott-pilgrims-precious-little-life-scott-pilgrim-1_987/index.html
2026-09-02 22:27:35,584 - INFO - Product URL resolved: https://books.toscrape.com/catalogue/rip-it-up-and-start-again_986/index.html
2026-09-02 22:27:35,584 - INFO - Product URL resolved: https://books.toscrape.com/catalogue/our-band-could-be-your-life-scenes-from-the-american-indie-underground-1981-1991_985/index.html
2026-09-02 22:27:35,584 - INFO - Product URL resolved: https://books.toscrape.com/catalogue/olio_984/index.html
2026-09-02 22:27:35,584 - INFO - Product URL resolved: https://books.toscrape.com/catalogue/mesaerion-the-best-science-fiction-stories-1800-1849_983/index.html
2026-09-02 22:27:35,584 - INFO - Product URL resolved: https://books.toscrape.com/catalogue/libertarianism-for-beginners_982/index.html
2026-09-02 22:27:35,584 - INFO - Product URL resolved: https://books.toscrape.com/catalogue/its-only-the-himalayas_981/index.html
2026-09-02 22:27:35,584 - INFO - Successfully extracted 20 products.
2026-09-02 22:27:35,589 - INFO - Products found on page 1: 20
2026-09-02 22:27:35,589 - INFO - Matching products collected so far: 0
2026-09-02 22:27:35,591 - INFO - Scraping page 2: https://books.toscrape.com/catalogue/page-2.html
2026-09-02 22:27:37,297 - INFO - Request successful: 200 - https://books.toscrape.com/catalogue/page-2.html
2026-09-02 22:27:37,329 - INFO - HTML parsed successfully.
2026-09-02 22:27:37,329 - INFO - Product elements found: 20
2026-09-02 22:27:37,329 - INFO - Product URL resolved: https://books.toscrape.com/catalogue/in-her-wake_980/index.html
2026-09-02 22:27:37,329 - INFO - Product URL resolved: https://books.toscrape.com/catalogue/how-music-works_979/index.html
2026-09-02 22:27:37,329 - INFO - Product URL resolved: https://books.toscrape.com/catalogue/foolproof-preserving-a-guide-to-small-batch-jams-jellies-pickles-condiments-and-more-a-foolproof-guide-to-making-small-batch-jams-jellies-pickles-condiments-and-more_978/index.html
2026-09-02 22:27:37,329 - INFO - Product URL resolved: https://books.toscrape.com/catalogue/chase-me-paris-nights-2_977/index.html
2026-09-02 22:27:37,329 - INFO - Product URL resolved: https://books.toscrape.com/catalogue/black-dust_976/index.html
2026-09-02 22:27:37,329 - INFO - Product URL resolved: https://books.toscrape.com/catalogue/birdsong-a-story-in-pictures_975/index.html
2026-09-02 22:27:37,329 - INFO - Product URL resolved: https://books.toscrape.com/catalogue/americas-cradle-of-quarterbacks-western-pennsylvanias-football-factory-from-johnny-unitas-to-joe-montana_974/index.html
2026-09-02 22:27:37,329 - INFO - Product URL resolved: https://books.toscrape.com/catalogue/aladdin-and-his-wonderful-lamp_973/index.html
2026-09-02 22:27:37,329 - INFO - Product URL resolved: https://books.toscrape.com/catalogue/worlds-elsewhere-journeys-around-shakespeares-globe_972/index.html
2026-09-02 22:27:37,329 - INFO - Product URL resolved: https://books.toscrape.com/catalogue/wall-and-piece_971/index.html
2026-09-02 22:27:37,329 - INFO - Product URL resolved: https://books.toscrape.com/catalogue/the-four-agreements-a-practical-guide-to-personal-freedom_970/index.html
2026-09-02 22:27:37,329 - INFO - Product URL resolved: https://books.toscrape.com/catalogue/the-five-love-languages-how-to-express-heartfelt-commitment-to-your-mate_969/index.html
2026-09-02 22:27:37,329 - INFO - Product URL resolved: https://books.toscrape.com/catalogue/the-elephant-tree_968/index.html
2026-09-02 22:27:37,329 - INFO - Product URL resolved: https://books.toscrape.com/catalogue/the-bear-and-the-piano_967/index.html
2026-09-02 22:27:37,329 - INFO - Product URL resolved: https://books.toscrape.com/catalogue/sophies-world_966/index.html
2026-09-02 22:27:37,329 - INFO - Product URL resolved: https://books.toscrape.com/catalogue/penny-maybe_965/index.html
2026-09-02 22:27:37,329 - INFO - Product URL resolved: https://books.toscrape.com/catalogue/maude-1883-1993she-grew-up-with-the-country_964/index.html
2026-09-02 22:27:37,329 - INFO - Product URL resolved: https://books.toscrape.com/catalogue/in-a-dark-dark-wood_963/index.html
2026-09-02 22:27:37,329 - INFO - Product URL resolved: https://books.toscrape.com/catalogue/behind-closed-doors_962/index.html
2026-09-02 22:27:37,329 - INFO - Product URL resolved: https://books.toscrape.com/catalogue/you-cant-bury-them-all-poems_961/index.html
2026-09-02 22:27:37,329 - INFO - Successfully extracted 20 products.
2026-09-02 22:27:37,329 - INFO - Products found on page 2: 20
2026-09-02 22:27:37,329 - INFO - Matching products collected so far: 0
2026-09-02 22:27:37,329 - INFO - Scraping page 3: https://books.toscrape.com/catalogue/page-3.html
2026-09-02 22:27:39,052 - INFO - Request successful: 200 - https://books.toscrape.com/catalogue/page-3.html
2026-09-02 22:27:39,106 - INFO - HTML parsed successfully.
2026-09-02 22:27:39,106 - INFO - Product elements found: 20
2026-09-02 22:27:39,106 - INFO - Product URL resolved: https://books.toscrape.com/catalogue/slow-states-of-collapse-poems_960/index.html
2026-09-02 22:27:39,106 - INFO - Product URL resolved: https://books.toscrape.com/catalogue/reasons-to-stay-alive_959/index.html
2026-09-02 22:27:39,106 - INFO - Product URL resolved: https://books.toscrape.com/catalogue/private-paris-private-10_958/index.html
2026-09-02 22:27:39,106 - INFO - Product URL resolved: https://books.toscrape.com/catalogue/higherselfie-wake-up-your-life-free-your-soul-find-your-tribe_957/index.html
2026-09-02 22:27:39,106 - INFO - Product URL resolved: https://books.toscrape.com/catalogue/without-borders-wanderlove-1_956/index.html
2026-09-02 22:27:39,106 - INFO - Product URL resolved: https://books.toscrape.com/catalogue/when-we-collided_955/index.html
2026-09-02 22:27:39,106 - INFO - Product URL resolved: https://books.toscrape.com/catalogue/we-love-you-charlie-freeman_954/index.html
2026-09-02 22:27:39,106 - INFO - Product URL resolved: https://books.toscrape.com/catalogue/untitled-collection-sabbath-poems-2014_953/index.html
2026-09-02 22:27:39,111 - INFO - Product URL resolved: https://books.toscrape.com/catalogue/unseen-city-the-majesty-of-pigeons-the-discreet-charm-of-snails-other-wonders-of-the-urban-wilderness_952/index.html
2026-09-02 22:27:39,111 - INFO - Product URL resolved: https://books.toscrape.com/catalogue/unicorn-tracks_951/index.html
2026-09-02 22:27:39,111 - INFO - Product URL resolved: https://books.toscrape.com/catalogue/unbound-how-eight-technologies-made-us-human-transformed-society-and-brought-our-world-to-the-brink_950/index.html
2026-09-02 22:27:39,111 - INFO - Product URL resolved: https://books.toscrape.com/catalogue/tsubasa-world-chronicle-2-tsubasa-world-chronicle-2_949/index.html
2026-09-02 22:27:39,111 - INFO - Product URL resolved: https://books.toscrape.com/catalogue/throwing-rocks-at-the-google-bus-how-growth-became-the-enemy-of-prosperity_948/index.html
2026-09-02 22:27:39,111 - INFO - Product URL resolved: https://books.toscrape.com/catalogue/this-one-summer_947/index.html
2026-09-02 22:27:39,112 - INFO - Product URL resolved: https://books.toscrape.com/catalogue/thirst_946/index.html
2026-09-02 22:27:39,112 - INFO - Product URL resolved: https://books.toscrape.com/catalogue/the-torch-is-passed-a-harding-family-story_945/index.html
2026-09-02 22:27:39,112 - INFO - Product URL resolved: https://books.toscrape.com/catalogue/the-secret-of-dreadwillow-carse_944/index.html
2026-09-02 22:27:39,112 - INFO - Product URL resolved: https://books.toscrape.com/catalogue/the-pioneer-woman-cooks-dinnertime-comfort-classics-freezer-food-16-minute-meals-and-other-delicious-ways-to-solve-supper_943/index.html
2026-09-02 22:27:39,112 - INFO - Product URL resolved: https://books.toscrape.com/catalogue/the-past-never-ends_942/index.html
2026-09-02 22:27:39,112 - INFO - Product URL resolved: https://books.toscrape.com/catalogue/the-natural-history-of-us-the-fine-art-of-pretending-2_941/index.html
2026-09-02 22:27:39,112 - INFO - Successfully extracted 20 products.
2026-09-02 22:27:39,112 - INFO - Products found on page 3: 20
2026-09-02 22:27:39,112 - INFO - Matching products collected so far: 0
2026-09-02 22:27:39,112 - INFO - Scraping page 4: https://books.toscrape.com/catalogue/page-4.html
2026-09-02 22:27:40,836 - INFO - Request successful: 200 - https://books.toscrape.com/catalogue/page-4.html
2026-09-02 22:27:40,852 - INFO - HTML parsed successfully.
2026-09-02 22:27:40,855 - INFO - Product elements found: 20
2026-09-02 22:27:40,855 - INFO - Product URL resolved: https://books.toscrape.com/catalogue/the-nameless-city-the-nameless-city-1_940/index.html
2026-09-02 22:27:40,855 - INFO - Product URL resolved: https://books.toscrape.com/catalogue/the-murder-that-never-was-forensic-instincts-5_939/index.html
2026-09-02 22:27:40,856 - INFO - Product URL resolved: https://books.toscrape.com/catalogue/the-most-perfect-thing-inside-and-outside-a-birds-egg_938/index.html
2026-09-02 22:27:40,856 - INFO - Product URL resolved: https://books.toscrape.com/catalogue/the-mindfulness-and-acceptance-workbook-for-anxiety-a-guide-to-breaking-free-from-anxiety-phobias-and-worry-using-acceptance-and-commitment-therapy_937/index.html
2026-09-02 22:27:40,856 - INFO - Product URL resolved: https://books.toscrape.com/catalogue/the-life-changing-magic-of-tidying-up-the-japanese-art-of-decluttering-and-organizing_936/index.html
2026-09-02 22:27:40,856 - INFO - Product URL resolved: https://books.toscrape.com/catalogue/the-inefficiency-assassin-time-management-tactics-for-working-smarter-not-longer_935/index.html
2026-09-02 22:27:40,857 - INFO - Product URL resolved: https://books.toscrape.com/catalogue/the-gutsy-girl-escapades-for-your-life-of-epic-adventure_934/index.html
2026-09-02 22:27:40,857 - INFO - Product URL resolved: https://books.toscrape.com/catalogue/the-electric-pencil-drawings-from-inside-state-hospital-no-3_933/index.html
2026-09-02 22:27:40,857 - INFO - Product URL resolved: https://books.toscrape.com/catalogue/the-death-of-humanity-and-the-case-for-life_932/index.html
2026-09-02 22:27:40,858 - INFO - Product URL resolved: https://books.toscrape.com/catalogue/the-bulletproof-diet-lose-up-to-a-pound-a-day-reclaim-energy-and-focus-upgrade-your-life_931/index.html
2026-09-02 22:27:40,858 - INFO - Product URL resolved: https://books.toscrape.com/catalogue/the-art-forger_930/index.html
2026-09-02 22:27:40,858 - INFO - Product URL resolved: https://books.toscrape.com/catalogue/the-age-of-genius-the-seventeenth-century-and-the-birth-of-the-modern-mind_929/index.html
2026-09-02 22:27:40,859 - INFO - Product URL resolved: https://books.toscrape.com/catalogue/the-activists-tao-te-ching-ancient-advice-for-a-modern-revolution_928/index.html
2026-09-02 22:27:40,859 - INFO - Product URL resolved: https://books.toscrape.com/catalogue/spark-joy-an-illustrated-master-class-on-the-art-of-organizing-and-tidying-up_927/index.html
2026-09-02 22:27:40,859 - INFO - Product URL resolved: https://books.toscrape.com/catalogue/soul-reader_926/index.html
2026-09-02 22:27:40,859 - INFO - Product URL resolved: https://books.toscrape.com/catalogue/security_925/index.html
2026-09-02 22:27:40,860 - INFO - Product URL resolved: https://books.toscrape.com/catalogue/saga-volume-6-saga-collected-editions-6_924/index.html
2026-09-02 22:27:40,860 - INFO - Product URL resolved: https://books.toscrape.com/catalogue/saga-volume-5-saga-collected-editions-5_923/index.html
2026-09-02 22:27:40,860 - INFO - Product URL resolved: https://books.toscrape.com/catalogue/reskilling-america-learning-to-labor-in-the-twenty-first-century_922/index.html
2026-09-02 22:27:40,861 - INFO - Product URL resolved: https://books.toscrape.com/catalogue/rat-queens-vol-3-demons-rat-queens-collected-editions-11-15_921/index.html
2026-09-02 22:27:40,861 - INFO - Successfully extracted 20 products.
2026-09-02 22:27:40,861 - INFO - Products found on page 4: 20
2026-09-02 22:27:40,861 - INFO - Matching products collected so far: 0
2026-09-02 22:27:40,864 - INFO - Scraping page 5: https://books.toscrape.com/catalogue/page-5.html
2026-09-02 22:27:42,348 - INFO - Request successful: 200 - https://books.toscrape.com/catalogue/page-5.html
2026-09-02 22:27:42,363 - INFO - HTML parsed successfully.
2026-09-02 22:27:42,363 - INFO - Product elements found: 20
2026-09-02 22:27:42,363 - INFO - Product URL resolved: https://books.toscrape.com/catalogue/princess-jellyfish-2-in-1-omnibus-vol-01-princess-jellyfish-2-in-1-omnibus-1_920/index.html
2026-09-02 22:27:42,363 - INFO - Product URL resolved: https://books.toscrape.com/catalogue/princess-between-worlds-wide-awake-princess-5_919/index.html
2026-09-02 22:27:42,363 - INFO - Product URL resolved: https://books.toscrape.com/catalogue/pop-gun-war-volume-1-gift_918/index.html
2026-09-02 22:27:42,363 - INFO - Product URL resolved: https://books.toscrape.com/catalogue/political-suicide-missteps-peccadilloes-bad-calls-backroom-hijinx-sordid-pasts-rotten-breaks-and-just-plain-dumb-mistakes-in-the-annals-of-american-politics_917/index.html
2026-09-02 22:27:42,363 - INFO - Product URL resolved: https://books.toscrape.com/catalogue/patience_916/index.html
2026-09-02 22:27:42,363 - INFO - Product URL resolved: https://books.toscrape.com/catalogue/outcast-vol-1-a-darkness-surrounds-him-outcast-1_915/index.html
2026-09-02 22:27:42,363 - INFO - Product URL resolved: https://books.toscrape.com/catalogue/orange-the-complete-collection-1-orange-the-complete-collection-1_914/index.html
2026-09-02 22:27:42,363 - INFO - Product URL resolved: https://books.toscrape.com/catalogue/online-marketing-for-busy-authors-a-step-by-step-guide_913/index.html
2026-09-02 22:27:42,363 - INFO - Product URL resolved: https://books.toscrape.com/catalogue/on-a-midnight-clear_912/index.html
2026-09-02 22:27:42,363 - INFO - Product URL resolved: https://books.toscrape.com/catalogue/obsidian-lux-1_911/index.html
2026-09-02 22:27:42,363 - INFO - Product URL resolved: https://books.toscrape.com/catalogue/my-paris-kitchen-recipes-and-stories_910/index.html
2026-09-02 22:27:42,363 - INFO - Product URL resolved: https://books.toscrape.com/catalogue/masks-and-shadows_909/index.html
2026-09-02 22:27:42,363 - INFO - Product URL resolved: https://books.toscrape.com/catalogue/mama-tried-traditional-italian-cooking-for-the-screwed-crude-vegan-and-tattooed_908/index.html
2026-09-02 22:27:42,363 - INFO - Product URL resolved: https://books.toscrape.com/catalogue/lumberjanes-vol-2-friendship-to-the-max-lumberjanes-5-8_907/index.html
2026-09-02 22:27:42,363 - INFO - Product URL resolved: https://books.toscrape.com/catalogue/lumberjanes-vol-1-beware-the-kitten-holy-lumberjanes-1-4_906/index.html
2026-09-02 22:27:42,363 - INFO - Product URL resolved: https://books.toscrape.com/catalogue/lumberjanes-vol-3-a-terrible-plan-lumberjanes-9-12_905/index.html
2026-09-02 22:27:42,363 - INFO - Product URL resolved: https://books.toscrape.com/catalogue/layered-baking-building-and-styling-spectacular-cakes_904/index.html
2026-09-02 22:27:42,363 - INFO - Product URL resolved: https://books.toscrape.com/catalogue/judo-seven-steps-to-black-belt-an-introductory-guide-for-beginners_903/index.html
2026-09-02 22:27:42,363 - INFO - Product URL resolved: https://books.toscrape.com/catalogue/join_902/index.html
2026-09-02 22:27:42,363 - INFO - Product URL resolved: https://books.toscrape.com/catalogue/in-the-country-we-love-my-family-divided_901/index.html
2026-09-02 22:27:42,363 - INFO - Successfully extracted 20 products.
2026-09-02 22:27:42,363 - INFO - Products found on page 5: 20
2026-09-02 22:27:42,363 - INFO - Matching products collected so far: 0
2026-09-02 22:27:42,363 - INFO - Scraping page 6: https://books.toscrape.com/catalogue/page-6.html
2026-09-02 22:27:43,890 - INFO - Request successful: 200 - https://books.toscrape.com/catalogue/page-6.html
2026-09-02 22:27:43,918 - INFO - HTML parsed successfully.
2026-09-02 22:27:43,918 - INFO - Product elements found: 20
2026-09-02 22:27:43,918 - INFO - Product URL resolved: https://books.toscrape.com/catalogue/immunity-how-elie-metchnikoff-changed-the-course-of-modern-medicine_900/index.html
2026-09-02 22:27:43,918 - INFO - Product URL resolved: https://books.toscrape.com/catalogue/i-hate-fairyland-vol-1-madly-ever-after-i-hate-fairyland-compilations-1-5_899/index.html
2026-09-02 22:27:43,918 - INFO - Product URL resolved: https://books.toscrape.com/catalogue/i-am-a-hero-omnibus-volume-1_898/index.html
2026-09-02 22:27:43,918 - INFO - Product URL resolved: https://books.toscrape.com/catalogue/how-to-be-miserable-40-strategies-you-already-use_897/index.html
2026-09-02 22:27:43,918 - INFO - Product URL resolved: https://books.toscrape.com/catalogue/her-backup-boyfriend-the-sorensen-family-1_896/index.html
2026-09-02 22:27:43,918 - INFO - Product URL resolved: https://books.toscrape.com/catalogue/giant-days-vol-2-giant-days-5-8_895/index.html
2026-09-02 22:27:43,918 - INFO - Product URL resolved: https://books.toscrape.com/catalogue/forever-and-forever-the-courtship-of-henry-longfellow-and-fanny-appleton_894/index.html
2026-09-02 22:27:43,918 - INFO - Product URL resolved: https://books.toscrape.com/catalogue/first-and-first-five-boroughs-3_893/index.html
2026-09-02 22:27:43,918 - INFO - Product URL resolved: https://books.toscrape.com/catalogue/fifty-shades-darker-fifty-shades-2_892/index.html
2026-09-02 22:27:43,918 - INFO - Product URL resolved: https://books.toscrape.com/catalogue/everydata-the-misinformation-hidden-in-the-little-data-you-consume-every-day_891/index.html
2026-09-02 22:27:43,918 - INFO - Product URL resolved: https://books.toscrape.com/catalogue/dont-be-a-jerk-and-other-practical-advice-from-dogen-japans-greatest-zen-master_890/index.html
2026-09-02 22:27:43,918 - INFO - Product URL resolved: https://books.toscrape.com/catalogue/danganronpa-volume-1_889/index.html
2026-09-02 22:27:43,918 - INFO - Product URL resolved: https://books.toscrape.com/catalogue/crown-of-midnight-throne-of-glass-2_888/index.html
2026-09-02 22:27:43,918 - INFO - Product URL resolved: https://books.toscrape.com/catalogue/codename-baboushka-volume-1-the-conclave-of-death_887/index.html
2026-09-02 22:27:43,918 - INFO - Product URL resolved: https://books.toscrape.com/catalogue/camp-midnight_886/index.html
2026-09-02 22:27:43,918 - INFO - Product URL resolved: https://books.toscrape.com/catalogue/call-the-nurse-true-stories-of-a-country-nurse-on-a-scottish-isle_885/index.html
2026-09-02 22:27:43,918 - INFO - Product URL resolved: https://books.toscrape.com/catalogue/burning_884/index.html
2026-09-02 22:27:43,918 - INFO - Product URL resolved: https://books.toscrape.com/catalogue/bossypants_883/index.html
2026-09-02 22:27:43,926 - INFO - Product URL resolved: https://books.toscrape.com/catalogue/bitch-planet-vol-1-extraordinary-machine-bitch-planet-collected-editions_882/index.html
2026-09-02 22:27:43,926 - INFO - Product URL resolved: https://books.toscrape.com/catalogue/avatar-the-last-airbender-smoke-and-shadow-part-3-smoke-and-shadow-3_881/index.html
2026-09-02 22:27:43,926 - INFO - Successfully extracted 20 products.
2026-09-02 22:27:43,926 - INFO - Products found on page 6: 20
2026-09-02 22:27:43,926 - INFO - Matching products collected so far: 0
2026-09-02 22:27:43,926 - INFO - Scraping page 7: https://books.toscrape.com/catalogue/page-7.html
2026-09-02 22:27:45,422 - INFO - Request successful: 200 - https://books.toscrape.com/catalogue/page-7.html
2026-09-02 22:27:45,438 - INFO - HTML parsed successfully.
2026-09-02 22:27:45,438 - INFO - Product elements found: 20
2026-09-02 22:27:45,438 - INFO - Product URL resolved: https://books.toscrape.com/catalogue/algorithms-to-live-by-the-computer-science-of-human-decisions_880/index.html
2026-09-02 22:27:45,438 - INFO - Product URL resolved: https://books.toscrape.com/catalogue/a-world-of-flavor-your-gluten-free-passport_879/index.html
2026-09-02 22:27:45,438 - INFO - Product URL resolved: https://books.toscrape.com/catalogue/a-piece-of-sky-a-grain-of-rice-a-memoir-in-four-meditations_878/index.html
2026-09-02 22:27:45,438 - INFO - Product URL resolved: https://books.toscrape.com/catalogue/a-murder-in-time_877/index.html
2026-09-02 22:27:45,438 - INFO - Product URL resolved: https://books.toscrape.com/catalogue/a-flight-of-arrows-the-pathfinders-2_876/index.html
2026-09-02 22:27:45,442 - INFO - Product URL resolved: https://books.toscrape.com/catalogue/a-fierce-and-subtle-poison_875/index.html
2026-09-02 22:27:45,442 - INFO - Product URL resolved: https://books.toscrape.com/catalogue/a-court-of-thorns-and-roses-a-court-of-thorns-and-roses-1_874/index.html
2026-09-02 22:27:45,442 - INFO - Product URL resolved: https://books.toscrape.com/catalogue/unqualified-how-god-uses-broken-people-to-do-big-things_873/index.html
2026-09-02 22:27:45,442 - INFO - Product URL resolved: https://books.toscrape.com/catalogue/you-are-what-you-love-the-spiritual-power-of-habit_872/index.html
2026-09-02 22:27:45,442 - INFO - Product URL resolved: https://books.toscrape.com/catalogue/william-shakespeares-star-wars-verily-a-new-hope-william-shakespeares-star-wars-4_871/index.html
2026-09-02 22:27:45,442 - INFO - Product URL resolved: https://books.toscrape.com/catalogue/tuesday-nights-in-1980_870/index.html
2026-09-02 22:27:45,442 - INFO - Product URL resolved: https://books.toscrape.com/catalogue/tracing-numbers-on-a-train_869/index.html
2026-09-02 22:27:45,442 - INFO - Product URL resolved: https://books.toscrape.com/catalogue/throne-of-glass-throne-of-glass-1_868/index.html
2026-09-02 22:27:45,442 - INFO - Product URL resolved: https://books.toscrape.com/catalogue/thomas-jefferson-and-the-tripoli-pirates-the-forgotten-war-that-changed-american-history_867/index.html
2026-09-02 22:27:45,442 - INFO - Product URL resolved: https://books.toscrape.com/catalogue/thirteen-reasons-why_866/index.html
2026-09-02 22:27:45,442 - INFO - Product URL resolved: https://books.toscrape.com/catalogue/the-white-cat-and-the-monk-a-retelling-of-the-poem-pangur-ban_865/index.html
2026-09-02 22:27:45,442 - INFO - Product URL resolved: https://books.toscrape.com/catalogue/the-wedding-dress_864/index.html
2026-09-02 22:27:45,442 - INFO - Product URL resolved: https://books.toscrape.com/catalogue/the-vacationers_863/index.html
2026-09-02 22:27:45,442 - INFO - Product URL resolved: https://books.toscrape.com/catalogue/the-third-wave-an-entrepreneurs-vision-of-the-future_862/index.html
2026-09-02 22:27:45,442 - INFO - Product URL resolved: https://books.toscrape.com/catalogue/the-stranger_861/index.html
2026-09-02 22:27:45,442 - INFO - Successfully extracted 20 products.
2026-09-02 22:27:45,442 - INFO - Products found on page 7: 20
2026-09-02 22:27:45,442 - INFO - Product matched query: A Flight of Arrows (The Pathfinders #2)
2026-09-02 22:27:45,442 - INFO - Matching products collected so far: 1
2026-09-02 22:27:45,442 - INFO - Search filtering completed. Matching products: 1
2026-09-02 22:27:45,442 - INFO - Fetching product details: https://books.toscrape.com/catalogue/a-flight-of-arrows-the-pathfinders-2_876/index.html
2026-09-02 22:27:46,926 - INFO - Request successful: 200 - https://books.toscrape.com/catalogue/a-flight-of-arrows-the-pathfinders-2_876/index.html
2026-09-02 22:27:46,941 - INFO - HTML parsed successfully.
2026-09-02 22:27:46,941 - INFO - Product description cleaned successfully.
2026-09-02 22:27:46,941 - INFO - Search completed. Products collected: 1
2026-09-02 22:27:46,941 - INFO - Scraping completed. Total products collected: 1
2026-09-02 22:27:46,941 - INFO - All required columns are present.
2026-09-02 22:27:46,960 - INFO - Data cleaning completed. Final records: 1
2026-09-02 22:27:47,101 - INFO - Data exported successfully. CSV: output/products.csv, Excel: output/products.xlsx
2026-09-02 22:27:53,829 - INFO - Scraper completed successfully. Total products processed: 1
2026-09-02 22:29:06,431 - INFO - Scraper started. Maximum products: 1
2026-09-02 22:29:06,431 - INFO - Selected scraper: BooksToScrapeScraper
2026-09-02 22:29:06,431 - INFO - Searching for products with query: 'light'
2026-09-02 22:29:06,431 - INFO - Scraping page 1: https://books.toscrape.com/
2026-09-02 22:29:08,852 - INFO - Request successful: 200 - https://books.toscrape.com/
2026-09-02 22:29:08,871 - INFO - HTML parsed successfully.
2026-09-02 22:29:08,873 - INFO - Product elements found: 20
2026-09-02 22:29:08,873 - INFO - Product URL resolved: https://books.toscrape.com/catalogue/a-light-in-the-attic_1000/index.html
2026-09-02 22:29:08,873 - INFO - Product URL resolved: https://books.toscrape.com/catalogue/tipping-the-velvet_999/index.html
2026-09-02 22:29:08,873 - INFO - Product URL resolved: https://books.toscrape.com/catalogue/soumission_998/index.html
2026-09-02 22:29:08,881 - INFO - Product URL resolved: https://books.toscrape.com/catalogue/sharp-objects_997/index.html
2026-09-02 22:29:08,881 - INFO - Product URL resolved: https://books.toscrape.com/catalogue/sapiens-a-brief-history-of-humankind_996/index.html
2026-09-02 22:29:08,881 - INFO - Product URL resolved: https://books.toscrape.com/catalogue/the-requiem-red_995/index.html
2026-09-02 22:29:08,881 - INFO - Product URL resolved: https://books.toscrape.com/catalogue/the-dirty-little-secrets-of-getting-your-dream-job_994/index.html
2026-09-02 22:29:08,881 - INFO - Product URL resolved: https://books.toscrape.com/catalogue/the-coming-woman-a-novel-based-on-the-life-of-the-infamous-feminist-victoria-woodhull_993/index.html
2026-09-02 22:29:08,881 - INFO - Product URL resolved: https://books.toscrape.com/catalogue/the-boys-in-the-boat-nine-americans-and-their-epic-quest-for-gold-at-the-1936-berlin-olympics_992/index.html
2026-09-02 22:29:08,881 - INFO - Product URL resolved: https://books.toscrape.com/catalogue/the-black-maria_991/index.html
2026-09-02 22:29:08,881 - INFO - Product URL resolved: https://books.toscrape.com/catalogue/starving-hearts-triangular-trade-trilogy-1_990/index.html
2026-09-02 22:29:08,881 - INFO - Product URL resolved: https://books.toscrape.com/catalogue/shakespeares-sonnets_989/index.html
2026-09-02 22:29:08,881 - INFO - Product URL resolved: https://books.toscrape.com/catalogue/set-me-free_988/index.html
2026-09-02 22:29:08,881 - INFO - Product URL resolved: https://books.toscrape.com/catalogue/scott-pilgrims-precious-little-life-scott-pilgrim-1_987/index.html
2026-09-02 22:29:08,881 - INFO - Product URL resolved: https://books.toscrape.com/catalogue/rip-it-up-and-start-again_986/index.html
2026-09-02 22:29:08,881 - INFO - Product URL resolved: https://books.toscrape.com/catalogue/our-band-could-be-your-life-scenes-from-the-american-indie-underground-1981-1991_985/index.html
2026-09-02 22:29:08,881 - INFO - Product URL resolved: https://books.toscrape.com/catalogue/olio_984/index.html
2026-09-02 22:29:08,881 - INFO - Product URL resolved: https://books.toscrape.com/catalogue/mesaerion-the-best-science-fiction-stories-1800-1849_983/index.html
2026-09-02 22:29:08,885 - INFO - Product URL resolved: https://books.toscrape.com/catalogue/libertarianism-for-beginners_982/index.html
2026-09-02 22:29:08,885 - INFO - Product URL resolved: https://books.toscrape.com/catalogue/its-only-the-himalayas_981/index.html
2026-09-02 22:29:08,885 - INFO - Successfully extracted 20 products.
2026-09-02 22:29:08,885 - INFO - Products found on page 1: 20
2026-09-02 22:29:08,885 - INFO - Product matched query: A Light in the Attic
2026-09-02 22:29:08,886 - INFO - Matching products collected so far: 1
2026-09-02 22:29:08,886 - INFO - Search filtering completed. Matching products: 1
2026-09-02 22:29:08,886 - INFO - Fetching product details: https://books.toscrape.com/catalogue/a-light-in-the-attic_1000/index.html
2026-09-02 22:29:10,135 - INFO - Request successful: 200 - https://books.toscrape.com/catalogue/a-light-in-the-attic_1000/index.html
2026-09-02 22:29:10,186 - INFO - HTML parsed successfully.
2026-09-02 22:29:10,186 - INFO - Duplicated description prefix removed.
2026-09-02 22:29:10,187 - INFO - Product details extracted successfully.
2026-09-02 22:29:10,187 - INFO - Search completed. Products collected: 1
2026-09-02 22:29:10,187 - INFO - Scraping completed. Total products collected: 1
2026-09-02 22:29:10,188 - INFO - All required columns are present.
2026-09-02 22:29:10,193 - INFO - Data cleaning completed. Final records: 1
2026-09-02 22:29:10,375 - INFO - Data exported successfully. CSV: output/products.csv, Excel: output/products.xlsx
2026-09-02 22:29:26,561 - INFO - Scraper completed successfully. Total products processed: 1
2026-09-02 22:29:34,564 - INFO - Scraper started. Maximum products: 1
2026-09-02 22:29:34,564 - INFO - Selected scraper: BooksToScrapeScraper
2026-09-02 22:29:34,564 - INFO - Searching for products with query: 'flight'
2026-09-02 22:29:34,564 - INFO - Scraping page 1: https://books.toscrape.com/
2026-09-02 22:29:37,058 - INFO - Request successful: 200 - https://books.toscrape.com/
2026-09-02 22:29:37,071 - INFO - HTML parsed successfully.
2026-09-02 22:29:37,071 - INFO - Product elements found: 20
2026-09-02 22:29:37,085 - INFO - Product URL resolved: https://books.toscrape.com/catalogue/a-light-in-the-attic_1000/index.html
2026-09-02 22:29:37,085 - INFO - Product URL resolved: https://books.toscrape.com/catalogue/tipping-the-velvet_999/index.html
2026-09-02 22:29:37,085 - INFO - Product URL resolved: https://books.toscrape.com/catalogue/soumission_998/index.html
2026-09-02 22:29:37,085 - INFO - Product URL resolved: https://books.toscrape.com/catalogue/sharp-objects_997/index.html
2026-09-02 22:29:37,085 - INFO - Product URL resolved: https://books.toscrape.com/catalogue/sapiens-a-brief-history-of-humankind_996/index.html
2026-09-02 22:29:37,085 - INFO - Product URL resolved: https://books.toscrape.com/catalogue/the-requiem-red_995/index.html
2026-09-02 22:29:37,085 - INFO - Product URL resolved: https://books.toscrape.com/catalogue/the-dirty-little-secrets-of-getting-your-dream-job_994/index.html
2026-09-02 22:29:37,085 - INFO - Product URL resolved: https://books.toscrape.com/catalogue/the-coming-woman-a-novel-based-on-the-life-of-the-infamous-feminist-victoria-woodhull_993/index.html
2026-09-02 22:29:37,085 - INFO - Product URL resolved: https://books.toscrape.com/catalogue/the-boys-in-the-boat-nine-americans-and-their-epic-quest-for-gold-at-the-1936-berlin-olympics_992/index.html
2026-09-02 22:29:37,085 - INFO - Product URL resolved: https://books.toscrape.com/catalogue/the-black-maria_991/index.html
2026-09-02 22:29:37,085 - INFO - Product URL resolved: https://books.toscrape.com/catalogue/starving-hearts-triangular-trade-trilogy-1_990/index.html
2026-09-02 22:29:37,085 - INFO - Product URL resolved: https://books.toscrape.com/catalogue/shakespeares-sonnets_989/index.html
2026-09-02 22:29:37,085 - INFO - Product URL resolved: https://books.toscrape.com/catalogue/set-me-free_988/index.html
2026-09-02 22:29:37,085 - INFO - Product URL resolved: https://books.toscrape.com/catalogue/scott-pilgrims-precious-little-life-scott-pilgrim-1_987/index.html
2026-09-02 22:29:37,085 - INFO - Product URL resolved: https://books.toscrape.com/catalogue/rip-it-up-and-start-again_986/index.html
2026-09-02 22:29:37,085 - INFO - Product URL resolved: https://books.toscrape.com/catalogue/our-band-could-be-your-life-scenes-from-the-american-indie-underground-1981-1991_985/index.html
2026-09-02 22:29:37,085 - INFO - Product URL resolved: https://books.toscrape.com/catalogue/olio_984/index.html
2026-09-02 22:29:37,085 - INFO - Product URL resolved: https://books.toscrape.com/catalogue/mesaerion-the-best-science-fiction-stories-1800-1849_983/index.html
2026-09-02 22:29:37,085 - INFO - Product URL resolved: https://books.toscrape.com/catalogue/libertarianism-for-beginners_982/index.html
2026-09-02 22:29:37,085 - INFO - Product URL resolved: https://books.toscrape.com/catalogue/its-only-the-himalayas_981/index.html
2026-09-02 22:29:37,085 - INFO - Successfully extracted 20 products.
2026-09-02 22:29:37,085 - INFO - Products found on page 1: 20
2026-09-02 22:29:37,085 - INFO - Matching products collected so far: 0
2026-09-02 22:29:37,085 - INFO - Scraping page 2: https://books.toscrape.com/catalogue/page-2.html
2026-09-02 22:29:38,814 - INFO - Request successful: 200 - https://books.toscrape.com/catalogue/page-2.html
2026-09-02 22:29:38,830 - INFO - HTML parsed successfully.
2026-09-02 22:29:38,830 - INFO - Product elements found: 20
2026-09-02 22:29:38,830 - INFO - Product URL resolved: https://books.toscrape.com/catalogue/in-her-wake_980/index.html
2026-09-02 22:29:38,830 - INFO - Product URL resolved: https://books.toscrape.com/catalogue/how-music-works_979/index.html
2026-09-02 22:29:38,830 - INFO - Product URL resolved: https://books.toscrape.com/catalogue/foolproof-preserving-a-guide-to-small-batch-jams-jellies-pickles-condiments-and-more-a-foolproof-guide-to-making-small-batch-jams-jellies-pickles-condiments-and-more_978/index.html
2026-09-02 22:29:38,830 - INFO - Product URL resolved: https://books.toscrape.com/catalogue/chase-me-paris-nights-2_977/index.html
2026-09-02 22:29:38,830 - INFO - Product URL resolved: https://books.toscrape.com/catalogue/black-dust_976/index.html
2026-09-02 22:29:38,830 - INFO - Product URL resolved: https://books.toscrape.com/catalogue/birdsong-a-story-in-pictures_975/index.html
2026-09-02 22:29:38,830 - INFO - Product URL resolved: https://books.toscrape.com/catalogue/americas-cradle-of-quarterbacks-western-pennsylvanias-football-factory-from-johnny-unitas-to-joe-montana_974/index.html
2026-09-02 22:29:38,830 - INFO - Product URL resolved: https://books.toscrape.com/catalogue/aladdin-and-his-wonderful-lamp_973/index.html
2026-09-02 22:29:38,830 - INFO - Product URL resolved: https://books.toscrape.com/catalogue/worlds-elsewhere-journeys-around-shakespeares-globe_972/index.html
2026-09-02 22:29:38,830 - INFO - Product URL resolved: https://books.toscrape.com/catalogue/wall-and-piece_971/index.html
2026-09-02 22:29:38,830 - INFO - Product URL resolved: https://books.toscrape.com/catalogue/the-four-agreements-a-practical-guide-to-personal-freedom_970/index.html
2026-09-02 22:29:38,830 - INFO - Product URL resolved: https://books.toscrape.com/catalogue/the-five-love-languages-how-to-express-heartfelt-commitment-to-your-mate_969/index.html
2026-09-02 22:29:38,830 - INFO - Product URL resolved: https://books.toscrape.com/catalogue/the-elephant-tree_968/index.html
2026-09-02 22:29:38,830 - INFO - Product URL resolved: https://books.toscrape.com/catalogue/the-bear-and-the-piano_967/index.html
2026-09-02 22:29:38,830 - INFO - Product URL resolved: https://books.toscrape.com/catalogue/sophies-world_966/index.html
2026-09-02 22:29:38,830 - INFO - Product URL resolved: https://books.toscrape.com/catalogue/penny-maybe_965/index.html
2026-09-02 22:29:38,830 - INFO - Product URL resolved: https://books.toscrape.com/catalogue/maude-1883-1993she-grew-up-with-the-country_964/index.html
2026-09-02 22:29:38,830 - INFO - Product URL resolved: https://books.toscrape.com/catalogue/in-a-dark-dark-wood_963/index.html
2026-09-02 22:29:38,830 - INFO - Product URL resolved: https://books.toscrape.com/catalogue/behind-closed-doors_962/index.html
2026-09-02 22:29:38,830 - INFO - Product URL resolved: https://books.toscrape.com/catalogue/you-cant-bury-them-all-poems_961/index.html
2026-09-02 22:29:38,830 - INFO - Successfully extracted 20 products.
2026-09-02 22:29:38,830 - INFO - Products found on page 2: 20
2026-09-02 22:29:38,830 - INFO - Matching products collected so far: 0
2026-09-02 22:29:38,830 - INFO - Scraping page 3: https://books.toscrape.com/catalogue/page-3.html
2026-09-02 22:29:40,556 - INFO - Request successful: 200 - https://books.toscrape.com/catalogue/page-3.html
2026-09-02 22:29:40,603 - INFO - HTML parsed successfully.
2026-09-02 22:29:40,603 - INFO - Product elements found: 20
2026-09-02 22:29:40,603 - INFO - Product URL resolved: https://books.toscrape.com/catalogue/slow-states-of-collapse-poems_960/index.html
2026-09-02 22:29:40,603 - INFO - Product URL resolved: https://books.toscrape.com/catalogue/reasons-to-stay-alive_959/index.html
2026-09-02 22:29:40,603 - INFO - Product URL resolved: https://books.toscrape.com/catalogue/private-paris-private-10_958/index.html
2026-09-02 22:29:40,603 - INFO - Product URL resolved: https://books.toscrape.com/catalogue/higherselfie-wake-up-your-life-free-your-soul-find-your-tribe_957/index.html
2026-09-02 22:29:40,603 - INFO - Product URL resolved: https://books.toscrape.com/catalogue/without-borders-wanderlove-1_956/index.html
2026-09-02 22:29:40,603 - INFO - Product URL resolved: https://books.toscrape.com/catalogue/when-we-collided_955/index.html
2026-09-02 22:29:40,603 - INFO - Product URL resolved: https://books.toscrape.com/catalogue/we-love-you-charlie-freeman_954/index.html
2026-09-02 22:29:40,603 - INFO - Product URL resolved: https://books.toscrape.com/catalogue/untitled-collection-sabbath-poems-2014_953/index.html
2026-09-02 22:29:40,603 - INFO - Product URL resolved: https://books.toscrape.com/catalogue/unseen-city-the-majesty-of-pigeons-the-discreet-charm-of-snails-other-wonders-of-the-urban-wilderness_952/index.html
2026-09-02 22:29:40,603 - INFO - Product URL resolved: https://books.toscrape.com/catalogue/unicorn-tracks_951/index.html
2026-09-02 22:29:40,603 - INFO - Product URL resolved: https://books.toscrape.com/catalogue/unbound-how-eight-technologies-made-us-human-transformed-society-and-brought-our-world-to-the-brink_950/index.html
2026-09-02 22:29:40,603 - INFO - Product URL resolved: https://books.toscrape.com/catalogue/tsubasa-world-chronicle-2-tsubasa-world-chronicle-2_949/index.html
2026-09-02 22:29:40,603 - INFO - Product URL resolved: https://books.toscrape.com/catalogue/throwing-rocks-at-the-google-bus-how-growth-became-the-enemy-of-prosperity_948/index.html
2026-09-02 22:29:40,603 - INFO - Product URL resolved: https://books.toscrape.com/catalogue/this-one-summer_947/index.html
2026-09-02 22:29:40,603 - INFO - Product URL resolved: https://books.toscrape.com/catalogue/thirst_946/index.html
2026-09-02 22:29:40,603 - INFO - Product URL resolved: https://books.toscrape.com/catalogue/the-torch-is-passed-a-harding-family-story_945/index.html
2026-09-02 22:29:40,603 - INFO - Product URL resolved: https://books.toscrape.com/catalogue/the-secret-of-dreadwillow-carse_944/index.html
2026-09-02 22:29:40,603 - INFO - Product URL resolved: https://books.toscrape.com/catalogue/the-pioneer-woman-cooks-dinnertime-comfort-classics-freezer-food-16-minute-meals-and-other-delicious-ways-to-solve-supper_943/index.html
2026-09-02 22:29:40,603 - INFO - Product URL resolved: https://books.toscrape.com/catalogue/the-past-never-ends_942/index.html
2026-09-02 22:29:40,603 - INFO - Product URL resolved: https://books.toscrape.com/catalogue/the-natural-history-of-us-the-fine-art-of-pretending-2_941/index.html
2026-09-02 22:29:40,603 - INFO - Successfully extracted 20 products.
2026-09-02 22:29:40,603 - INFO - Products found on page 3: 20
2026-09-02 22:29:40,603 - INFO - Matching products collected so far: 0
2026-09-02 22:29:40,619 - INFO - Scraping page 4: https://books.toscrape.com/catalogue/page-4.html
2026-09-02 22:29:42,341 - INFO - Request successful: 200 - https://books.toscrape.com/catalogue/page-4.html
2026-09-02 22:29:42,356 - INFO - HTML parsed successfully.
2026-09-02 22:29:42,356 - INFO - Product elements found: 20
2026-09-02 22:29:42,356 - INFO - Product URL resolved: https://books.toscrape.com/catalogue/the-nameless-city-the-nameless-city-1_940/index.html
2026-09-02 22:29:42,356 - INFO - Product URL resolved: https://books.toscrape.com/catalogue/the-murder-that-never-was-forensic-instincts-5_939/index.html
2026-09-02 22:29:42,356 - INFO - Product URL resolved: https://books.toscrape.com/catalogue/the-most-perfect-thing-inside-and-outside-a-birds-egg_938/index.html
2026-09-02 22:29:42,356 - INFO - Product URL resolved: https://books.toscrape.com/catalogue/the-mindfulness-and-acceptance-workbook-for-anxiety-a-guide-to-breaking-free-from-anxiety-phobias-and-worry-using-acceptance-and-commitment-therapy_937/index.html
2026-09-02 22:29:42,356 - INFO - Product URL resolved: https://books.toscrape.com/catalogue/the-life-changing-magic-of-tidying-up-the-japanese-art-of-decluttering-and-organizing_936/index.html
2026-09-02 22:29:42,356 - INFO - Product URL resolved: https://books.toscrape.com/catalogue/the-inefficiency-assassin-time-management-tactics-for-working-smarter-not-longer_935/index.html
2026-09-02 22:29:42,356 - INFO - Product URL resolved: https://books.toscrape.com/catalogue/the-gutsy-girl-escapades-for-your-life-of-epic-adventure_934/index.html
2026-09-02 22:29:42,356 - INFO - Product URL resolved: https://books.toscrape.com/catalogue/the-electric-pencil-drawings-from-inside-state-hospital-no-3_933/index.html
2026-09-02 22:29:42,356 - INFO - Product URL resolved: https://books.toscrape.com/catalogue/the-death-of-humanity-and-the-case-for-life_932/index.html
2026-09-02 22:29:42,356 - INFO - Product URL resolved: https://books.toscrape.com/catalogue/the-bulletproof-diet-lose-up-to-a-pound-a-day-reclaim-energy-and-focus-upgrade-your-life_931/index.html
2026-09-02 22:29:42,356 - INFO - Product URL resolved: https://books.toscrape.com/catalogue/the-art-forger_930/index.html
2026-09-02 22:29:42,356 - INFO - Product URL resolved: https://books.toscrape.com/catalogue/the-age-of-genius-the-seventeenth-century-and-the-birth-of-the-modern-mind_929/index.html
2026-09-02 22:29:42,356 - INFO - Product URL resolved: https://books.toscrape.com/catalogue/the-activists-tao-te-ching-ancient-advice-for-a-modern-revolution_928/index.html
2026-09-02 22:29:42,356 - INFO - Product URL resolved: https://books.toscrape.com/catalogue/spark-joy-an-illustrated-master-class-on-the-art-of-organizing-and-tidying-up_927/index.html
2026-09-02 22:29:42,356 - INFO - Product URL resolved: https://books.toscrape.com/catalogue/soul-reader_926/index.html
2026-09-02 22:29:42,356 - INFO - Product URL resolved: https://books.toscrape.com/catalogue/security_925/index.html
2026-09-02 22:29:42,356 - INFO - Product URL resolved: https://books.toscrape.com/catalogue/saga-volume-6-saga-collected-editions-6_924/index.html
2026-09-02 22:29:42,356 - INFO - Product URL resolved: https://books.toscrape.com/catalogue/saga-volume-5-saga-collected-editions-5_923/index.html
2026-09-02 22:29:42,356 - INFO - Product URL resolved: https://books.toscrape.com/catalogue/reskilling-america-learning-to-labor-in-the-twenty-first-century_922/index.html
2026-09-02 22:29:42,369 - INFO - Product URL resolved: https://books.toscrape.com/catalogue/rat-queens-vol-3-demons-rat-queens-collected-editions-11-15_921/index.html
2026-09-02 22:29:42,369 - INFO - Successfully extracted 20 products.
2026-09-02 22:29:42,369 - INFO - Products found on page 4: 20
2026-09-02 22:29:42,369 - INFO - Matching products collected so far: 0
2026-09-02 22:29:42,372 - INFO - Scraping page 5: https://books.toscrape.com/catalogue/page-5.html
2026-09-02 22:29:43,871 - INFO - Request successful: 200 - https://books.toscrape.com/catalogue/page-5.html
2026-09-02 22:29:43,886 - INFO - HTML parsed successfully.
2026-09-02 22:29:43,886 - INFO - Product elements found: 20
2026-09-02 22:29:43,886 - INFO - Product URL resolved: https://books.toscrape.com/catalogue/princess-jellyfish-2-in-1-omnibus-vol-01-princess-jellyfish-2-in-1-omnibus-1_920/index.html
2026-09-02 22:29:43,886 - INFO - Product URL resolved: https://books.toscrape.com/catalogue/princess-between-worlds-wide-awake-princess-5_919/index.html
2026-09-02 22:29:43,886 - INFO - Product URL resolved: https://books.toscrape.com/catalogue/pop-gun-war-volume-1-gift_918/index.html
2026-09-02 22:29:43,886 - INFO - Product URL resolved: https://books.toscrape.com/catalogue/political-suicide-missteps-peccadilloes-bad-calls-backroom-hijinx-sordid-pasts-rotten-breaks-and-just-plain-dumb-mistakes-in-the-annals-of-american-politics_917/index.html
2026-09-02 22:29:43,886 - INFO - Product URL resolved: https://books.toscrape.com/catalogue/patience_916/index.html
2026-09-02 22:29:43,886 - INFO - Product URL resolved: https://books.toscrape.com/catalogue/outcast-vol-1-a-darkness-surrounds-him-outcast-1_915/index.html
2026-09-02 22:29:43,886 - INFO - Product URL resolved: https://books.toscrape.com/catalogue/orange-the-complete-collection-1-orange-the-complete-collection-1_914/index.html
2026-09-02 22:29:43,886 - INFO - Product URL resolved: https://books.toscrape.com/catalogue/online-marketing-for-busy-authors-a-step-by-step-guide_913/index.html
2026-09-02 22:29:43,886 - INFO - Product URL resolved: https://books.toscrape.com/catalogue/on-a-midnight-clear_912/index.html
2026-09-02 22:29:43,886 - INFO - Product URL resolved: https://books.toscrape.com/catalogue/obsidian-lux-1_911/index.html
2026-09-02 22:29:43,886 - INFO - Product URL resolved: https://books.toscrape.com/catalogue/my-paris-kitchen-recipes-and-stories_910/index.html
2026-09-02 22:29:43,886 - INFO - Product URL resolved: https://books.toscrape.com/catalogue/masks-and-shadows_909/index.html
2026-09-02 22:29:43,886 - INFO - Product URL resolved: https://books.toscrape.com/catalogue/mama-tried-traditional-italian-cooking-for-the-screwed-crude-vegan-and-tattooed_908/index.html
2026-09-02 22:29:43,886 - INFO - Product URL resolved: https://books.toscrape.com/catalogue/lumberjanes-vol-2-friendship-to-the-max-lumberjanes-5-8_907/index.html
2026-09-02 22:29:43,886 - INFO - Product URL resolved: https://books.toscrape.com/catalogue/lumberjanes-vol-1-beware-the-kitten-holy-lumberjanes-1-4_906/index.html
2026-09-02 22:29:43,886 - INFO - Product URL resolved: https://books.toscrape.com/catalogue/lumberjanes-vol-3-a-terrible-plan-lumberjanes-9-12_905/index.html
2026-09-02 22:29:43,886 - INFO - Product URL resolved: https://books.toscrape.com/catalogue/layered-baking-building-and-styling-spectacular-cakes_904/index.html
2026-09-02 22:29:43,886 - INFO - Product URL resolved: https://books.toscrape.com/catalogue/judo-seven-steps-to-black-belt-an-introductory-guide-for-beginners_903/index.html
2026-09-02 22:29:43,886 - INFO - Product URL resolved: https://books.toscrape.com/catalogue/join_902/index.html
2026-09-02 22:29:43,886 - INFO - Product URL resolved: https://books.toscrape.com/catalogue/in-the-country-we-love-my-family-divided_901/index.html
2026-09-02 22:29:43,886 - INFO - Successfully extracted 20 products.
2026-09-02 22:29:43,886 - INFO - Products found on page 5: 20
2026-09-02 22:29:43,886 - INFO - Matching products collected so far: 0
2026-09-02 22:29:43,886 - INFO - Scraping page 6: https://books.toscrape.com/catalogue/page-6.html
2026-09-02 22:29:45,422 - INFO - Request successful: 200 - https://books.toscrape.com/catalogue/page-6.html
2026-09-02 22:29:45,442 - INFO - HTML parsed successfully.
2026-09-02 22:29:45,442 - INFO - Product elements found: 20
2026-09-02 22:29:45,442 - INFO - Product URL resolved: https://books.toscrape.com/catalogue/immunity-how-elie-metchnikoff-changed-the-course-of-modern-medicine_900/index.html
2026-09-02 22:29:45,442 - INFO - Product URL resolved: https://books.toscrape.com/catalogue/i-hate-fairyland-vol-1-madly-ever-after-i-hate-fairyland-compilations-1-5_899/index.html
2026-09-02 22:29:45,442 - INFO - Product URL resolved: https://books.toscrape.com/catalogue/i-am-a-hero-omnibus-volume-1_898/index.html
2026-09-02 22:29:45,442 - INFO - Product URL resolved: https://books.toscrape.com/catalogue/how-to-be-miserable-40-strategies-you-already-use_897/index.html
2026-09-02 22:29:45,442 - INFO - Product URL resolved: https://books.toscrape.com/catalogue/her-backup-boyfriend-the-sorensen-family-1_896/index.html
2026-09-02 22:29:45,442 - INFO - Product URL resolved: https://books.toscrape.com/catalogue/giant-days-vol-2-giant-days-5-8_895/index.html
2026-09-02 22:29:45,442 - INFO - Product URL resolved: https://books.toscrape.com/catalogue/forever-and-forever-the-courtship-of-henry-longfellow-and-fanny-appleton_894/index.html
2026-09-02 22:29:45,442 - INFO - Product URL resolved: https://books.toscrape.com/catalogue/first-and-first-five-boroughs-3_893/index.html
2026-09-02 22:29:45,442 - INFO - Product URL resolved: https://books.toscrape.com/catalogue/fifty-shades-darker-fifty-shades-2_892/index.html
2026-09-02 22:29:45,442 - INFO - Product URL resolved: https://books.toscrape.com/catalogue/everydata-the-misinformation-hidden-in-the-little-data-you-consume-every-day_891/index.html
2026-09-02 22:29:45,442 - INFO - Product URL resolved: https://books.toscrape.com/catalogue/dont-be-a-jerk-and-other-practical-advice-from-dogen-japans-greatest-zen-master_890/index.html
2026-09-02 22:29:45,442 - INFO - Product URL resolved: https://books.toscrape.com/catalogue/danganronpa-volume-1_889/index.html
2026-09-02 22:29:45,442 - INFO - Product URL resolved: https://books.toscrape.com/catalogue/crown-of-midnight-throne-of-glass-2_888/index.html
2026-09-02 22:29:45,442 - INFO - Product URL resolved: https://books.toscrape.com/catalogue/codename-baboushka-volume-1-the-conclave-of-death_887/index.html
2026-09-02 22:29:45,442 - INFO - Product URL resolved: https://books.toscrape.com/catalogue/camp-midnight_886/index.html
2026-09-02 22:29:45,442 - INFO - Product URL resolved: https://books.toscrape.com/catalogue/call-the-nurse-true-stories-of-a-country-nurse-on-a-scottish-isle_885/index.html
2026-09-02 22:29:45,442 - INFO - Product URL resolved: https://books.toscrape.com/catalogue/burning_884/index.html
2026-09-02 22:29:45,442 - INFO - Product URL resolved: https://books.toscrape.com/catalogue/bossypants_883/index.html
2026-09-02 22:29:45,442 - INFO - Product URL resolved: https://books.toscrape.com/catalogue/bitch-planet-vol-1-extraordinary-machine-bitch-planet-collected-editions_882/index.html
2026-09-02 22:29:45,442 - INFO - Product URL resolved: https://books.toscrape.com/catalogue/avatar-the-last-airbender-smoke-and-shadow-part-3-smoke-and-shadow-3_881/index.html
2026-09-02 22:29:45,442 - INFO - Successfully extracted 20 products.
2026-09-02 22:29:45,442 - INFO - Products found on page 6: 20
2026-09-02 22:29:45,442 - INFO - Matching products collected so far: 0
2026-09-02 22:29:45,452 - INFO - Scraping page 7: https://books.toscrape.com/catalogue/page-7.html
2026-09-02 22:29:46,990 - INFO - Request successful: 200 - https://books.toscrape.com/catalogue/page-7.html
2026-09-02 22:29:47,006 - INFO - HTML parsed successfully.
2026-09-02 22:29:47,008 - INFO - Product elements found: 20
2026-09-02 22:29:47,008 - INFO - Product URL resolved: https://books.toscrape.com/catalogue/algorithms-to-live-by-the-computer-science-of-human-decisions_880/index.html
2026-09-02 22:29:47,008 - INFO - Product URL resolved: https://books.toscrape.com/catalogue/a-world-of-flavor-your-gluten-free-passport_879/index.html
2026-09-02 22:29:47,008 - INFO - Product URL resolved: https://books.toscrape.com/catalogue/a-piece-of-sky-a-grain-of-rice-a-memoir-in-four-meditations_878/index.html
2026-09-02 22:29:47,008 - INFO - Product URL resolved: https://books.toscrape.com/catalogue/a-murder-in-time_877/index.html
2026-09-02 22:29:47,008 - INFO - Product URL resolved: https://books.toscrape.com/catalogue/a-flight-of-arrows-the-pathfinders-2_876/index.html
2026-09-02 22:29:47,008 - INFO - Product URL resolved: https://books.toscrape.com/catalogue/a-fierce-and-subtle-poison_875/index.html
2026-09-02 22:29:47,008 - INFO - Product URL resolved: https://books.toscrape.com/catalogue/a-court-of-thorns-and-roses-a-court-of-thorns-and-roses-1_874/index.html
2026-09-02 22:29:47,008 - INFO - Product URL resolved: https://books.toscrape.com/catalogue/unqualified-how-god-uses-broken-people-to-do-big-things_873/index.html
2026-09-02 22:29:47,008 - INFO - Product URL resolved: https://books.toscrape.com/catalogue/you-are-what-you-love-the-spiritual-power-of-habit_872/index.html
2026-09-02 22:29:47,008 - INFO - Product URL resolved: https://books.toscrape.com/catalogue/william-shakespeares-star-wars-verily-a-new-hope-william-shakespeares-star-wars-4_871/index.html
2026-09-02 22:29:47,008 - INFO - Product URL resolved: https://books.toscrape.com/catalogue/tuesday-nights-in-1980_870/index.html
2026-09-02 22:29:47,008 - INFO - Product URL resolved: https://books.toscrape.com/catalogue/tracing-numbers-on-a-train_869/index.html
2026-09-02 22:29:47,008 - INFO - Product URL resolved: https://books.toscrape.com/catalogue/throne-of-glass-throne-of-glass-1_868/index.html
2026-09-02 22:29:47,008 - INFO - Product URL resolved: https://books.toscrape.com/catalogue/thomas-jefferson-and-the-tripoli-pirates-the-forgotten-war-that-changed-american-history_867/index.html
2026-09-02 22:29:47,008 - INFO - Product URL resolved: https://books.toscrape.com/catalogue/thirteen-reasons-why_866/index.html
2026-09-02 22:29:47,008 - INFO - Product URL resolved: https://books.toscrape.com/catalogue/the-white-cat-and-the-monk-a-retelling-of-the-poem-pangur-ban_865/index.html
2026-09-02 22:29:47,008 - INFO - Product URL resolved: https://books.toscrape.com/catalogue/the-wedding-dress_864/index.html
2026-09-02 22:29:47,008 - INFO - Product URL resolved: https://books.toscrape.com/catalogue/the-vacationers_863/index.html
2026-09-02 22:29:47,008 - INFO - Product URL resolved: https://books.toscrape.com/catalogue/the-third-wave-an-entrepreneurs-vision-of-the-future_862/index.html
2026-09-02 22:29:47,008 - INFO - Product URL resolved: https://books.toscrape.com/catalogue/the-stranger_861/index.html
2026-09-02 22:29:47,008 - INFO - Successfully extracted 20 products.
2026-09-02 22:29:47,008 - INFO - Products found on page 7: 20
2026-09-02 22:29:47,008 - INFO - Product matched query: A Flight of Arrows (The Pathfinders #2)
2026-09-02 22:29:47,008 - INFO - Matching products collected so far: 1
2026-09-02 22:29:47,008 - INFO - Search filtering completed. Matching products: 1
2026-09-02 22:29:47,008 - INFO - Fetching product details: https://books.toscrape.com/catalogue/a-flight-of-arrows-the-pathfinders-2_876/index.html
2026-09-02 22:29:48,508 - INFO - Request successful: 200 - https://books.toscrape.com/catalogue/a-flight-of-arrows-the-pathfinders-2_876/index.html
2026-09-02 22:29:48,524 - INFO - HTML parsed successfully.
2026-09-02 22:29:48,524 - INFO - Duplicated description prefix removed.
2026-09-02 22:29:48,524 - INFO - Product details extracted successfully.
2026-09-02 22:29:48,524 - INFO - Search completed. Products collected: 1
2026-09-02 22:29:48,524 - INFO - Scraping completed. Total products collected: 1
2026-09-02 22:29:48,524 - INFO - All required columns are present.
2026-09-02 22:29:48,542 - INFO - Data cleaning completed. Final records: 1
2026-09-02 22:29:48,717 - INFO - Data exported successfully. CSV: output/products.csv, Excel: output/products.xlsx
2026-09-02 22:29:50,658 - INFO - Scraper completed successfully. Total products processed: 1
2026-09-02 22:39:30,975 - INFO - Scraper started. Maximum products: 1
2026-09-02 22:39:30,975 - INFO - Selected scraper: BooksToScrapeScraper
2026-09-02 22:39:30,975 - INFO - Searching for products with query: 'light'
2026-09-02 22:39:30,975 - INFO - Scraping page 1: https://books.toscrape.com/
2026-09-02 22:39:33,518 - INFO - Request successful: 200 - https://books.toscrape.com/
2026-09-02 22:39:33,534 - INFO - HTML parsed successfully.
2026-09-02 22:39:33,534 - INFO - Product elements found: 20
2026-09-02 22:39:33,545 - INFO - Product URL resolved: https://books.toscrape.com/catalogue/a-light-in-the-attic_1000/index.html
2026-09-02 22:39:33,545 - INFO - Product URL resolved: https://books.toscrape.com/catalogue/tipping-the-velvet_999/index.html
2026-09-02 22:39:33,545 - INFO - Product URL resolved: https://books.toscrape.com/catalogue/soumission_998/index.html
2026-09-02 22:39:33,545 - INFO - Product URL resolved: https://books.toscrape.com/catalogue/sharp-objects_997/index.html
2026-09-02 22:39:33,545 - INFO - Product URL resolved: https://books.toscrape.com/catalogue/sapiens-a-brief-history-of-humankind_996/index.html
2026-09-02 22:39:33,545 - INFO - Product URL resolved: https://books.toscrape.com/catalogue/the-requiem-red_995/index.html
2026-09-02 22:39:33,545 - INFO - Product URL resolved: https://books.toscrape.com/catalogue/the-dirty-little-secrets-of-getting-your-dream-job_994/index.html
2026-09-02 22:39:33,545 - INFO - Product URL resolved: https://books.toscrape.com/catalogue/the-coming-woman-a-novel-based-on-the-life-of-the-infamous-feminist-victoria-woodhull_993/index.html
2026-09-02 22:39:33,545 - INFO - Product URL resolved: https://books.toscrape.com/catalogue/the-boys-in-the-boat-nine-americans-and-their-epic-quest-for-gold-at-the-1936-berlin-olympics_992/index.html
2026-09-02 22:39:33,545 - INFO - Product URL resolved: https://books.toscrape.com/catalogue/the-black-maria_991/index.html
2026-09-02 22:39:33,545 - INFO - Product URL resolved: https://books.toscrape.com/catalogue/starving-hearts-triangular-trade-trilogy-1_990/index.html
2026-09-02 22:39:33,545 - INFO - Product URL resolved: https://books.toscrape.com/catalogue/shakespeares-sonnets_989/index.html
2026-09-02 22:39:33,545 - INFO - Product URL resolved: https://books.toscrape.com/catalogue/set-me-free_988/index.html
2026-09-02 22:39:33,545 - INFO - Product URL resolved: https://books.toscrape.com/catalogue/scott-pilgrims-precious-little-life-scott-pilgrim-1_987/index.html
2026-09-02 22:39:33,545 - INFO - Product URL resolved: https://books.toscrape.com/catalogue/rip-it-up-and-start-again_986/index.html
2026-09-02 22:39:33,545 - INFO - Product URL resolved: https://books.toscrape.com/catalogue/our-band-could-be-your-life-scenes-from-the-american-indie-underground-1981-1991_985/index.html
2026-09-02 22:39:33,545 - INFO - Product URL resolved: https://books.toscrape.com/catalogue/olio_984/index.html
2026-09-02 22:39:33,550 - INFO - Product URL resolved: https://books.toscrape.com/catalogue/mesaerion-the-best-science-fiction-stories-1800-1849_983/index.html
2026-09-02 22:39:33,550 - INFO - Product URL resolved: https://books.toscrape.com/catalogue/libertarianism-for-beginners_982/index.html
2026-09-02 22:39:33,550 - INFO - Product URL resolved: https://books.toscrape.com/catalogue/its-only-the-himalayas_981/index.html
2026-09-02 22:39:33,550 - INFO - Successfully extracted 20 products.
2026-09-02 22:39:33,550 - INFO - Products found on page 1: 20
2026-09-02 22:39:33,550 - INFO - Product matched query: A Light in the Attic
2026-09-02 22:39:33,550 - INFO - Matching products collected so far: 1
2026-09-02 22:39:33,550 - INFO - Search filtering completed. Matching products: 1
2026-09-02 22:39:33,550 - INFO - Fetching product details: https://books.toscrape.com/catalogue/a-light-in-the-attic_1000/index.html
2026-09-02 22:39:34,799 - INFO - Request successful: 200 - https://books.toscrape.com/catalogue/a-light-in-the-attic_1000/index.html
2026-09-02 22:39:34,845 - INFO - HTML parsed successfully.
2026-09-02 22:39:34,846 - INFO - Duplicated description prefix removed.
2026-09-02 22:39:34,846 - INFO - Product details extracted successfully.
2026-09-02 22:39:34,846 - INFO - Search completed. Products collected: 1
2026-09-02 22:39:34,846 - INFO - Scraping completed. Total products collected: 1
2026-09-02 22:39:34,847 - INFO - All required columns are present.
2026-09-02 22:39:34,854 - INFO - Data cleaning completed. Final records: 1
2026-09-02 22:39:35,029 - INFO - Data exported successfully. CSV: output/products.csv, Excel: output/products.xlsx
2026-09-02 22:39:38,438 - INFO - Scraper completed successfully. Total products processed: 1
2026-09-02 22:39:43,995 - INFO - Scraper started. Maximum products: 2
2026-09-02 22:39:43,995 - INFO - Selected scraper: AmazonScraper
2026-09-02 22:39:43,995 - INFO - Amazon search requested: 'laptop'
2026-09-02 22:39:43,995 - WARNING - Amazon scraper is not implemented yet.
2026-09-02 22:39:43,996 - INFO - Scraping completed. Total products collected: 0
2026-09-02 22:39:43,996 - WARNING - No products were collected.
2026-09-02 22:39:54,369 - INFO - Scraper started. Maximum products: 2
2026-09-02 22:39:54,369 - INFO - Selected scraper: AlibabaScraper
2026-09-02 22:39:54,369 - INFO - Alibaba search requested: 'laptop'
2026-09-02 22:39:54,369 - WARNING - Alibaba scraper is not implemented yet.
2026-09-02 22:39:54,369 - INFO - Scraping completed. Total products collected: 0
2026-09-02 22:39:54,369 - WARNING - No products were collected.
2026-09-02 22:40:01,053 - INFO - Scraper started. Maximum products: 2
2026-09-02 22:40:01,054 - INFO - Selected scraper: FlipkartScraper
2026-09-02 22:40:01,054 - INFO - Flipkart search requested: 'laptop'
2026-09-02 22:40:01,054 - WARNING - Flipkart scraper is not implemented yet.
2026-09-02 22:40:01,054 - INFO - Scraping completed. Total products collected: 0
2026-09-02 22:40:01,054 - WARNING - No products were collected.
2026-09-02 22:43:56,026 - INFO - robots.txt allows access: https://books.toscrape.com/
2026-09-02 22:47:00,036 - INFO - robots.txt allows access: https://books.toscrape.com/
2026-09-02 22:47:10,873 - INFO - Scraper started. Maximum products: 1
2026-09-02 22:47:10,873 - INFO - Selected scraper: BooksToScrapeScraper
2026-09-02 22:47:10,873 - INFO - Searching for products with query: 'light'
2026-09-02 22:47:10,873 - INFO - Scraping page 1: https://books.toscrape.com/
2026-09-02 22:47:11,626 - INFO - robots.txt allows access: https://books.toscrape.com/
2026-09-02 22:47:14,099 - INFO - Request successful: 200 - https://books.toscrape.com/
2026-09-02 22:47:14,116 - INFO - HTML parsed successfully.
2026-09-02 22:47:14,116 - INFO - Product elements found: 20
2026-09-02 22:47:14,116 - INFO - Product URL resolved: https://books.toscrape.com/catalogue/a-light-in-the-attic_1000/index.html
2026-09-02 22:47:14,116 - INFO - Product URL resolved: https://books.toscrape.com/catalogue/tipping-the-velvet_999/index.html
2026-09-02 22:47:14,116 - INFO - Product URL resolved: https://books.toscrape.com/catalogue/soumission_998/index.html
2026-09-02 22:47:14,116 - INFO - Product URL resolved: https://books.toscrape.com/catalogue/sharp-objects_997/index.html
2026-09-02 22:47:14,116 - INFO - Product URL resolved: https://books.toscrape.com/catalogue/sapiens-a-brief-history-of-humankind_996/index.html
2026-09-02 22:47:14,116 - INFO - Product URL resolved: https://books.toscrape.com/catalogue/the-requiem-red_995/index.html
2026-09-02 22:47:14,116 - INFO - Product URL resolved: https://books.toscrape.com/catalogue/the-dirty-little-secrets-of-getting-your-dream-job_994/index.html
2026-09-02 22:47:14,116 - INFO - Product URL resolved: https://books.toscrape.com/catalogue/the-coming-woman-a-novel-based-on-the-life-of-the-infamous-feminist-victoria-woodhull_993/index.html
2026-09-02 22:47:14,116 - INFO - Product URL resolved: https://books.toscrape.com/catalogue/the-boys-in-the-boat-nine-americans-and-their-epic-quest-for-gold-at-the-1936-berlin-olympics_992/index.html
2026-09-02 22:47:14,116 - INFO - Product URL resolved: https://books.toscrape.com/catalogue/the-black-maria_991/index.html
2026-09-02 22:47:14,116 - INFO - Product URL resolved: https://books.toscrape.com/catalogue/starving-hearts-triangular-trade-trilogy-1_990/index.html
2026-09-02 22:47:14,116 - INFO - Product URL resolved: https://books.toscrape.com/catalogue/shakespeares-sonnets_989/index.html
2026-09-02 22:47:14,116 - INFO - Product URL resolved: https://books.toscrape.com/catalogue/set-me-free_988/index.html
2026-09-02 22:47:14,116 - INFO - Product URL resolved: https://books.toscrape.com/catalogue/scott-pilgrims-precious-little-life-scott-pilgrim-1_987/index.html
2026-09-02 22:47:14,116 - INFO - Product URL resolved: https://books.toscrape.com/catalogue/rip-it-up-and-start-again_986/index.html
2026-09-02 22:47:14,116 - INFO - Product URL resolved: https://books.toscrape.com/catalogue/our-band-could-be-your-life-scenes-from-the-american-indie-underground-1981-1991_985/index.html
2026-09-02 22:47:14,116 - INFO - Product URL resolved: https://books.toscrape.com/catalogue/olio_984/index.html
2026-09-02 22:47:14,130 - INFO - Product URL resolved: https://books.toscrape.com/catalogue/mesaerion-the-best-science-fiction-stories-1800-1849_983/index.html
2026-09-02 22:47:14,130 - INFO - Product URL resolved: https://books.toscrape.com/catalogue/libertarianism-for-beginners_982/index.html
2026-09-02 22:47:14,130 - INFO - Product URL resolved: https://books.toscrape.com/catalogue/its-only-the-himalayas_981/index.html
2026-09-02 22:47:14,130 - INFO - Successfully extracted 20 products.
2026-09-02 22:47:14,130 - INFO - Products found on page 1: 20
2026-09-02 22:47:14,130 - INFO - Product matched query: A Light in the Attic
2026-09-02 22:47:14,130 - INFO - Matching products collected so far: 1
2026-09-02 22:47:14,130 - INFO - Search filtering completed. Matching products: 1
2026-09-02 22:47:14,130 - INFO - Fetching product details: https://books.toscrape.com/catalogue/a-light-in-the-attic_1000/index.html
2026-09-02 22:47:14,842 - INFO - robots.txt allows access: https://books.toscrape.com/catalogue/a-light-in-the-attic_1000/index.html
2026-09-02 22:47:16,102 - INFO - Request successful: 200 - https://books.toscrape.com/catalogue/a-light-in-the-attic_1000/index.html
2026-09-02 22:47:16,134 - INFO - HTML parsed successfully.
2026-09-02 22:47:16,134 - INFO - Duplicated description prefix removed.
2026-09-02 22:47:16,134 - INFO - Product details extracted successfully.
2026-09-02 22:47:16,134 - INFO - Search completed. Products collected: 1
2026-09-02 22:47:16,134 - INFO - Scraping completed. Total products collected: 1
2026-09-02 22:47:16,134 - INFO - All required columns are present.
2026-09-02 22:47:16,150 - INFO - Data cleaning completed. Final records: 1
2026-09-02 22:47:16,347 - INFO - Data exported successfully. CSV: output/products.csv, Excel: output/products.xlsx
2026-09-02 22:47:18,880 - INFO - Scraper completed successfully. Total products processed: 1
2026-09-02 22:51:23,345 - INFO - Checking robots.txt: https://books.toscrape.com/robots.txt
2026-09-02 22:51:24,251 - INFO - robots.txt allows access: https://books.toscrape.com/
2026-09-02 22:51:33,096 - INFO - Scraper started. Maximum products: 1
2026-09-02 22:51:33,097 - INFO - Selected scraper: BooksToScrapeScraper
2026-09-02 22:51:33,097 - INFO - Searching for products with query: 'light'
2026-09-02 22:51:33,097 - INFO - Scraping page 1: https://books.toscrape.com/
2026-09-02 22:51:33,097 - INFO - Checking robots.txt: https://books.toscrape.com/robots.txt
2026-09-02 22:51:46,448 - INFO - robots.txt allows access: https://books.toscrape.com/
2026-09-02 22:51:52,743 - INFO - Request successful: 200 - https://books.toscrape.com/
2026-09-02 22:51:52,760 - INFO - HTML parsed successfully.
2026-09-02 22:51:52,764 - INFO - Product elements found: 20
2026-09-02 22:51:52,768 - INFO - Product URL resolved: https://books.toscrape.com/catalogue/a-light-in-the-attic_1000/index.html
2026-09-02 22:51:52,768 - INFO - Product URL resolved: https://books.toscrape.com/catalogue/tipping-the-velvet_999/index.html
2026-09-02 22:51:52,768 - INFO - Product URL resolved: https://books.toscrape.com/catalogue/soumission_998/index.html
2026-09-02 22:51:52,770 - INFO - Product URL resolved: https://books.toscrape.com/catalogue/sharp-objects_997/index.html
2026-09-02 22:51:52,770 - INFO - Product URL resolved: https://books.toscrape.com/catalogue/sapiens-a-brief-history-of-humankind_996/index.html
2026-09-02 22:51:52,770 - INFO - Product URL resolved: https://books.toscrape.com/catalogue/the-requiem-red_995/index.html
2026-09-02 22:51:52,770 - INFO - Product URL resolved: https://books.toscrape.com/catalogue/the-dirty-little-secrets-of-getting-your-dream-job_994/index.html
2026-09-02 22:51:52,770 - INFO - Product URL resolved: https://books.toscrape.com/catalogue/the-coming-woman-a-novel-based-on-the-life-of-the-infamous-feminist-victoria-woodhull_993/index.html
2026-09-02 22:51:52,770 - INFO - Product URL resolved: https://books.toscrape.com/catalogue/the-boys-in-the-boat-nine-americans-and-their-epic-quest-for-gold-at-the-1936-berlin-olympics_992/index.html
2026-09-02 22:51:52,772 - INFO - Product URL resolved: https://books.toscrape.com/catalogue/the-black-maria_991/index.html
2026-09-02 22:51:52,772 - INFO - Product URL resolved: https://books.toscrape.com/catalogue/starving-hearts-triangular-trade-trilogy-1_990/index.html
2026-09-02 22:51:52,772 - INFO - Product URL resolved: https://books.toscrape.com/catalogue/shakespeares-sonnets_989/index.html
2026-09-02 22:51:52,772 - INFO - Product URL resolved: https://books.toscrape.com/catalogue/set-me-free_988/index.html
2026-09-02 22:51:52,772 - INFO - Product URL resolved: https://books.toscrape.com/catalogue/scott-pilgrims-precious-little-life-scott-pilgrim-1_987/index.html
2026-09-02 22:51:52,772 - INFO - Product URL resolved: https://books.toscrape.com/catalogue/rip-it-up-and-start-again_986/index.html
2026-09-02 22:51:52,772 - INFO - Product URL resolved: https://books.toscrape.com/catalogue/our-band-could-be-your-life-scenes-from-the-american-indie-underground-1981-1991_985/index.html
2026-09-02 22:51:52,772 - INFO - Product URL resolved: https://books.toscrape.com/catalogue/olio_984/index.html
2026-09-02 22:51:52,772 - INFO - Product URL resolved: https://books.toscrape.com/catalogue/mesaerion-the-best-science-fiction-stories-1800-1849_983/index.html
2026-09-02 22:51:52,772 - INFO - Product URL resolved: https://books.toscrape.com/catalogue/libertarianism-for-beginners_982/index.html
2026-09-02 22:51:52,772 - INFO - Product URL resolved: https://books.toscrape.com/catalogue/its-only-the-himalayas_981/index.html
2026-09-02 22:51:52,772 - INFO - Successfully extracted 20 products.
2026-09-02 22:51:52,772 - INFO - Products found on page 1: 20
2026-09-02 22:51:52,772 - INFO - Product matched query: A Light in the Attic
2026-09-02 22:51:52,772 - INFO - Matching products collected so far: 1
2026-09-02 22:51:52,772 - INFO - Search filtering completed. Matching products: 1
2026-09-02 22:51:52,772 - INFO - Fetching product details: https://books.toscrape.com/catalogue/a-light-in-the-attic_1000/index.html
2026-09-02 22:51:52,772 - INFO - Checking robots.txt: https://books.toscrape.com/robots.txt
2026-09-02 22:51:55,300 - INFO - robots.txt allows access: https://books.toscrape.com/catalogue/a-light-in-the-attic_1000/index.html
2026-09-02 22:51:58,230 - INFO - Request successful: 200 - https://books.toscrape.com/catalogue/a-light-in-the-attic_1000/index.html
2026-09-02 22:51:58,281 - INFO - HTML parsed successfully.
2026-09-02 22:51:58,281 - INFO - Duplicated description prefix removed.
2026-09-02 22:51:58,281 - INFO - Product details extracted successfully.
2026-09-02 22:51:58,281 - INFO - Search completed. Products collected: 1
2026-09-02 22:51:58,281 - INFO - Scraping completed. Total products collected: 1
2026-09-02 22:51:58,282 - INFO - All required columns are present.
2026-09-02 22:51:58,290 - INFO - Data cleaning completed. Final records: 1
2026-09-02 22:51:58,481 - INFO - Data exported successfully. CSV: output/products.csv, Excel: output/products.xlsx
2026-09-02 22:52:00,858 - INFO - Scraper completed successfully. Total products processed: 1
2026-09-02 22:53:19,331 - INFO - Checking robots.txt: https://this-website-does-not-exist-12345.com/robots.txt
2026-09-02 22:53:19,546 - ERROR - Could not read robots.txt: <urlopen error [Errno 11001] getaddrinfo failed>
2026-09-02 22:57:19,021 - INFO - Amazon scraper initialized.
2026-09-02 22:57:30,809 - INFO - Amazon scraper initialized.
2026-09-02 22:59:21,963 - INFO - Amazon scraper initialized.
2026-09-02 22:59:21,963 - INFO - Amazon search requested: 'laptop'
2026-09-02 22:59:21,963 - INFO - Maximum products requested: 5
2026-09-02 22:59:21,963 - WARNING - Amazon data source is not configured.
2026-09-02 22:59:21,963 - WARNING - Use an authorized Amazon API or approved data-access method.
2026-09-02 22:59:21,963 - WARNING - Amazon search query is empty.
2026-09-02 22:59:21,963 - WARNING - Maximum products must be greater than zero.
2026-09-02 22:59:29,310 - INFO - Amazon scraper initialized.
2026-09-02 23:00:35,783 - INFO - Alibaba scraper initialized.
2026-09-02 23:00:42,183 - INFO - Alibaba scraper initialized.
2026-09-02 23:00:42,183 - INFO - Alibaba search requested: 'laptop'
2026-09-02 23:00:42,183 - INFO - Maximum products requested: 5
2026-09-02 23:00:42,183 - WARNING - Alibaba data source is not configured.
2026-09-02 23:00:42,183 - WARNING - Use an authorized Alibaba API or approved data-access method.
2026-09-02 23:00:42,183 - WARNING - Alibaba search query is empty.
2026-09-02 23:00:42,183 - WARNING - Maximum products must be greater than zero.
2026-09-02 23:00:50,214 - INFO - Amazon scraper initialized.
2026-09-02 23:00:50,214 - INFO - Alibaba scraper initialized.
2026-09-02 23:01:49,173 - INFO - Flipkart scraper initialized.
2026-09-02 23:01:54,976 - INFO - Flipkart scraper initialized.
2026-09-02 23:01:54,976 - INFO - Flipkart search requested: 'laptop'
2026-09-02 23:01:54,976 - INFO - Maximum products requested: 5
2026-09-02 23:01:54,976 - WARNING - Flipkart data source is not configured.
2026-09-02 23:01:54,978 - WARNING - Use an authorized Flipkart API or approved data-access method.
2026-09-02 23:01:54,978 - WARNING - Flipkart search query is empty.
2026-09-02 23:01:54,978 - WARNING - Maximum products must be greater than zero.
2026-09-02 23:02:02,413 - INFO - Amazon scraper initialized.
2026-09-02 23:02:02,413 - INFO - Alibaba scraper initialized.
2026-09-02 23:02:02,413 - INFO - Flipkart scraper initialized.
2026-09-02 23:08:00,250 - INFO - Amazon scraper initialized.
2026-09-02 23:08:00,250 - INFO - Alibaba scraper initialized.
2026-09-02 23:08:00,250 - INFO - Flipkart scraper initialized.
2026-09-02 23:08:00,250 - INFO - Multi-website search started: 'light'
2026-09-02 23:08:00,250 - INFO - Websites selected: ['books', 'amazon', 'alibaba', 'flipkart']
2026-09-02 23:08:00,250 - INFO - Searching books...
2026-09-02 23:08:00,250 - INFO - Searching for products with query: 'light'
2026-09-02 23:08:00,250 - INFO - Scraping page 1: https://books.toscrape.com/
2026-09-02 23:08:00,250 - INFO - Checking robots.txt: https://books.toscrape.com/robots.txt
2026-09-02 23:08:01,150 - INFO - robots.txt allows access: https://books.toscrape.com/
2026-09-02 23:08:03,560 - INFO - Request successful: 200 - https://books.toscrape.com/
2026-09-02 23:08:03,578 - INFO - HTML parsed successfully.
2026-09-02 23:08:03,583 - INFO - Product elements found: 20
2026-09-02 23:08:03,585 - INFO - Product URL resolved: https://books.toscrape.com/catalogue/a-light-in-the-attic_1000/index.html
2026-09-02 23:08:03,586 - INFO - Product URL resolved: https://books.toscrape.com/catalogue/tipping-the-velvet_999/index.html
2026-09-02 23:08:03,586 - INFO - Product URL resolved: https://books.toscrape.com/catalogue/soumission_998/index.html
2026-09-02 23:08:03,586 - INFO - Product URL resolved: https://books.toscrape.com/catalogue/sharp-objects_997/index.html
2026-09-02 23:08:03,587 - INFO - Product URL resolved: https://books.toscrape.com/catalogue/sapiens-a-brief-history-of-humankind_996/index.html
2026-09-02 23:08:03,587 - INFO - Product URL resolved: https://books.toscrape.com/catalogue/the-requiem-red_995/index.html
2026-09-02 23:08:03,587 - INFO - Product URL resolved: https://books.toscrape.com/catalogue/the-dirty-little-secrets-of-getting-your-dream-job_994/index.html
2026-09-02 23:08:03,588 - INFO - Product URL resolved: https://books.toscrape.com/catalogue/the-coming-woman-a-novel-based-on-the-life-of-the-infamous-feminist-victoria-woodhull_993/index.html
2026-09-02 23:08:03,588 - INFO - Product URL resolved: https://books.toscrape.com/catalogue/the-boys-in-the-boat-nine-americans-and-their-epic-quest-for-gold-at-the-1936-berlin-olympics_992/index.html
2026-09-02 23:08:03,588 - INFO - Product URL resolved: https://books.toscrape.com/catalogue/the-black-maria_991/index.html
2026-09-02 23:08:03,589 - INFO - Product URL resolved: https://books.toscrape.com/catalogue/starving-hearts-triangular-trade-trilogy-1_990/index.html
2026-09-02 23:08:03,589 - INFO - Product URL resolved: https://books.toscrape.com/catalogue/shakespeares-sonnets_989/index.html
2026-09-02 23:08:03,589 - INFO - Product URL resolved: https://books.toscrape.com/catalogue/set-me-free_988/index.html
2026-09-02 23:08:03,590 - INFO - Product URL resolved: https://books.toscrape.com/catalogue/scott-pilgrims-precious-little-life-scott-pilgrim-1_987/index.html
2026-09-02 23:08:03,590 - INFO - Product URL resolved: https://books.toscrape.com/catalogue/rip-it-up-and-start-again_986/index.html
2026-09-02 23:08:03,590 - INFO - Product URL resolved: https://books.toscrape.com/catalogue/our-band-could-be-your-life-scenes-from-the-american-indie-underground-1981-1991_985/index.html
2026-09-02 23:08:03,590 - INFO - Product URL resolved: https://books.toscrape.com/catalogue/olio_984/index.html
2026-09-02 23:08:03,591 - INFO - Product URL resolved: https://books.toscrape.com/catalogue/mesaerion-the-best-science-fiction-stories-1800-1849_983/index.html
2026-09-02 23:08:03,591 - INFO - Product URL resolved: https://books.toscrape.com/catalogue/libertarianism-for-beginners_982/index.html
2026-09-02 23:08:03,591 - INFO - Product URL resolved: https://books.toscrape.com/catalogue/its-only-the-himalayas_981/index.html
2026-09-02 23:08:03,593 - INFO - Successfully extracted 20 products.
2026-09-02 23:08:03,593 - INFO - Products found on page 1: 20
2026-09-02 23:08:03,593 - INFO - Product matched query: A Light in the Attic
2026-09-02 23:08:03,593 - INFO - Matching products collected so far: 1
2026-09-02 23:08:03,596 - INFO - Scraping page 2: https://books.toscrape.com/catalogue/page-2.html
2026-09-02 23:08:03,596 - INFO - Checking robots.txt: https://books.toscrape.com/robots.txt
2026-09-02 23:08:04,318 - INFO - robots.txt allows access: https://books.toscrape.com/catalogue/page-2.html
2026-09-02 23:08:06,037 - INFO - Request successful: 200 - https://books.toscrape.com/catalogue/page-2.html
2026-09-02 23:08:06,065 - INFO - HTML parsed successfully.
2026-09-02 23:08:06,065 - INFO - Product elements found: 20
2026-09-02 23:08:06,065 - INFO - Product URL resolved: https://books.toscrape.com/catalogue/in-her-wake_980/index.html
2026-09-02 23:08:06,065 - INFO - Product URL resolved: https://books.toscrape.com/catalogue/how-music-works_979/index.html
2026-09-02 23:08:06,065 - INFO - Product URL resolved: https://books.toscrape.com/catalogue/foolproof-preserving-a-guide-to-small-batch-jams-jellies-pickles-condiments-and-more-a-foolproof-guide-to-making-small-batch-jams-jellies-pickles-condiments-and-more_978/index.html
2026-09-02 23:08:06,065 - INFO - Product URL resolved: https://books.toscrape.com/catalogue/chase-me-paris-nights-2_977/index.html
2026-09-02 23:08:06,065 - INFO - Product URL resolved: https://books.toscrape.com/catalogue/black-dust_976/index.html
2026-09-02 23:08:06,065 - INFO - Product URL resolved: https://books.toscrape.com/catalogue/birdsong-a-story-in-pictures_975/index.html
2026-09-02 23:08:06,065 - INFO - Product URL resolved: https://books.toscrape.com/catalogue/americas-cradle-of-quarterbacks-western-pennsylvanias-football-factory-from-johnny-unitas-to-joe-montana_974/index.html
2026-09-02 23:08:06,065 - INFO - Product URL resolved: https://books.toscrape.com/catalogue/aladdin-and-his-wonderful-lamp_973/index.html
2026-09-02 23:08:06,065 - INFO - Product URL resolved: https://books.toscrape.com/catalogue/worlds-elsewhere-journeys-around-shakespeares-globe_972/index.html
2026-09-02 23:08:06,065 - INFO - Product URL resolved: https://books.toscrape.com/catalogue/wall-and-piece_971/index.html
2026-09-02 23:08:06,065 - INFO - Product URL resolved: https://books.toscrape.com/catalogue/the-four-agreements-a-practical-guide-to-personal-freedom_970/index.html
2026-09-02 23:08:06,065 - INFO - Product URL resolved: https://books.toscrape.com/catalogue/the-five-love-languages-how-to-express-heartfelt-commitment-to-your-mate_969/index.html
2026-09-02 23:08:06,065 - INFO - Product URL resolved: https://books.toscrape.com/catalogue/the-elephant-tree_968/index.html
2026-09-02 23:08:06,065 - INFO - Product URL resolved: https://books.toscrape.com/catalogue/the-bear-and-the-piano_967/index.html
2026-09-02 23:08:06,065 - INFO - Product URL resolved: https://books.toscrape.com/catalogue/sophies-world_966/index.html
2026-09-02 23:08:06,065 - INFO - Product URL resolved: https://books.toscrape.com/catalogue/penny-maybe_965/index.html
2026-09-02 23:08:06,065 - INFO - Product URL resolved: https://books.toscrape.com/catalogue/maude-1883-1993she-grew-up-with-the-country_964/index.html
2026-09-02 23:08:06,065 - INFO - Product URL resolved: https://books.toscrape.com/catalogue/in-a-dark-dark-wood_963/index.html
2026-09-02 23:08:06,065 - INFO - Product URL resolved: https://books.toscrape.com/catalogue/behind-closed-doors_962/index.html
2026-09-02 23:08:06,065 - INFO - Product URL resolved: https://books.toscrape.com/catalogue/you-cant-bury-them-all-poems_961/index.html
2026-09-02 23:08:06,065 - INFO - Successfully extracted 20 products.
2026-09-02 23:08:06,065 - INFO - Products found on page 2: 20
2026-09-02 23:08:06,065 - INFO - Matching products collected so far: 1
2026-09-02 23:08:06,073 - INFO - Scraping page 3: https://books.toscrape.com/catalogue/page-3.html
2026-09-02 23:08:06,073 - INFO - Checking robots.txt: https://books.toscrape.com/robots.txt
2026-09-02 23:08:06,802 - INFO - robots.txt allows access: https://books.toscrape.com/catalogue/page-3.html
2026-09-02 23:08:08,539 - INFO - Request successful: 200 - https://books.toscrape.com/catalogue/page-3.html
2026-09-02 23:08:08,555 - INFO - HTML parsed successfully.
2026-09-02 23:08:08,555 - INFO - Product elements found: 20
2026-09-02 23:08:08,555 - INFO - Product URL resolved: https://books.toscrape.com/catalogue/slow-states-of-collapse-poems_960/index.html
2026-09-02 23:08:08,555 - INFO - Product URL resolved: https://books.toscrape.com/catalogue/reasons-to-stay-alive_959/index.html
2026-09-02 23:08:08,555 - INFO - Product URL resolved: https://books.toscrape.com/catalogue/private-paris-private-10_958/index.html
2026-09-02 23:08:08,555 - INFO - Product URL resolved: https://books.toscrape.com/catalogue/higherselfie-wake-up-your-life-free-your-soul-find-your-tribe_957/index.html
2026-09-02 23:08:08,555 - INFO - Product URL resolved: https://books.toscrape.com/catalogue/without-borders-wanderlove-1_956/index.html
2026-09-02 23:08:08,555 - INFO - Product URL resolved: https://books.toscrape.com/catalogue/when-we-collided_955/index.html
2026-09-02 23:08:08,555 - INFO - Product URL resolved: https://books.toscrape.com/catalogue/we-love-you-charlie-freeman_954/index.html
2026-09-02 23:08:08,555 - INFO - Product URL resolved: https://books.toscrape.com/catalogue/untitled-collection-sabbath-poems-2014_953/index.html
2026-09-02 23:08:08,555 - INFO - Product URL resolved: https://books.toscrape.com/catalogue/unseen-city-the-majesty-of-pigeons-the-discreet-charm-of-snails-other-wonders-of-the-urban-wilderness_952/index.html
2026-09-02 23:08:08,555 - INFO - Product URL resolved: https://books.toscrape.com/catalogue/unicorn-tracks_951/index.html
2026-09-02 23:08:08,555 - INFO - Product URL resolved: https://books.toscrape.com/catalogue/unbound-how-eight-technologies-made-us-human-transformed-society-and-brought-our-world-to-the-brink_950/index.html
2026-09-02 23:08:08,555 - INFO - Product URL resolved: https://books.toscrape.com/catalogue/tsubasa-world-chronicle-2-tsubasa-world-chronicle-2_949/index.html
2026-09-02 23:08:08,555 - INFO - Product URL resolved: https://books.toscrape.com/catalogue/throwing-rocks-at-the-google-bus-how-growth-became-the-enemy-of-prosperity_948/index.html
2026-09-02 23:08:08,555 - INFO - Product URL resolved: https://books.toscrape.com/catalogue/this-one-summer_947/index.html
2026-09-02 23:08:08,555 - INFO - Product URL resolved: https://books.toscrape.com/catalogue/thirst_946/index.html
2026-09-02 23:08:08,555 - INFO - Product URL resolved: https://books.toscrape.com/catalogue/the-torch-is-passed-a-harding-family-story_945/index.html
2026-09-02 23:08:08,555 - INFO - Product URL resolved: https://books.toscrape.com/catalogue/the-secret-of-dreadwillow-carse_944/index.html
2026-09-02 23:08:08,555 - INFO - Product URL resolved: https://books.toscrape.com/catalogue/the-pioneer-woman-cooks-dinnertime-comfort-classics-freezer-food-16-minute-meals-and-other-delicious-ways-to-solve-supper_943/index.html
2026-09-02 23:08:08,555 - INFO - Product URL resolved: https://books.toscrape.com/catalogue/the-past-never-ends_942/index.html
2026-09-02 23:08:08,555 - INFO - Product URL resolved: https://books.toscrape.com/catalogue/the-natural-history-of-us-the-fine-art-of-pretending-2_941/index.html
2026-09-02 23:08:08,555 - INFO - Successfully extracted 20 products.
2026-09-02 23:08:08,555 - INFO - Products found on page 3: 20
2026-09-02 23:08:08,555 - INFO - Matching products collected so far: 1
2026-09-02 23:08:08,555 - INFO - Scraping page 4: https://books.toscrape.com/catalogue/page-4.html
2026-09-02 23:08:08,555 - INFO - Checking robots.txt: https://books.toscrape.com/robots.txt
2026-09-02 23:08:09,286 - INFO - robots.txt allows access: https://books.toscrape.com/catalogue/page-4.html
2026-09-02 23:08:11,028 - INFO - Request successful: 200 - https://books.toscrape.com/catalogue/page-4.html
2026-09-02 23:08:11,044 - INFO - HTML parsed successfully.
2026-09-02 23:08:11,044 - INFO - Product elements found: 20
2026-09-02 23:08:11,044 - INFO - Product URL resolved: https://books.toscrape.com/catalogue/the-nameless-city-the-nameless-city-1_940/index.html
2026-09-02 23:08:11,044 - INFO - Product URL resolved: https://books.toscrape.com/catalogue/the-murder-that-never-was-forensic-instincts-5_939/index.html
2026-09-02 23:08:11,044 - INFO - Product URL resolved: https://books.toscrape.com/catalogue/the-most-perfect-thing-inside-and-outside-a-birds-egg_938/index.html
2026-09-02 23:08:11,044 - INFO - Product URL resolved: https://books.toscrape.com/catalogue/the-mindfulness-and-acceptance-workbook-for-anxiety-a-guide-to-breaking-free-from-anxiety-phobias-and-worry-using-acceptance-and-commitment-therapy_937/index.html
2026-09-02 23:08:11,044 - INFO - Product URL resolved: https://books.toscrape.com/catalogue/the-life-changing-magic-of-tidying-up-the-japanese-art-of-decluttering-and-organizing_936/index.html
2026-09-02 23:08:11,044 - INFO - Product URL resolved: https://books.toscrape.com/catalogue/the-inefficiency-assassin-time-management-tactics-for-working-smarter-not-longer_935/index.html
2026-09-02 23:08:11,044 - INFO - Product URL resolved: https://books.toscrape.com/catalogue/the-gutsy-girl-escapades-for-your-life-of-epic-adventure_934/index.html
2026-09-02 23:08:11,044 - INFO - Product URL resolved: https://books.toscrape.com/catalogue/the-electric-pencil-drawings-from-inside-state-hospital-no-3_933/index.html
2026-09-02 23:08:11,044 - INFO - Product URL resolved: https://books.toscrape.com/catalogue/the-death-of-humanity-and-the-case-for-life_932/index.html
2026-09-02 23:08:11,044 - INFO - Product URL resolved: https://books.toscrape.com/catalogue/the-bulletproof-diet-lose-up-to-a-pound-a-day-reclaim-energy-and-focus-upgrade-your-life_931/index.html
2026-09-02 23:08:11,044 - INFO - Product URL resolved: https://books.toscrape.com/catalogue/the-art-forger_930/index.html
2026-09-02 23:08:11,044 - INFO - Product URL resolved: https://books.toscrape.com/catalogue/the-age-of-genius-the-seventeenth-century-and-the-birth-of-the-modern-mind_929/index.html
2026-09-02 23:08:11,044 - INFO - Product URL resolved: https://books.toscrape.com/catalogue/the-activists-tao-te-ching-ancient-advice-for-a-modern-revolution_928/index.html
2026-09-02 23:08:11,044 - INFO - Product URL resolved: https://books.toscrape.com/catalogue/spark-joy-an-illustrated-master-class-on-the-art-of-organizing-and-tidying-up_927/index.html
2026-09-02 23:08:11,044 - INFO - Product URL resolved: https://books.toscrape.com/catalogue/soul-reader_926/index.html
2026-09-02 23:08:11,044 - INFO - Product URL resolved: https://books.toscrape.com/catalogue/security_925/index.html
2026-09-02 23:08:11,044 - INFO - Product URL resolved: https://books.toscrape.com/catalogue/saga-volume-6-saga-collected-editions-6_924/index.html
2026-09-02 23:08:11,044 - INFO - Product URL resolved: https://books.toscrape.com/catalogue/saga-volume-5-saga-collected-editions-5_923/index.html
2026-09-02 23:08:11,044 - INFO - Product URL resolved: https://books.toscrape.com/catalogue/reskilling-america-learning-to-labor-in-the-twenty-first-century_922/index.html
2026-09-02 23:08:11,044 - INFO - Product URL resolved: https://books.toscrape.com/catalogue/rat-queens-vol-3-demons-rat-queens-collected-editions-11-15_921/index.html
2026-09-02 23:08:11,044 - INFO - Successfully extracted 20 products.
2026-09-02 23:08:11,044 - INFO - Products found on page 4: 20
2026-09-02 23:08:11,044 - INFO - Matching products collected so far: 1
2026-09-02 23:08:11,044 - INFO - Scraping page 5: https://books.toscrape.com/catalogue/page-5.html
2026-09-02 23:08:11,044 - INFO - Checking robots.txt: https://books.toscrape.com/robots.txt
2026-09-02 23:08:11,778 - INFO - robots.txt allows access: https://books.toscrape.com/catalogue/page-5.html
2026-09-02 23:08:13,532 - INFO - Request successful: 200 - https://books.toscrape.com/catalogue/page-5.html
2026-09-02 23:08:13,547 - INFO - HTML parsed successfully.
2026-09-02 23:08:13,547 - INFO - Product elements found: 20
2026-09-02 23:08:13,547 - INFO - Product URL resolved: https://books.toscrape.com/catalogue/princess-jellyfish-2-in-1-omnibus-vol-01-princess-jellyfish-2-in-1-omnibus-1_920/index.html
2026-09-02 23:08:13,547 - INFO - Product URL resolved: https://books.toscrape.com/catalogue/princess-between-worlds-wide-awake-princess-5_919/index.html
2026-09-02 23:08:13,547 - INFO - Product URL resolved: https://books.toscrape.com/catalogue/pop-gun-war-volume-1-gift_918/index.html
2026-09-02 23:08:13,547 - INFO - Product URL resolved: https://books.toscrape.com/catalogue/political-suicide-missteps-peccadilloes-bad-calls-backroom-hijinx-sordid-pasts-rotten-breaks-and-just-plain-dumb-mistakes-in-the-annals-of-american-politics_917/index.html
2026-09-02 23:08:13,547 - INFO - Product URL resolved: https://books.toscrape.com/catalogue/patience_916/index.html
2026-09-02 23:08:13,547 - INFO - Product URL resolved: https://books.toscrape.com/catalogue/outcast-vol-1-a-darkness-surrounds-him-outcast-1_915/index.html
2026-09-02 23:08:13,547 - INFO - Product URL resolved: https://books.toscrape.com/catalogue/orange-the-complete-collection-1-orange-the-complete-collection-1_914/index.html
2026-09-02 23:08:13,547 - INFO - Product URL resolved: https://books.toscrape.com/catalogue/online-marketing-for-busy-authors-a-step-by-step-guide_913/index.html
2026-09-02 23:08:13,547 - INFO - Product URL resolved: https://books.toscrape.com/catalogue/on-a-midnight-clear_912/index.html
2026-09-02 23:08:13,547 - INFO - Product URL resolved: https://books.toscrape.com/catalogue/obsidian-lux-1_911/index.html
2026-09-02 23:08:13,547 - INFO - Product URL resolved: https://books.toscrape.com/catalogue/my-paris-kitchen-recipes-and-stories_910/index.html
2026-09-02 23:08:13,547 - INFO - Product URL resolved: https://books.toscrape.com/catalogue/masks-and-shadows_909/index.html
2026-09-02 23:08:13,547 - INFO - Product URL resolved: https://books.toscrape.com/catalogue/mama-tried-traditional-italian-cooking-for-the-screwed-crude-vegan-and-tattooed_908/index.html
2026-09-02 23:08:13,547 - INFO - Product URL resolved: https://books.toscrape.com/catalogue/lumberjanes-vol-2-friendship-to-the-max-lumberjanes-5-8_907/index.html
2026-09-02 23:08:13,547 - INFO - Product URL resolved: https://books.toscrape.com/catalogue/lumberjanes-vol-1-beware-the-kitten-holy-lumberjanes-1-4_906/index.html
2026-09-02 23:08:13,547 - INFO - Product URL resolved: https://books.toscrape.com/catalogue/lumberjanes-vol-3-a-terrible-plan-lumberjanes-9-12_905/index.html
2026-09-02 23:08:13,547 - INFO - Product URL resolved: https://books.toscrape.com/catalogue/layered-baking-building-and-styling-spectacular-cakes_904/index.html
2026-09-02 23:08:13,547 - INFO - Product URL resolved: https://books.toscrape.com/catalogue/judo-seven-steps-to-black-belt-an-introductory-guide-for-beginners_903/index.html
2026-09-02 23:08:13,547 - INFO - Product URL resolved: https://books.toscrape.com/catalogue/join_902/index.html
2026-09-02 23:08:13,547 - INFO - Product URL resolved: https://books.toscrape.com/catalogue/in-the-country-we-love-my-family-divided_901/index.html
2026-09-02 23:08:13,547 - INFO - Successfully extracted 20 products.
2026-09-02 23:08:13,547 - INFO - Products found on page 5: 20
2026-09-02 23:08:13,547 - INFO - Matching products collected so far: 1
2026-09-02 23:08:13,547 - INFO - Scraping page 6: https://books.toscrape.com/catalogue/page-6.html
2026-09-02 23:08:13,547 - INFO - Checking robots.txt: https://books.toscrape.com/robots.txt
2026-09-02 23:08:14,288 - INFO - robots.txt allows access: https://books.toscrape.com/catalogue/page-6.html
2026-09-02 23:08:16,020 - INFO - Request successful: 200 - https://books.toscrape.com/catalogue/page-6.html
2026-09-02 23:08:16,035 - INFO - HTML parsed successfully.
2026-09-02 23:08:16,035 - INFO - Product elements found: 20
2026-09-02 23:08:16,035 - INFO - Product URL resolved: https://books.toscrape.com/catalogue/immunity-how-elie-metchnikoff-changed-the-course-of-modern-medicine_900/index.html
2026-09-02 23:08:16,035 - INFO - Product URL resolved: https://books.toscrape.com/catalogue/i-hate-fairyland-vol-1-madly-ever-after-i-hate-fairyland-compilations-1-5_899/index.html
2026-09-02 23:08:16,035 - INFO - Product URL resolved: https://books.toscrape.com/catalogue/i-am-a-hero-omnibus-volume-1_898/index.html
2026-09-02 23:08:16,035 - INFO - Product URL resolved: https://books.toscrape.com/catalogue/how-to-be-miserable-40-strategies-you-already-use_897/index.html
2026-09-02 23:08:16,035 - INFO - Product URL resolved: https://books.toscrape.com/catalogue/her-backup-boyfriend-the-sorensen-family-1_896/index.html
2026-09-02 23:08:16,035 - INFO - Product URL resolved: https://books.toscrape.com/catalogue/giant-days-vol-2-giant-days-5-8_895/index.html
2026-09-02 23:08:16,035 - INFO - Product URL resolved: https://books.toscrape.com/catalogue/forever-and-forever-the-courtship-of-henry-longfellow-and-fanny-appleton_894/index.html
2026-09-02 23:08:16,035 - INFO - Product URL resolved: https://books.toscrape.com/catalogue/first-and-first-five-boroughs-3_893/index.html
2026-09-02 23:08:16,035 - INFO - Product URL resolved: https://books.toscrape.com/catalogue/fifty-shades-darker-fifty-shades-2_892/index.html
2026-09-02 23:08:16,035 - INFO - Product URL resolved: https://books.toscrape.com/catalogue/everydata-the-misinformation-hidden-in-the-little-data-you-consume-every-day_891/index.html
2026-09-02 23:08:16,035 - INFO - Product URL resolved: https://books.toscrape.com/catalogue/dont-be-a-jerk-and-other-practical-advice-from-dogen-japans-greatest-zen-master_890/index.html
2026-09-02 23:08:16,035 - INFO - Product URL resolved: https://books.toscrape.com/catalogue/danganronpa-volume-1_889/index.html
2026-09-02 23:08:16,035 - INFO - Product URL resolved: https://books.toscrape.com/catalogue/crown-of-midnight-throne-of-glass-2_888/index.html
2026-09-02 23:08:16,035 - INFO - Product URL resolved: https://books.toscrape.com/catalogue/codename-baboushka-volume-1-the-conclave-of-death_887/index.html
2026-09-02 23:08:16,035 - INFO - Product URL resolved: https://books.toscrape.com/catalogue/camp-midnight_886/index.html
2026-09-02 23:08:16,035 - INFO - Product URL resolved: https://books.toscrape.com/catalogue/call-the-nurse-true-stories-of-a-country-nurse-on-a-scottish-isle_885/index.html
2026-09-02 23:08:16,035 - INFO - Product URL resolved: https://books.toscrape.com/catalogue/burning_884/index.html
2026-09-02 23:08:16,035 - INFO - Product URL resolved: https://books.toscrape.com/catalogue/bossypants_883/index.html
2026-09-02 23:08:16,035 - INFO - Product URL resolved: https://books.toscrape.com/catalogue/bitch-planet-vol-1-extraordinary-machine-bitch-planet-collected-editions_882/index.html
2026-09-02 23:08:16,035 - INFO - Product URL resolved: https://books.toscrape.com/catalogue/avatar-the-last-airbender-smoke-and-shadow-part-3-smoke-and-shadow-3_881/index.html
2026-09-02 23:08:16,035 - INFO - Successfully extracted 20 products.
2026-09-02 23:08:16,035 - INFO - Products found on page 6: 20
2026-09-02 23:08:16,035 - INFO - Matching products collected so far: 1
2026-09-02 23:08:16,035 - INFO - Scraping page 7: https://books.toscrape.com/catalogue/page-7.html
2026-09-02 23:08:16,035 - INFO - Checking robots.txt: https://books.toscrape.com/robots.txt
2026-09-02 23:08:16,770 - INFO - robots.txt allows access: https://books.toscrape.com/catalogue/page-7.html
2026-09-02 23:08:18,495 - INFO - Request successful: 200 - https://books.toscrape.com/catalogue/page-7.html
2026-09-02 23:08:18,511 - INFO - HTML parsed successfully.
2026-09-02 23:08:18,511 - INFO - Product elements found: 20
2026-09-02 23:08:18,511 - INFO - Product URL resolved: https://books.toscrape.com/catalogue/algorithms-to-live-by-the-computer-science-of-human-decisions_880/index.html
2026-09-02 23:08:18,511 - INFO - Product URL resolved: https://books.toscrape.com/catalogue/a-world-of-flavor-your-gluten-free-passport_879/index.html
2026-09-02 23:08:18,511 - INFO - Product URL resolved: https://books.toscrape.com/catalogue/a-piece-of-sky-a-grain-of-rice-a-memoir-in-four-meditations_878/index.html
2026-09-02 23:08:18,511 - INFO - Product URL resolved: https://books.toscrape.com/catalogue/a-murder-in-time_877/index.html
2026-09-02 23:08:18,511 - INFO - Product URL resolved: https://books.toscrape.com/catalogue/a-flight-of-arrows-the-pathfinders-2_876/index.html
2026-09-02 23:08:18,526 - INFO - Product URL resolved: https://books.toscrape.com/catalogue/a-fierce-and-subtle-poison_875/index.html
2026-09-02 23:08:18,526 - INFO - Product URL resolved: https://books.toscrape.com/catalogue/a-court-of-thorns-and-roses-a-court-of-thorns-and-roses-1_874/index.html
2026-09-02 23:08:18,526 - INFO - Product URL resolved: https://books.toscrape.com/catalogue/unqualified-how-god-uses-broken-people-to-do-big-things_873/index.html
2026-09-02 23:08:18,526 - INFO - Product URL resolved: https://books.toscrape.com/catalogue/you-are-what-you-love-the-spiritual-power-of-habit_872/index.html
2026-09-02 23:08:18,526 - INFO - Product URL resolved: https://books.toscrape.com/catalogue/william-shakespeares-star-wars-verily-a-new-hope-william-shakespeares-star-wars-4_871/index.html
2026-09-02 23:08:18,526 - INFO - Product URL resolved: https://books.toscrape.com/catalogue/tuesday-nights-in-1980_870/index.html
2026-09-02 23:08:18,526 - INFO - Product URL resolved: https://books.toscrape.com/catalogue/tracing-numbers-on-a-train_869/index.html
2026-09-02 23:08:18,526 - INFO - Product URL resolved: https://books.toscrape.com/catalogue/throne-of-glass-throne-of-glass-1_868/index.html
2026-09-02 23:08:18,526 - INFO - Product URL resolved: https://books.toscrape.com/catalogue/thomas-jefferson-and-the-tripoli-pirates-the-forgotten-war-that-changed-american-history_867/index.html
2026-09-02 23:08:18,526 - INFO - Product URL resolved: https://books.toscrape.com/catalogue/thirteen-reasons-why_866/index.html
2026-09-02 23:08:18,526 - INFO - Product URL resolved: https://books.toscrape.com/catalogue/the-white-cat-and-the-monk-a-retelling-of-the-poem-pangur-ban_865/index.html
2026-09-02 23:08:18,526 - INFO - Product URL resolved: https://books.toscrape.com/catalogue/the-wedding-dress_864/index.html
2026-09-02 23:08:18,526 - INFO - Product URL resolved: https://books.toscrape.com/catalogue/the-vacationers_863/index.html
2026-09-02 23:08:18,526 - INFO - Product URL resolved: https://books.toscrape.com/catalogue/the-third-wave-an-entrepreneurs-vision-of-the-future_862/index.html
2026-09-02 23:08:18,526 - INFO - Product URL resolved: https://books.toscrape.com/catalogue/the-stranger_861/index.html
2026-09-02 23:08:18,526 - INFO - Successfully extracted 20 products.
2026-09-02 23:08:18,526 - INFO - Products found on page 7: 20
2026-09-02 23:08:18,526 - INFO - Matching products collected so far: 1
2026-09-02 23:08:18,526 - INFO - Scraping page 8: https://books.toscrape.com/catalogue/page-8.html
2026-09-02 23:08:18,526 - INFO - Checking robots.txt: https://books.toscrape.com/robots.txt
2026-09-02 23:08:19,255 - INFO - robots.txt allows access: https://books.toscrape.com/catalogue/page-8.html
2026-09-02 23:08:20,984 - INFO - Request successful: 200 - https://books.toscrape.com/catalogue/page-8.html
2026-09-02 23:08:21,013 - INFO - HTML parsed successfully.
2026-09-02 23:08:21,013 - INFO - Product elements found: 20
2026-09-02 23:08:21,013 - INFO - Product URL resolved: https://books.toscrape.com/catalogue/the-shadow-hero-the-shadow-hero_860/index.html
2026-09-02 23:08:21,013 - INFO - Product URL resolved: https://books.toscrape.com/catalogue/the-secret-the-secret-1_859/index.html
2026-09-02 23:08:21,013 - INFO - Product URL resolved: https://books.toscrape.com/catalogue/the-regional-office-is-under-attack_858/index.html
2026-09-02 23:08:21,013 - INFO - Product URL resolved: https://books.toscrape.com/catalogue/the-psychopath-test-a-journey-through-the-madness-industry_857/index.html
2026-09-02 23:08:21,029 - INFO - Product URL resolved: https://books.toscrape.com/catalogue/the-project_856/index.html
2026-09-02 23:08:21,029 - INFO - Product URL resolved: https://books.toscrape.com/catalogue/the-power-of-now-a-guide-to-spiritual-enlightenment_855/index.html
2026-09-02 23:08:21,029 - INFO - Product URL resolved: https://books.toscrape.com/catalogue/the-omnivores-dilemma-a-natural-history-of-four-meals_854/index.html
2026-09-02 23:08:21,029 - INFO - Product URL resolved: https://books.toscrape.com/catalogue/the-nerdy-nummies-cookbook-sweet-treats-for-the-geek-in-all-of-us_853/index.html
2026-09-02 23:08:21,029 - INFO - Product URL resolved: https://books.toscrape.com/catalogue/the-murder-of-roger-ackroyd-hercule-poirot-4_852/index.html
2026-09-02 23:08:21,029 - INFO - Product URL resolved: https://books.toscrape.com/catalogue/the-mistake-off-campus-2_851/index.html
2026-09-02 23:08:21,031 - INFO - Product URL resolved: https://books.toscrape.com/catalogue/the-matchmakers-playbook-wingmen-inc-1_850/index.html
2026-09-02 23:08:21,031 - INFO - Product URL resolved: https://books.toscrape.com/catalogue/the-love-and-lemons-cookbook-an-apple-to-zucchini-celebration-of-impromptu-cooking_849/index.html
2026-09-02 23:08:21,031 - INFO - Product URL resolved: https://books.toscrape.com/catalogue/the-long-shadow-of-small-ghosts-murder-and-memory-in-an-american-city_848/index.html
2026-09-02 23:08:21,031 - INFO - Product URL resolved: https://books.toscrape.com/catalogue/the-kite-runner_847/index.html
2026-09-02 23:08:21,031 - INFO - Product URL resolved: https://books.toscrape.com/catalogue/the-house-by-the-lake_846/index.html
2026-09-02 23:08:21,031 - INFO - Product URL resolved: https://books.toscrape.com/catalogue/the-glittering-court-the-glittering-court-1_845/index.html
2026-09-02 23:08:21,031 - INFO - Product URL resolved: https://books.toscrape.com/catalogue/the-girl-on-the-train_844/index.html
2026-09-02 23:08:21,031 - INFO - Product URL resolved: https://books.toscrape.com/catalogue/the-genius-of-birds_843/index.html
2026-09-02 23:08:21,031 - INFO - Product URL resolved: https://books.toscrape.com/catalogue/the-emerald-mystery_842/index.html
2026-09-02 23:08:21,031 - INFO - Product URL resolved: https://books.toscrape.com/catalogue/the-cookies-cups-cookbook-125-sweet-savory-recipes-reminding-you-to-always-eat-dessert-first_841/index.html
2026-09-02 23:08:21,031 - INFO - Successfully extracted 20 products.
2026-09-02 23:08:21,031 - INFO - Products found on page 8: 20
2026-09-02 23:08:21,031 - INFO - Matching products collected so far: 1
2026-09-02 23:08:21,031 - INFO - Scraping page 9: https://books.toscrape.com/catalogue/page-9.html
2026-09-02 23:08:21,031 - INFO - Checking robots.txt: https://books.toscrape.com/robots.txt
2026-09-02 23:08:21,764 - INFO - robots.txt allows access: https://books.toscrape.com/catalogue/page-9.html
2026-09-02 23:08:23,481 - INFO - Request successful: 200 - https://books.toscrape.com/catalogue/page-9.html
2026-09-02 23:08:23,487 - INFO - HTML parsed successfully.
2026-09-02 23:08:23,487 - INFO - Product elements found: 20
2026-09-02 23:08:23,487 - INFO - Product URL resolved: https://books.toscrape.com/catalogue/the-bridge-to-consciousness-im-writing-the-bridge-between-science-and-our-old-and-new-beliefs_840/index.html
2026-09-02 23:08:23,503 - INFO - Product URL resolved: https://books.toscrape.com/catalogue/the-artists-way-a-spiritual-path-to-higher-creativity_839/index.html
2026-09-02 23:08:23,503 - INFO - Product URL resolved: https://books.toscrape.com/catalogue/the-art-of-war_838/index.html
2026-09-02 23:08:23,503 - INFO - Product URL resolved: https://books.toscrape.com/catalogue/the-argonauts_837/index.html
2026-09-02 23:08:23,503 - INFO - Product URL resolved: https://books.toscrape.com/catalogue/the-10-entrepreneur-live-your-startup-dream-without-quitting-your-day-job_836/index.html
2026-09-02 23:08:23,503 - INFO - Product URL resolved: https://books.toscrape.com/catalogue/suddenly-in-love-lake-haven-1_835/index.html
2026-09-02 23:08:23,503 - INFO - Product URL resolved: https://books.toscrape.com/catalogue/something-more-than-this_834/index.html
2026-09-02 23:08:23,503 - INFO - Product URL resolved: https://books.toscrape.com/catalogue/soft-apocalypse_833/index.html
2026-09-02 23:08:23,503 - INFO - Product URL resolved: https://books.toscrape.com/catalogue/so-youve-been-publicly-shamed_832/index.html
2026-09-02 23:08:23,503 - INFO - Product URL resolved: https://books.toscrape.com/catalogue/shoe-dog-a-memoir-by-the-creator-of-nike_831/index.html
2026-09-02 23:08:23,506 - INFO - Product URL resolved: https://books.toscrape.com/catalogue/shobu-samurai-project-aryoku-3_830/index.html
2026-09-02 23:08:23,506 - INFO - Product URL resolved: https://books.toscrape.com/catalogue/secrets-and-lace-fatal-hearts-1_829/index.html
2026-09-02 23:08:23,506 - INFO - Product URL resolved: https://books.toscrape.com/catalogue/scarlett-epstein-hates-it-here_828/index.html
2026-09-02 23:08:23,506 - INFO - Product URL resolved: https://books.toscrape.com/catalogue/romero-and-juliet-a-tragic-tale-of-love-and-zombies_827/index.html
2026-09-02 23:08:23,506 - INFO - Product URL resolved: https://books.toscrape.com/catalogue/redeeming-love_826/index.html
2026-09-02 23:08:23,506 - INFO - Product URL resolved: https://books.toscrape.com/catalogue/poses-for-artists-volume-1-dynamic-and-sitting-poses-an-essential-reference-for-figure-drawing-and-the-human-form_825/index.html
2026-09-02 23:08:23,506 - INFO - Product URL resolved: https://books.toscrape.com/catalogue/poems-that-make-grown-women-cry_824/index.html
2026-09-02 23:08:23,506 - INFO - Product URL resolved: https://books.toscrape.com/catalogue/nightingale-sing_823/index.html
2026-09-02 23:08:23,506 - INFO - Product URL resolved: https://books.toscrape.com/catalogue/night-sky-with-exit-wounds_822/index.html
2026-09-02 23:08:23,506 - INFO - Product URL resolved: https://books.toscrape.com/catalogue/mrs-houdini_821/index.html
2026-09-02 23:08:23,506 - INFO - Successfully extracted 20 products.
2026-09-02 23:08:23,506 - INFO - Products found on page 9: 20
2026-09-02 23:08:23,506 - INFO - Matching products collected so far: 1
2026-09-02 23:08:23,506 - INFO - Scraping page 10: https://books.toscrape.com/catalogue/page-10.html
2026-09-02 23:08:23,506 - INFO - Checking robots.txt: https://books.toscrape.com/robots.txt
2026-09-02 23:08:24,232 - INFO - robots.txt allows access: https://books.toscrape.com/catalogue/page-10.html
2026-09-02 23:08:25,976 - INFO - Request successful: 200 - https://books.toscrape.com/catalogue/page-10.html
2026-09-02 23:08:26,005 - INFO - HTML parsed successfully.
2026-09-02 23:08:26,006 - INFO - Product elements found: 20
2026-09-02 23:08:26,006 - INFO - Product URL resolved: https://books.toscrape.com/catalogue/modern-romance_820/index.html
2026-09-02 23:08:26,006 - INFO - Product URL resolved: https://books.toscrape.com/catalogue/miss-peregrines-home-for-peculiar-children-miss-peregrines-peculiar-children-1_819/index.html
2026-09-02 23:08:26,007 - INFO - Product URL resolved: https://books.toscrape.com/catalogue/louisa-the-extraordinary-life-of-mrs-adams_818/index.html
2026-09-02 23:08:26,007 - INFO - Product URL resolved: https://books.toscrape.com/catalogue/little-red_817/index.html
2026-09-02 23:08:26,007 - INFO - Product URL resolved: https://books.toscrape.com/catalogue/library-of-souls-miss-peregrines-peculiar-children-3_816/index.html
2026-09-02 23:08:26,007 - INFO - Product URL resolved: https://books.toscrape.com/catalogue/large-print-heart-of-the-pride_815/index.html
2026-09-02 23:08:26,007 - INFO - Product URL resolved: https://books.toscrape.com/catalogue/i-had-a-nice-time-and-other-lies-how-to-find-love-sht-like-that_814/index.html
2026-09-02 23:08:26,008 - INFO - Product URL resolved: https://books.toscrape.com/catalogue/hollow-city-miss-peregrines-peculiar-children-2_813/index.html
2026-09-02 23:08:26,008 - INFO - Product URL resolved: https://books.toscrape.com/catalogue/grumbles_812/index.html
2026-09-02 23:08:26,008 - INFO - Product URL resolved: https://books.toscrape.com/catalogue/full-moon-over-noahs-ark-an-odyssey-to-mount-ararat-and-beyond_811/index.html
2026-09-02 23:08:26,009 - INFO - Product URL resolved: https://books.toscrape.com/catalogue/frostbite-vampire-academy-2_810/index.html
2026-09-02 23:08:26,009 - INFO - Product URL resolved: https://books.toscrape.com/catalogue/follow-you-home_809/index.html
2026-09-02 23:08:26,009 - INFO - Product URL resolved: https://books.toscrape.com/catalogue/first-steps-for-new-christians-print-edition_808/index.html
2026-09-02 23:08:26,010 - INFO - Product URL resolved: https://books.toscrape.com/catalogue/finders-keepers-bill-hodges-trilogy-2_807/index.html
2026-09-02 23:08:26,010 - INFO - Product URL resolved: https://books.toscrape.com/catalogue/fables-vol-1-legends-in-exile-fables-1_806/index.html
2026-09-02 23:08:26,010 - INFO - Product URL resolved: https://books.toscrape.com/catalogue/eureka-trivia-60_805/index.html
2026-09-02 23:08:26,010 - INFO - Product URL resolved: https://books.toscrape.com/catalogue/drive-the-surprising-truth-about-what-motivates-us_804/index.html
2026-09-02 23:08:26,011 - INFO - Product URL resolved: https://books.toscrape.com/catalogue/done-rubbed-out-reightman-bailey-1_803/index.html
2026-09-02 23:08:26,011 - INFO - Product URL resolved: https://books.toscrape.com/catalogue/doing-it-over-most-likely-to-1_802/index.html
2026-09-02 23:08:26,011 - INFO - Product URL resolved: https://books.toscrape.com/catalogue/deliciously-ella-every-day-quick-and-easy-recipes-for-gluten-free-snacks-packed-lunches-and-simple-meals_801/index.html
2026-09-02 23:08:26,011 - INFO - Successfully extracted 20 products.
2026-09-02 23:08:26,011 - INFO - Products found on page 10: 20
2026-09-02 23:08:26,011 - INFO - Matching products collected so far: 1
2026-09-02 23:08:26,014 - INFO - Scraping page 11: https://books.toscrape.com/catalogue/page-11.html
2026-09-02 23:08:26,014 - INFO - Checking robots.txt: https://books.toscrape.com/robots.txt
2026-09-02 23:08:26,735 - INFO - robots.txt allows access: https://books.toscrape.com/catalogue/page-11.html
2026-09-02 23:08:28,457 - INFO - Request successful: 200 - https://books.toscrape.com/catalogue/page-11.html
2026-09-02 23:08:28,475 - INFO - HTML parsed successfully.
2026-09-02 23:08:28,476 - INFO - Product elements found: 20
2026-09-02 23:08:28,476 - INFO - Product URL resolved: https://books.toscrape.com/catalogue/dark-notes_800/index.html
2026-09-02 23:08:28,476 - INFO - Product URL resolved: https://books.toscrape.com/catalogue/daring-greatly-how-the-courage-to-be-vulnerable-transforms-the-way-we-live-love-parent-and-lead_799/index.html
2026-09-02 23:08:28,477 - INFO - Product URL resolved: https://books.toscrape.com/catalogue/close-to-you_798/index.html
2026-09-02 23:08:28,477 - INFO - Product URL resolved: https://books.toscrape.com/catalogue/chasing-heaven-what-dying-taught-me-about-living_797/index.html
2026-09-02 23:08:28,477 - INFO - Product URL resolved: https://books.toscrape.com/catalogue/big-magic-creative-living-beyond-fear_796/index.html
2026-09-02 23:08:28,478 - INFO - Product URL resolved: https://books.toscrape.com/catalogue/becoming-wise-an-inquiry-into-the-mystery-and-art-of-living_795/index.html
2026-09-02 23:08:28,478 - INFO - Product URL resolved: https://books.toscrape.com/catalogue/beauty-restored-riley-family-legacy-novellas-3_794/index.html
2026-09-02 23:08:28,478 - INFO - Product URL resolved: https://books.toscrape.com/catalogue/batman-the-long-halloween-batman_793/index.html
2026-09-02 23:08:28,479 - INFO - Product URL resolved: https://books.toscrape.com/catalogue/batman-the-dark-knight-returns-batman_792/index.html
2026-09-02 23:08:28,479 - INFO - Product URL resolved: https://books.toscrape.com/catalogue/ayumis-violin_791/index.html
2026-09-02 23:08:28,479 - INFO - Product URL resolved: https://books.toscrape.com/catalogue/anonymous_790/index.html
2026-09-02 23:08:28,480 - INFO - Product URL resolved: https://books.toscrape.com/catalogue/amy-meets-the-saints-and-sages_789/index.html
2026-09-02 23:08:28,480 - INFO - Product URL resolved: https://books.toscrape.com/catalogue/amid-the-chaos_788/index.html
2026-09-02 23:08:28,480 - INFO - Product URL resolved: https://books.toscrape.com/catalogue/amatus_787/index.html
2026-09-02 23:08:28,481 - INFO - Product URL resolved: https://books.toscrape.com/catalogue/agnostic-a-spirited-manifesto_786/index.html
2026-09-02 23:08:28,481 - INFO - Product URL resolved: https://books.toscrape.com/catalogue/zealot-the-life-and-times-of-jesus-of-nazareth_785/index.html
2026-09-02 23:08:28,481 - INFO - Product URL resolved: https://books.toscrape.com/catalogue/you-you-1_784/index.html
2026-09-02 23:08:28,481 - INFO - Product URL resolved: https://books.toscrape.com/catalogue/wonder-woman-earth-one-volume-one-wonder-woman-earth-one-1_783/index.html
2026-09-02 23:08:28,481 - INFO - Product URL resolved: https://books.toscrape.com/catalogue/wild-swans_782/index.html
2026-09-02 23:08:28,483 - INFO - Product URL resolved: https://books.toscrape.com/catalogue/why-the-right-went-wrong-conservatism-from-goldwater-to-the-tea-party-and-beyond_781/index.html
2026-09-02 23:08:28,483 - INFO - Successfully extracted 20 products.
2026-09-02 23:08:28,483 - INFO - Products found on page 11: 20
2026-09-02 23:08:28,483 - INFO - Matching products collected so far: 1
2026-09-02 23:08:28,486 - INFO - Scraping page 12: https://books.toscrape.com/catalogue/page-12.html
2026-09-02 23:08:28,486 - INFO - Checking robots.txt: https://books.toscrape.com/robots.txt
2026-09-02 23:08:29,199 - INFO - robots.txt allows access: https://books.toscrape.com/catalogue/page-12.html
2026-09-02 23:08:30,936 - INFO - Request successful: 200 - https://books.toscrape.com/catalogue/page-12.html
2026-09-02 23:08:30,952 - INFO - HTML parsed successfully.
2026-09-02 23:08:30,952 - INFO - Product elements found: 20
2026-09-02 23:08:30,952 - INFO - Product URL resolved: https://books.toscrape.com/catalogue/whole-lotta-creativity-going-on-60-fun-and-unusual-exercises-to-awaken-and-strengthen-your-creativity_780/index.html
2026-09-02 23:08:30,952 - INFO - Product URL resolved: https://books.toscrape.com/catalogue/whats-it-like-in-space-stories-from-astronauts-whove-been-there_779/index.html
2026-09-02 23:08:30,952 - INFO - Product URL resolved: https://books.toscrape.com/catalogue/we-are-robin-vol-1-the-vigilante-business-we-are-robin-1_778/index.html
2026-09-02 23:08:30,952 - INFO - Product URL resolved: https://books.toscrape.com/catalogue/walt-disneys-alice-in-wonderland_777/index.html
2026-09-02 23:08:30,952 - INFO - Product URL resolved: https://books.toscrape.com/catalogue/v-for-vendetta-v-for-vendetta-complete_776/index.html
2026-09-02 23:08:30,952 - INFO - Product URL resolved: https://books.toscrape.com/catalogue/until-friday-night-the-field-party-1_775/index.html
2026-09-02 23:08:30,952 - INFO - Product URL resolved: https://books.toscrape.com/catalogue/unbroken-a-world-war-ii-story-of-survival-resilience-and-redemption_774/index.html
2026-09-02 23:08:30,952 - INFO - Product URL resolved: https://books.toscrape.com/catalogue/twenty-yawns_773/index.html
2026-09-02 23:08:30,952 - INFO - Product URL resolved: https://books.toscrape.com/catalogue/through-the-woods_772/index.html
2026-09-02 23:08:30,952 - INFO - Product URL resolved: https://books.toscrape.com/catalogue/this-is-where-it-ends_771/index.html
2026-09-02 23:08:30,952 - INFO - Product URL resolved: https://books.toscrape.com/catalogue/the-year-of-magical-thinking_770/index.html
2026-09-02 23:08:30,952 - INFO - Product URL resolved: https://books.toscrape.com/catalogue/the-wright-brothers_769/index.html
2026-09-02 23:08:30,952 - INFO - Product URL resolved: https://books.toscrape.com/catalogue/the-white-queen-the-cousins-war-1_768/index.html
2026-09-02 23:08:30,952 - INFO - Product URL resolved: https://books.toscrape.com/catalogue/the-wedding-pact-the-omalleys-2_767/index.html
2026-09-02 23:08:30,952 - INFO - Product URL resolved: https://books.toscrape.com/catalogue/the-time-keeper_766/index.html
2026-09-02 23:08:30,952 - INFO - Product URL resolved: https://books.toscrape.com/catalogue/the-testament-of-mary_765/index.html
2026-09-02 23:08:30,952 - INFO - Product URL resolved: https://books.toscrape.com/catalogue/the-star-touched-queen_764/index.html
2026-09-02 23:08:30,952 - INFO - Product URL resolved: https://books.toscrape.com/catalogue/the-songs-of-the-gods_763/index.html
2026-09-02 23:08:30,952 - INFO - Product URL resolved: https://books.toscrape.com/catalogue/the-song-of-achilles_762/index.html
2026-09-02 23:08:30,952 - INFO - Product URL resolved: https://books.toscrape.com/catalogue/the-rosie-project-don-tillman-1_761/index.html
2026-09-02 23:08:30,952 - INFO - Successfully extracted 20 products.
2026-09-02 23:08:30,952 - INFO - Products found on page 12: 20
2026-09-02 23:08:30,952 - INFO - Matching products collected so far: 1
2026-09-02 23:08:30,952 - INFO - Scraping page 13: https://books.toscrape.com/catalogue/page-13.html
2026-09-02 23:08:30,952 - INFO - Checking robots.txt: https://books.toscrape.com/robots.txt
2026-09-02 23:08:31,688 - INFO - robots.txt allows access: https://books.toscrape.com/catalogue/page-13.html
2026-09-02 23:08:33,414 - INFO - Request successful: 200 - https://books.toscrape.com/catalogue/page-13.html
2026-09-02 23:08:33,424 - INFO - HTML parsed successfully.
2026-09-02 23:08:33,439 - INFO - Product elements found: 20
2026-09-02 23:08:33,439 - INFO - Product URL resolved: https://books.toscrape.com/catalogue/the-power-of-habit-why-we-do-what-we-do-in-life-and-business_760/index.html
2026-09-02 23:08:33,439 - INFO - Product URL resolved: https://books.toscrape.com/catalogue/the-marriage-of-opposites_759/index.html
2026-09-02 23:08:33,439 - INFO - Product URL resolved: https://books.toscrape.com/catalogue/the-lucifer-effect-understanding-how-good-people-turn-evil_758/index.html
2026-09-02 23:08:33,439 - INFO - Product URL resolved: https://books.toscrape.com/catalogue/the-long-haul-diary-of-a-wimpy-kid-9_757/index.html
2026-09-02 23:08:33,439 - INFO - Product URL resolved: https://books.toscrape.com/catalogue/the-loney_756/index.html
2026-09-02 23:08:33,439 - INFO - Product URL resolved: https://books.toscrape.com/catalogue/the-literature-book-big-ideas-simply-explained_755/index.html
2026-09-02 23:08:33,439 - INFO - Product URL resolved: https://books.toscrape.com/catalogue/the-last-mile-amos-decker-2_754/index.html
2026-09-02 23:08:33,439 - INFO - Product URL resolved: https://books.toscrape.com/catalogue/the-immortal-life-of-henrietta-lacks_753/index.html
2026-09-02 23:08:33,439 - INFO - Product URL resolved: https://books.toscrape.com/catalogue/the-hidden-oracle-the-trials-of-apollo-1_752/index.html
2026-09-02 23:08:33,439 - INFO - Product URL resolved: https://books.toscrape.com/catalogue/the-help-yourself-cookbook-for-kids-60-easy-plant-based-recipes-kids-can-make-to-stay-healthy-and-save-the-earth_751/index.html
2026-09-02 23:08:33,439 - INFO - Product URL resolved: https://books.toscrape.com/catalogue/the-guilty-will-robie-4_750/index.html
2026-09-02 23:08:33,439 - INFO - Product URL resolved: https://books.toscrape.com/catalogue/the-first-hostage-jb-collins-2_749/index.html
2026-09-02 23:08:33,439 - INFO - Product URL resolved: https://books.toscrape.com/catalogue/the-dovekeepers_748/index.html
2026-09-02 23:08:33,439 - INFO - Product URL resolved: https://books.toscrape.com/catalogue/the-darkest-lie_747/index.html
2026-09-02 23:08:33,439 - INFO - Product URL resolved: https://books.toscrape.com/catalogue/the-bane-chronicles-the-bane-chronicles-1-11_746/index.html
2026-09-02 23:08:33,439 - INFO - Product URL resolved: https://books.toscrape.com/catalogue/the-bad-ass-librarians-of-timbuktu-and-their-race-to-save-the-worlds-most-precious-manuscripts_745/index.html
2026-09-02 23:08:33,439 - INFO - Product URL resolved: https://books.toscrape.com/catalogue/the-14th-colony-cotton-malone-11_744/index.html
2026-09-02 23:08:33,439 - INFO - Product URL resolved: https://books.toscrape.com/catalogue/that-darkness-gardiner-and-renner-1_743/index.html
2026-09-02 23:08:33,439 - INFO - Product URL resolved: https://books.toscrape.com/catalogue/tastes-like-fear-di-marnie-rome-3_742/index.html
2026-09-02 23:08:33,439 - INFO - Product URL resolved: https://books.toscrape.com/catalogue/take-me-with-you_741/index.html
2026-09-02 23:08:33,439 - INFO - Successfully extracted 20 products.
2026-09-02 23:08:33,439 - INFO - Products found on page 13: 20
2026-09-02 23:08:33,439 - INFO - Matching products collected so far: 1
2026-09-02 23:08:33,439 - INFO - Scraping page 14: https://books.toscrape.com/catalogue/page-14.html
2026-09-02 23:08:33,439 - INFO - Checking robots.txt: https://books.toscrape.com/robots.txt
2026-09-02 23:08:34,170 - INFO - robots.txt allows access: https://books.toscrape.com/catalogue/page-14.html
2026-09-02 23:08:35,907 - INFO - Request successful: 200 - https://books.toscrape.com/catalogue/page-14.html
2026-09-02 23:08:35,915 - INFO - HTML parsed successfully.
2026-09-02 23:08:35,925 - INFO - Product elements found: 20
2026-09-02 23:08:35,925 - INFO - Product URL resolved: https://books.toscrape.com/catalogue/swell-a-year-of-waves_740/index.html
2026-09-02 23:08:35,925 - INFO - Product URL resolved: https://books.toscrape.com/catalogue/superman-vol-1-before-truth-superman-by-gene-luen-yang-1_739/index.html
2026-09-02 23:08:35,925 - INFO - Product URL resolved: https://books.toscrape.com/catalogue/still-life-with-bread-crumbs_738/index.html
2026-09-02 23:08:35,925 - INFO - Product URL resolved: https://books.toscrape.com/catalogue/steve-jobs_737/index.html
2026-09-02 23:08:35,925 - INFO - Product URL resolved: https://books.toscrape.com/catalogue/sorting-the-beef-from-the-bull-the-science-of-food-fraud-forensics_736/index.html
2026-09-02 23:08:35,925 - INFO - Product URL resolved: https://books.toscrape.com/catalogue/someone-like-you-the-harrisons-2_735/index.html
2026-09-02 23:08:35,925 - INFO - Product URL resolved: https://books.toscrape.com/catalogue/so-cute-it-hurts-vol-6-so-cute-it-hurts-6_734/index.html
2026-09-02 23:08:35,925 - INFO - Product URL resolved: https://books.toscrape.com/catalogue/shtum_733/index.html
2026-09-02 23:08:35,925 - INFO - Product URL resolved: https://books.toscrape.com/catalogue/see-america-a-celebration-of-our-national-parks-treasured-sites_732/index.html
2026-09-02 23:08:35,925 - INFO - Product URL resolved: https://books.toscrape.com/catalogue/salt_731/index.html
2026-09-02 23:08:35,925 - INFO - Product URL resolved: https://books.toscrape.com/catalogue/robin-war_730/index.html
2026-09-02 23:08:35,925 - INFO - Product URL resolved: https://books.toscrape.com/catalogue/red-hoodarsenal-vol-1-open-for-business-red-hoodarsenal-1_729/index.html
2026-09-02 23:08:35,925 - INFO - Product URL resolved: https://books.toscrape.com/catalogue/rain-fish_728/index.html
2026-09-02 23:08:35,930 - INFO - Product URL resolved: https://books.toscrape.com/catalogue/quarter-life-poetry-poems-for-the-young-broke-and-hangry_727/index.html
2026-09-02 23:08:35,930 - INFO - Product URL resolved: https://books.toscrape.com/catalogue/pet-sematary_726/index.html
2026-09-02 23:08:35,930 - INFO - Product URL resolved: https://books.toscrape.com/catalogue/overload-how-to-unplug-unwind-and-unleash-yourself-from-the-pressure-of-stress_725/index.html
2026-09-02 23:08:35,930 - INFO - Product URL resolved: https://books.toscrape.com/catalogue/once-was-a-time_724/index.html
2026-09-02 23:08:35,930 - INFO - Product URL resolved: https://books.toscrape.com/catalogue/old-school-diary-of-a-wimpy-kid-10_723/index.html
2026-09-02 23:08:35,930 - INFO - Product URL resolved: https://books.toscrape.com/catalogue/no-dream-is-too-high-life-lessons-from-a-man-who-walked-on-the-moon_722/index.html
2026-09-02 23:08:35,930 - INFO - Product URL resolved: https://books.toscrape.com/catalogue/naruto-3-in-1-edition-vol-14-includes-vols-40-41-42-naruto-omnibus-14_721/index.html
2026-09-02 23:08:35,930 - INFO - Successfully extracted 20 products.
2026-09-02 23:08:35,930 - INFO - Products found on page 14: 20
2026-09-02 23:08:35,930 - INFO - Matching products collected so far: 1
2026-09-02 23:08:35,930 - INFO - Scraping page 15: https://books.toscrape.com/catalogue/page-15.html
2026-09-02 23:08:35,930 - INFO - Checking robots.txt: https://books.toscrape.com/robots.txt
2026-09-02 23:08:36,655 - INFO - robots.txt allows access: https://books.toscrape.com/catalogue/page-15.html
2026-09-02 23:08:38,369 - INFO - Request successful: 200 - https://books.toscrape.com/catalogue/page-15.html
2026-09-02 23:08:38,395 - INFO - HTML parsed successfully.
2026-09-02 23:08:38,395 - INFO - Product elements found: 20
2026-09-02 23:08:38,395 - INFO - Product URL resolved: https://books.toscrape.com/catalogue/my-name-is-lucy-barton_720/index.html
2026-09-02 23:08:38,397 - INFO - Product URL resolved: https://books.toscrape.com/catalogue/my-mrs-brown_719/index.html
2026-09-02 23:08:38,397 - INFO - Product URL resolved: https://books.toscrape.com/catalogue/my-kind-of-crazy_718/index.html
2026-09-02 23:08:38,397 - INFO - Product URL resolved: https://books.toscrape.com/catalogue/mr-mercedes-bill-hodges-trilogy-1_717/index.html
2026-09-02 23:08:38,397 - INFO - Product URL resolved: https://books.toscrape.com/catalogue/more-than-music-chasing-the-dream-1_716/index.html
2026-09-02 23:08:38,397 - INFO - Product URL resolved: https://books.toscrape.com/catalogue/made-to-stick-why-some-ideas-survive-and-others-die_715/index.html
2026-09-02 23:08:38,397 - INFO - Product URL resolved: https://books.toscrape.com/catalogue/luis-paints-the-world_714/index.html
2026-09-02 23:08:38,397 - INFO - Product URL resolved: https://books.toscrape.com/catalogue/luckiest-girl-alive_713/index.html
2026-09-02 23:08:38,399 - INFO - Product URL resolved: https://books.toscrape.com/catalogue/lowriders-to-the-center-of-the-earth-lowriders-in-space-2_712/index.html
2026-09-02 23:08:38,399 - INFO - Product URL resolved: https://books.toscrape.com/catalogue/love-is-a-mix-tape-music-1_711/index.html
2026-09-02 23:08:38,399 - INFO - Product URL resolved: https://books.toscrape.com/catalogue/looking-for-lovely-collecting-the-moments-that-matter_710/index.html
2026-09-02 23:08:38,399 - INFO - Product URL resolved: https://books.toscrape.com/catalogue/living-leadership-by-insight-a-good-leader-achieves-a-great-leader-builds-monuments_709/index.html
2026-09-02 23:08:38,399 - INFO - Product URL resolved: https://books.toscrape.com/catalogue/let-it-out-a-journey-through-journaling_708/index.html
2026-09-02 23:08:38,399 - INFO - Product URL resolved: https://books.toscrape.com/catalogue/lady-midnight-the-dark-artifices-1_707/index.html
2026-09-02 23:08:38,399 - INFO - Product URL resolved: https://books.toscrape.com/catalogue/its-all-easy-healthy-delicious-weeknight-meals-in-under-30-minutes_706/index.html
2026-09-02 23:08:38,401 - INFO - Product URL resolved: https://books.toscrape.com/catalogue/island-of-dragons-unwanteds-7_705/index.html
2026-09-02 23:08:38,401 - INFO - Product URL resolved: https://books.toscrape.com/catalogue/i-know-what-im-doing-and-other-lies-i-tell-myself-dispatches-from-a-life-under-construction_704/index.html
2026-09-02 23:08:38,401 - INFO - Product URL resolved: https://books.toscrape.com/catalogue/i-am-pilgrim-pilgrim-1_703/index.html
2026-09-02 23:08:38,401 - INFO - Product URL resolved: https://books.toscrape.com/catalogue/hyperbole-and-a-half-unfortunate-situations-flawed-coping-mechanisms-mayhem-and-other-things-that-happened_702/index.html
2026-09-02 23:08:38,401 - INFO - Product URL resolved: https://books.toscrape.com/catalogue/hush-hush-hush-hush-1_701/index.html
2026-09-02 23:08:38,401 - INFO - Successfully extracted 20 products.
2026-09-02 23:08:38,401 - INFO - Products found on page 15: 20
2026-09-02 23:08:38,401 - INFO - Matching products collected so far: 1
2026-09-02 23:08:38,405 - INFO - Scraping page 16: https://books.toscrape.com/catalogue/page-16.html
2026-09-02 23:08:38,405 - INFO - Checking robots.txt: https://books.toscrape.com/robots.txt
2026-09-02 23:08:39,122 - INFO - robots.txt allows access: https://books.toscrape.com/catalogue/page-16.html
2026-09-02 23:08:40,861 - INFO - Request successful: 200 - https://books.toscrape.com/catalogue/page-16.html
2026-09-02 23:08:40,876 - INFO - HTML parsed successfully.
2026-09-02 23:08:40,876 - INFO - Product elements found: 20
2026-09-02 23:08:40,876 - INFO - Product URL resolved: https://books.toscrape.com/catalogue/hold-your-breath-search-and-rescue-1_700/index.html
2026-09-02 23:08:40,876 - INFO - Product URL resolved: https://books.toscrape.com/catalogue/hamilton-the-revolution_699/index.html
2026-09-02 23:08:40,876 - INFO - Product URL resolved: https://books.toscrape.com/catalogue/greek-mythic-history_698/index.html
2026-09-02 23:08:40,876 - INFO - Product URL resolved: https://books.toscrape.com/catalogue/god-the-most-unpleasant-character-in-all-fiction_697/index.html
2026-09-02 23:08:40,876 - INFO - Product URL resolved: https://books.toscrape.com/catalogue/glory-over-everything-beyond-the-kitchen-house_696/index.html
2026-09-02 23:08:40,876 - INFO - Product URL resolved: https://books.toscrape.com/catalogue/feathers-displays-of-brilliant-plumage_695/index.html
2026-09-02 23:08:40,876 - INFO - Product URL resolved: https://books.toscrape.com/catalogue/far-away-places-on-the-brink-of-change-seven-continents-twenty-five-years_694/index.html
2026-09-02 23:08:40,876 - INFO - Product URL resolved: https://books.toscrape.com/catalogue/every-last-word_693/index.html
2026-09-02 23:08:40,876 - INFO - Product URL resolved: https://books.toscrape.com/catalogue/eligible-the-austen-project-4_692/index.html
2026-09-02 23:08:40,876 - INFO - Product URL resolved: https://books.toscrape.com/catalogue/el-deafo_691/index.html
2026-09-02 23:08:40,876 - INFO - Product URL resolved: https://books.toscrape.com/catalogue/eight-hundred-grapes_690/index.html
2026-09-02 23:08:40,876 - INFO - Product URL resolved: https://books.toscrape.com/catalogue/eaternity-more-than-150-deliciously-easy-vegan-recipes-for-a-long-healthy-satisfied-joyful-life_689/index.html
2026-09-02 23:08:40,876 - INFO - Product URL resolved: https://books.toscrape.com/catalogue/eat-fat-get-thin_688/index.html
2026-09-02 23:08:40,876 - INFO - Product URL resolved: https://books.toscrape.com/catalogue/dont-get-caught_687/index.html
2026-09-02 23:08:40,876 - INFO - Product URL resolved: https://books.toscrape.com/catalogue/doctor-sleep-the-shining-2_686/index.html
2026-09-02 23:08:40,876 - INFO - Product URL resolved: https://books.toscrape.com/catalogue/demigods-magicians-percy-and-annabeth-meet-the-kanes-percy-jackson-kane-chronicles-crossover-1-3_685/index.html
2026-09-02 23:08:40,876 - INFO - Product URL resolved: https://books.toscrape.com/catalogue/dear-mr-knightley_684/index.html
2026-09-02 23:08:40,876 - INFO - Product URL resolved: https://books.toscrape.com/catalogue/daily-fantasy-sports_683/index.html
2026-09-02 23:08:40,876 - INFO - Product URL resolved: https://books.toscrape.com/catalogue/crazy-love-overwhelmed-by-a-relentless-god_682/index.html
2026-09-02 23:08:40,876 - INFO - Product URL resolved: https://books.toscrape.com/catalogue/cometh-the-hour-the-clifton-chronicles-6_681/index.html
2026-09-02 23:08:40,876 - INFO - Successfully extracted 20 products.
2026-09-02 23:08:40,876 - INFO - Products found on page 16: 20
2026-09-02 23:08:40,876 - INFO - Matching products collected so far: 1
2026-09-02 23:08:40,876 - INFO - Scraping page 17: https://books.toscrape.com/catalogue/page-17.html
2026-09-02 23:08:40,876 - INFO - Checking robots.txt: https://books.toscrape.com/robots.txt
2026-09-02 23:08:41,610 - INFO - robots.txt allows access: https://books.toscrape.com/catalogue/page-17.html
2026-09-02 23:08:43,330 - INFO - Request successful: 200 - https://books.toscrape.com/catalogue/page-17.html
2026-09-02 23:08:43,345 - INFO - HTML parsed successfully.
2026-09-02 23:08:43,345 - INFO - Product elements found: 20
2026-09-02 23:08:43,345 - INFO - Product URL resolved: https://books.toscrape.com/catalogue/code-name-verity-code-name-verity-1_680/index.html
2026-09-02 23:08:43,345 - INFO - Product URL resolved: https://books.toscrape.com/catalogue/clockwork-angel-the-infernal-devices-1_679/index.html
2026-09-02 23:08:43,345 - INFO - Product URL resolved: https://books.toscrape.com/catalogue/city-of-glass-the-mortal-instruments-3_678/index.html
2026-09-02 23:08:43,345 - INFO - Product URL resolved: https://books.toscrape.com/catalogue/city-of-fallen-angels-the-mortal-instruments-4_677/index.html
2026-09-02 23:08:43,345 - INFO - Product URL resolved: https://books.toscrape.com/catalogue/city-of-bones-the-mortal-instruments-1_676/index.html
2026-09-02 23:08:43,345 - INFO - Product URL resolved: https://books.toscrape.com/catalogue/city-of-ashes-the-mortal-instruments-2_675/index.html
2026-09-02 23:08:43,345 - INFO - Product URL resolved: https://books.toscrape.com/catalogue/cell_674/index.html
2026-09-02 23:08:43,345 - INFO - Product URL resolved: https://books.toscrape.com/catalogue/catching-jordan-hundred-oaks_673/index.html
2026-09-02 23:08:43,345 - INFO - Product URL resolved: https://books.toscrape.com/catalogue/carry-on-warrior-thoughts-on-life-unarmed_672/index.html
2026-09-02 23:08:43,345 - INFO - Product URL resolved: https://books.toscrape.com/catalogue/carrie_671/index.html
2026-09-02 23:08:43,345 - INFO - Product URL resolved: https://books.toscrape.com/catalogue/buying-in-the-secret-dialogue-between-what-we-buy-and-who-we-are_670/index.html
2026-09-02 23:08:43,345 - INFO - Product URL resolved: https://books.toscrape.com/catalogue/brain-on-fire-my-month-of-madness_669/index.html
2026-09-02 23:08:43,345 - INFO - Product URL resolved: https://books.toscrape.com/catalogue/batman-europa_668/index.html
2026-09-02 23:08:43,361 - INFO - Product URL resolved: https://books.toscrape.com/catalogue/barefoot-contessa-back-to-basics_667/index.html
2026-09-02 23:08:43,361 - INFO - Product URL resolved: https://books.toscrape.com/catalogue/barefoot-contessa-at-home-everyday-recipes-youll-make-over-and-over-again_666/index.html
2026-09-02 23:08:43,361 - INFO - Product URL resolved: https://books.toscrape.com/catalogue/balloon-animals_665/index.html
2026-09-02 23:08:43,361 - INFO - Product URL resolved: https://books.toscrape.com/catalogue/art-ops-vol-1_664/index.html
2026-09-02 23:08:43,361 - INFO - Product URL resolved: https://books.toscrape.com/catalogue/aristotle-and-dante-discover-the-secrets-of-the-universe-aristotle-and-dante-discover-the-secrets-of-the-universe-1_663/index.html
2026-09-02 23:08:43,361 - INFO - Product URL resolved: https://books.toscrape.com/catalogue/angels-walking-angels-walking-1_662/index.html
2026-09-02 23:08:43,361 - INFO - Product URL resolved: https://books.toscrape.com/catalogue/angels-demons-robert-langdon-1_661/index.html
2026-09-02 23:08:43,361 - INFO - Successfully extracted 20 products.
2026-09-02 23:08:43,361 - INFO - Products found on page 17: 20
2026-09-02 23:08:43,361 - INFO - Matching products collected so far: 1
2026-09-02 23:08:43,361 - INFO - Scraping page 18: https://books.toscrape.com/catalogue/page-18.html
2026-09-02 23:08:43,361 - INFO - Checking robots.txt: https://books.toscrape.com/robots.txt
2026-09-02 23:08:44,091 - INFO - robots.txt allows access: https://books.toscrape.com/catalogue/page-18.html
2026-09-02 23:08:45,809 - INFO - Request successful: 200 - https://books.toscrape.com/catalogue/page-18.html
2026-09-02 23:08:45,818 - INFO - HTML parsed successfully.
2026-09-02 23:08:45,818 - INFO - Product elements found: 20
2026-09-02 23:08:45,834 - INFO - Product URL resolved: https://books.toscrape.com/catalogue/all-the-light-we-cannot-see_660/index.html
2026-09-02 23:08:45,834 - INFO - Product URL resolved: https://books.toscrape.com/catalogue/adulthood-is-a-myth-a-sarahs-scribbles-collection_659/index.html
2026-09-02 23:08:45,834 - INFO - Product URL resolved: https://books.toscrape.com/catalogue/abstract-city_658/index.html
2026-09-02 23:08:45,834 - INFO - Product URL resolved: https://books.toscrape.com/catalogue/a-time-of-torment-charlie-parker-14_657/index.html
2026-09-02 23:08:45,834 - INFO - Product URL resolved: https://books.toscrape.com/catalogue/a-study-in-scarlet-sherlock-holmes-1_656/index.html
2026-09-02 23:08:45,834 - INFO - Product URL resolved: https://books.toscrape.com/catalogue/a-series-of-catastrophes-and-miracles-a-true-story-of-love-science-and-cancer_655/index.html
2026-09-02 23:08:45,834 - INFO - Product URL resolved: https://books.toscrape.com/catalogue/a-peoples-history-of-the-united-states_654/index.html
2026-09-02 23:08:45,834 - INFO - Product URL resolved: https://books.toscrape.com/catalogue/a-man-called-ove_653/index.html
2026-09-02 23:08:45,834 - INFO - Product URL resolved: https://books.toscrape.com/catalogue/a-distant-mirror-the-calamitous-14th-century_652/index.html
2026-09-02 23:08:45,834 - INFO - Product URL resolved: https://books.toscrape.com/catalogue/a-brush-of-wings-angels-walking-3_651/index.html
2026-09-02 23:08:45,834 - INFO - Product URL resolved: https://books.toscrape.com/catalogue/1491-new-revelations-of-the-americas-before-columbus_650/index.html
2026-09-02 23:08:45,834 - INFO - Product URL resolved: https://books.toscrape.com/catalogue/the-three-searches-meaning-and-the-story_649/index.html
2026-09-02 23:08:45,834 - INFO - Product URL resolved: https://books.toscrape.com/catalogue/searching-for-meaning-in-gailana_648/index.html
2026-09-02 23:08:45,834 - INFO - Product URL resolved: https://books.toscrape.com/catalogue/rook_647/index.html
2026-09-02 23:08:45,834 - INFO - Product URL resolved: https://books.toscrape.com/catalogue/my-kitchen-year-136-recipes-that-saved-my-life_646/index.html
2026-09-02 23:08:45,834 - INFO - Product URL resolved: https://books.toscrape.com/catalogue/13-hours-the-inside-account-of-what-really-happened-in-benghazi_645/index.html
2026-09-02 23:08:45,834 - INFO - Product URL resolved: https://books.toscrape.com/catalogue/will-you-wont-you-want-me_644/index.html
2026-09-02 23:08:45,834 - INFO - Product URL resolved: https://books.toscrape.com/catalogue/tipping-point-for-planet-earth-how-close-are-we-to-the-edge_643/index.html
2026-09-02 23:08:45,834 - INFO - Product URL resolved: https://books.toscrape.com/catalogue/the-star-touched-queen_642/index.html
2026-09-02 23:08:45,834 - INFO - Product URL resolved: https://books.toscrape.com/catalogue/the-silent-sister-riley-macpherson-1_641/index.html
2026-09-02 23:08:45,834 - INFO - Successfully extracted 20 products.
2026-09-02 23:08:45,834 - INFO - Products found on page 18: 20
2026-09-02 23:08:45,834 - INFO - Product matched query: All the Light We Cannot See
2026-09-02 23:08:45,834 - INFO - Matching products collected so far: 2
2026-09-02 23:08:45,834 - INFO - Search filtering completed. Matching products: 2
2026-09-02 23:08:45,834 - INFO - Fetching product details: https://books.toscrape.com/catalogue/a-light-in-the-attic_1000/index.html
2026-09-02 23:08:45,834 - INFO - Checking robots.txt: https://books.toscrape.com/robots.txt
2026-09-02 23:08:46,568 - INFO - robots.txt allows access: https://books.toscrape.com/catalogue/a-light-in-the-attic_1000/index.html
2026-09-02 23:08:47,809 - INFO - Request successful: 200 - https://books.toscrape.com/catalogue/a-light-in-the-attic_1000/index.html
2026-09-02 23:08:47,814 - INFO - HTML parsed successfully.
2026-09-02 23:08:47,814 - INFO - Duplicated description prefix removed.
2026-09-02 23:08:47,814 - INFO - Product details extracted successfully.
2026-09-02 23:08:47,814 - INFO - Fetching product details: https://books.toscrape.com/catalogue/all-the-light-we-cannot-see_660/index.html
2026-09-02 23:08:47,814 - INFO - Checking robots.txt: https://books.toscrape.com/robots.txt
2026-09-02 23:08:48,542 - INFO - robots.txt allows access: https://books.toscrape.com/catalogue/all-the-light-we-cannot-see_660/index.html
2026-09-02 23:08:50,030 - INFO - Request successful: 200 - https://books.toscrape.com/catalogue/all-the-light-we-cannot-see_660/index.html
2026-09-02 23:08:50,037 - INFO - HTML parsed successfully.
2026-09-02 23:08:50,039 - INFO - Duplicated description prefix removed.
2026-09-02 23:08:50,039 - INFO - Product details extracted successfully.
2026-09-02 23:08:50,039 - INFO - Search completed. Products collected: 2
2026-09-02 23:08:50,039 - INFO - books: 2 products found.
2026-09-02 23:08:50,039 - INFO - Searching amazon...
2026-09-02 23:08:50,039 - INFO - Amazon search requested: 'light'
2026-09-02 23:08:50,039 - INFO - Maximum products requested: 2
2026-09-02 23:08:50,039 - WARNING - Amazon data source is not configured.
2026-09-02 23:08:50,039 - WARNING - Use an authorized Amazon API or approved data-access method.
2026-09-02 23:08:50,039 - INFO - amazon: No products found.
2026-09-02 23:08:50,039 - INFO - Searching alibaba...
2026-09-02 23:08:50,039 - INFO - Alibaba search requested: 'light'
2026-09-02 23:08:50,039 - INFO - Maximum products requested: 2
2026-09-02 23:08:50,039 - WARNING - Alibaba data source is not configured.
2026-09-02 23:08:50,039 - WARNING - Use an authorized Alibaba API or approved data-access method.
2026-09-02 23:08:50,039 - INFO - alibaba: No products found.
2026-09-02 23:08:50,039 - INFO - Searching flipkart...
2026-09-02 23:08:50,039 - INFO - Flipkart search requested: 'light'
2026-09-02 23:08:50,039 - INFO - Maximum products requested: 2
2026-09-02 23:08:50,039 - WARNING - Flipkart data source is not configured.
2026-09-02 23:08:50,039 - WARNING - Use an authorized Flipkart API or approved data-access method.
2026-09-02 23:08:50,039 - INFO - flipkart: No products found.
2026-09-02 23:08:50,039 - INFO - Multi-website search completed. Total products: 2
2026-09-02 23:15:42,086 - INFO - Amazon scraper initialized.
2026-09-02 23:15:42,086 - INFO - Alibaba scraper initialized.
2026-09-02 23:15:42,086 - INFO - Flipkart scraper initialized.
2026-09-02 23:15:42,086 - INFO - Starting multi-website search...
2026-09-02 23:15:42,087 - INFO - Multi-website search started: 'light'
2026-09-02 23:15:42,087 - INFO - Websites selected: ['books']
2026-09-02 23:15:42,087 - INFO - Searching books...
2026-09-02 23:15:42,087 - INFO - Searching for products with query: 'light'
2026-09-02 23:15:42,087 - INFO - Scraping page 1: https://books.toscrape.com/
2026-09-02 23:15:42,087 - INFO - Checking robots.txt: https://books.toscrape.com/robots.txt
2026-09-02 23:15:43,026 - INFO - robots.txt allows access: https://books.toscrape.com/
2026-09-02 23:15:45,466 - INFO - Request successful: 200 - https://books.toscrape.com/
2026-09-02 23:15:45,482 - INFO - HTML parsed successfully.
2026-09-02 23:15:45,487 - INFO - Product elements found: 20
2026-09-02 23:15:45,490 - INFO - Product URL resolved: https://books.toscrape.com/catalogue/a-light-in-the-attic_1000/index.html
2026-09-02 23:15:45,490 - INFO - Product URL resolved: https://books.toscrape.com/catalogue/tipping-the-velvet_999/index.html
2026-09-02 23:15:45,491 - INFO - Product URL resolved: https://books.toscrape.com/catalogue/soumission_998/index.html
2026-09-02 23:15:45,491 - INFO - Product URL resolved: https://books.toscrape.com/catalogue/sharp-objects_997/index.html
2026-09-02 23:15:45,491 - INFO - Product URL resolved: https://books.toscrape.com/catalogue/sapiens-a-brief-history-of-humankind_996/index.html
2026-09-02 23:15:45,492 - INFO - Product URL resolved: https://books.toscrape.com/catalogue/the-requiem-red_995/index.html
2026-09-02 23:15:45,492 - INFO - Product URL resolved: https://books.toscrape.com/catalogue/the-dirty-little-secrets-of-getting-your-dream-job_994/index.html
2026-09-02 23:15:45,492 - INFO - Product URL resolved: https://books.toscrape.com/catalogue/the-coming-woman-a-novel-based-on-the-life-of-the-infamous-feminist-victoria-woodhull_993/index.html
2026-09-02 23:15:45,493 - INFO - Product URL resolved: https://books.toscrape.com/catalogue/the-boys-in-the-boat-nine-americans-and-their-epic-quest-for-gold-at-the-1936-berlin-olympics_992/index.html
2026-09-02 23:15:45,493 - INFO - Product URL resolved: https://books.toscrape.com/catalogue/the-black-maria_991/index.html
2026-09-02 23:15:45,493 - INFO - Product URL resolved: https://books.toscrape.com/catalogue/starving-hearts-triangular-trade-trilogy-1_990/index.html
2026-09-02 23:15:45,493 - INFO - Product URL resolved: https://books.toscrape.com/catalogue/shakespeares-sonnets_989/index.html
2026-09-02 23:15:45,494 - INFO - Product URL resolved: https://books.toscrape.com/catalogue/set-me-free_988/index.html
2026-09-02 23:15:45,494 - INFO - Product URL resolved: https://books.toscrape.com/catalogue/scott-pilgrims-precious-little-life-scott-pilgrim-1_987/index.html
2026-09-02 23:15:45,494 - INFO - Product URL resolved: https://books.toscrape.com/catalogue/rip-it-up-and-start-again_986/index.html
2026-09-02 23:15:45,495 - INFO - Product URL resolved: https://books.toscrape.com/catalogue/our-band-could-be-your-life-scenes-from-the-american-indie-underground-1981-1991_985/index.html
2026-09-02 23:15:45,495 - INFO - Product URL resolved: https://books.toscrape.com/catalogue/olio_984/index.html
2026-09-02 23:15:45,495 - INFO - Product URL resolved: https://books.toscrape.com/catalogue/mesaerion-the-best-science-fiction-stories-1800-1849_983/index.html
2026-09-02 23:15:45,496 - INFO - Product URL resolved: https://books.toscrape.com/catalogue/libertarianism-for-beginners_982/index.html
2026-09-02 23:15:45,496 - INFO - Product URL resolved: https://books.toscrape.com/catalogue/its-only-the-himalayas_981/index.html
2026-09-02 23:15:45,496 - INFO - Successfully extracted 20 products.
2026-09-02 23:15:45,496 - INFO - Products found on page 1: 20
2026-09-02 23:15:45,496 - INFO - Product matched query: A Light in the Attic
2026-09-02 23:15:45,496 - INFO - Matching products collected so far: 1
2026-09-02 23:15:45,499 - INFO - Scraping page 2: https://books.toscrape.com/catalogue/page-2.html
2026-09-02 23:15:45,499 - INFO - Checking robots.txt: https://books.toscrape.com/robots.txt
2026-09-02 23:15:46,226 - INFO - robots.txt allows access: https://books.toscrape.com/catalogue/page-2.html
2026-09-02 23:15:47,957 - INFO - Request successful: 200 - https://books.toscrape.com/catalogue/page-2.html
2026-09-02 23:15:47,974 - INFO - HTML parsed successfully.
2026-09-02 23:15:47,975 - INFO - Product elements found: 20
2026-09-02 23:15:47,975 - INFO - Product URL resolved: https://books.toscrape.com/catalogue/in-her-wake_980/index.html
2026-09-02 23:15:47,976 - INFO - Product URL resolved: https://books.toscrape.com/catalogue/how-music-works_979/index.html
2026-09-02 23:15:47,976 - INFO - Product URL resolved: https://books.toscrape.com/catalogue/foolproof-preserving-a-guide-to-small-batch-jams-jellies-pickles-condiments-and-more-a-foolproof-guide-to-making-small-batch-jams-jellies-pickles-condiments-and-more_978/index.html
2026-09-02 23:15:47,976 - INFO - Product URL resolved: https://books.toscrape.com/catalogue/chase-me-paris-nights-2_977/index.html
2026-09-02 23:15:47,977 - INFO - Product URL resolved: https://books.toscrape.com/catalogue/black-dust_976/index.html
2026-09-02 23:15:47,977 - INFO - Product URL resolved: https://books.toscrape.com/catalogue/birdsong-a-story-in-pictures_975/index.html
2026-09-02 23:15:47,977 - INFO - Product URL resolved: https://books.toscrape.com/catalogue/americas-cradle-of-quarterbacks-western-pennsylvanias-football-factory-from-johnny-unitas-to-joe-montana_974/index.html
2026-09-02 23:15:47,978 - INFO - Product URL resolved: https://books.toscrape.com/catalogue/aladdin-and-his-wonderful-lamp_973/index.html
2026-09-02 23:15:47,978 - INFO - Product URL resolved: https://books.toscrape.com/catalogue/worlds-elsewhere-journeys-around-shakespeares-globe_972/index.html
2026-09-02 23:15:47,978 - INFO - Product URL resolved: https://books.toscrape.com/catalogue/wall-and-piece_971/index.html
2026-09-02 23:15:47,978 - INFO - Product URL resolved: https://books.toscrape.com/catalogue/the-four-agreements-a-practical-guide-to-personal-freedom_970/index.html
2026-09-02 23:15:47,979 - INFO - Product URL resolved: https://books.toscrape.com/catalogue/the-five-love-languages-how-to-express-heartfelt-commitment-to-your-mate_969/index.html
2026-09-02 23:15:47,979 - INFO - Product URL resolved: https://books.toscrape.com/catalogue/the-elephant-tree_968/index.html
2026-09-02 23:15:47,979 - INFO - Product URL resolved: https://books.toscrape.com/catalogue/the-bear-and-the-piano_967/index.html
2026-09-02 23:15:47,980 - INFO - Product URL resolved: https://books.toscrape.com/catalogue/sophies-world_966/index.html
2026-09-02 23:15:47,980 - INFO - Product URL resolved: https://books.toscrape.com/catalogue/penny-maybe_965/index.html
2026-09-02 23:15:47,980 - INFO - Product URL resolved: https://books.toscrape.com/catalogue/maude-1883-1993she-grew-up-with-the-country_964/index.html
2026-09-02 23:15:47,981 - INFO - Product URL resolved: https://books.toscrape.com/catalogue/in-a-dark-dark-wood_963/index.html
2026-09-02 23:15:47,981 - INFO - Product URL resolved: https://books.toscrape.com/catalogue/behind-closed-doors_962/index.html
2026-09-02 23:15:47,981 - INFO - Product URL resolved: https://books.toscrape.com/catalogue/you-cant-bury-them-all-poems_961/index.html
2026-09-02 23:15:47,981 - INFO - Successfully extracted 20 products.
2026-09-02 23:15:47,981 - INFO - Products found on page 2: 20
2026-09-02 23:15:47,981 - INFO - Matching products collected so far: 1
2026-09-02 23:15:47,985 - INFO - Scraping page 3: https://books.toscrape.com/catalogue/page-3.html
2026-09-02 23:15:47,985 - INFO - Checking robots.txt: https://books.toscrape.com/robots.txt
2026-09-02 23:15:48,708 - INFO - robots.txt allows access: https://books.toscrape.com/catalogue/page-3.html
2026-09-02 23:15:50,420 - INFO - Request successful: 200 - https://books.toscrape.com/catalogue/page-3.html
2026-09-02 23:15:50,470 - INFO - HTML parsed successfully.
2026-09-02 23:15:50,470 - INFO - Product elements found: 20
2026-09-02 23:15:50,472 - INFO - Product URL resolved: https://books.toscrape.com/catalogue/slow-states-of-collapse-poems_960/index.html
2026-09-02 23:15:50,472 - INFO - Product URL resolved: https://books.toscrape.com/catalogue/reasons-to-stay-alive_959/index.html
2026-09-02 23:15:50,472 - INFO - Product URL resolved: https://books.toscrape.com/catalogue/private-paris-private-10_958/index.html
2026-09-02 23:15:50,472 - INFO - Product URL resolved: https://books.toscrape.com/catalogue/higherselfie-wake-up-your-life-free-your-soul-find-your-tribe_957/index.html
2026-09-02 23:15:50,472 - INFO - Product URL resolved: https://books.toscrape.com/catalogue/without-borders-wanderlove-1_956/index.html
2026-09-02 23:15:50,472 - INFO - Product URL resolved: https://books.toscrape.com/catalogue/when-we-collided_955/index.html
2026-09-02 23:15:50,472 - INFO - Product URL resolved: https://books.toscrape.com/catalogue/we-love-you-charlie-freeman_954/index.html
2026-09-02 23:15:50,474 - INFO - Product URL resolved: https://books.toscrape.com/catalogue/untitled-collection-sabbath-poems-2014_953/index.html
2026-09-02 23:15:50,474 - INFO - Product URL resolved: https://books.toscrape.com/catalogue/unseen-city-the-majesty-of-pigeons-the-discreet-charm-of-snails-other-wonders-of-the-urban-wilderness_952/index.html
2026-09-02 23:15:50,474 - INFO - Product URL resolved: https://books.toscrape.com/catalogue/unicorn-tracks_951/index.html
2026-09-02 23:15:50,474 - INFO - Product URL resolved: https://books.toscrape.com/catalogue/unbound-how-eight-technologies-made-us-human-transformed-society-and-brought-our-world-to-the-brink_950/index.html
2026-09-02 23:15:50,474 - INFO - Product URL resolved: https://books.toscrape.com/catalogue/tsubasa-world-chronicle-2-tsubasa-world-chronicle-2_949/index.html
2026-09-02 23:15:50,474 - INFO - Product URL resolved: https://books.toscrape.com/catalogue/throwing-rocks-at-the-google-bus-how-growth-became-the-enemy-of-prosperity_948/index.html
2026-09-02 23:15:50,474 - INFO - Product URL resolved: https://books.toscrape.com/catalogue/this-one-summer_947/index.html
2026-09-02 23:15:50,476 - INFO - Product URL resolved: https://books.toscrape.com/catalogue/thirst_946/index.html
2026-09-02 23:15:50,476 - INFO - Product URL resolved: https://books.toscrape.com/catalogue/the-torch-is-passed-a-harding-family-story_945/index.html
2026-09-02 23:15:50,476 - INFO - Product URL resolved: https://books.toscrape.com/catalogue/the-secret-of-dreadwillow-carse_944/index.html
2026-09-02 23:15:50,476 - INFO - Product URL resolved: https://books.toscrape.com/catalogue/the-pioneer-woman-cooks-dinnertime-comfort-classics-freezer-food-16-minute-meals-and-other-delicious-ways-to-solve-supper_943/index.html
2026-09-02 23:15:50,476 - INFO - Product URL resolved: https://books.toscrape.com/catalogue/the-past-never-ends_942/index.html
2026-09-02 23:15:50,476 - INFO - Product URL resolved: https://books.toscrape.com/catalogue/the-natural-history-of-us-the-fine-art-of-pretending-2_941/index.html
2026-09-02 23:15:50,476 - INFO - Successfully extracted 20 products.
2026-09-02 23:15:50,476 - INFO - Products found on page 3: 20
2026-09-02 23:15:50,476 - INFO - Matching products collected so far: 1
2026-09-02 23:15:50,480 - INFO - Scraping page 4: https://books.toscrape.com/catalogue/page-4.html
2026-09-02 23:15:50,480 - INFO - Checking robots.txt: https://books.toscrape.com/robots.txt
2026-09-02 23:15:51,204 - INFO - robots.txt allows access: https://books.toscrape.com/catalogue/page-4.html
2026-09-02 23:15:52,943 - INFO - Request successful: 200 - https://books.toscrape.com/catalogue/page-4.html
2026-09-02 23:15:52,948 - INFO - HTML parsed successfully.
2026-09-02 23:15:52,948 - INFO - Product elements found: 20
2026-09-02 23:15:52,948 - INFO - Product URL resolved: https://books.toscrape.com/catalogue/the-nameless-city-the-nameless-city-1_940/index.html
2026-09-02 23:15:52,948 - INFO - Product URL resolved: https://books.toscrape.com/catalogue/the-murder-that-never-was-forensic-instincts-5_939/index.html
2026-09-02 23:15:52,948 - INFO - Product URL resolved: https://books.toscrape.com/catalogue/the-most-perfect-thing-inside-and-outside-a-birds-egg_938/index.html
2026-09-02 23:15:52,948 - INFO - Product URL resolved: https://books.toscrape.com/catalogue/the-mindfulness-and-acceptance-workbook-for-anxiety-a-guide-to-breaking-free-from-anxiety-phobias-and-worry-using-acceptance-and-commitment-therapy_937/index.html
2026-09-02 23:15:52,948 - INFO - Product URL resolved: https://books.toscrape.com/catalogue/the-life-changing-magic-of-tidying-up-the-japanese-art-of-decluttering-and-organizing_936/index.html
2026-09-02 23:15:52,948 - INFO - Product URL resolved: https://books.toscrape.com/catalogue/the-inefficiency-assassin-time-management-tactics-for-working-smarter-not-longer_935/index.html
2026-09-02 23:15:52,948 - INFO - Product URL resolved: https://books.toscrape.com/catalogue/the-gutsy-girl-escapades-for-your-life-of-epic-adventure_934/index.html
2026-09-02 23:15:52,948 - INFO - Product URL resolved: https://books.toscrape.com/catalogue/the-electric-pencil-drawings-from-inside-state-hospital-no-3_933/index.html
2026-09-02 23:15:52,948 - INFO - Product URL resolved: https://books.toscrape.com/catalogue/the-death-of-humanity-and-the-case-for-life_932/index.html
2026-09-02 23:15:52,948 - INFO - Product URL resolved: https://books.toscrape.com/catalogue/the-bulletproof-diet-lose-up-to-a-pound-a-day-reclaim-energy-and-focus-upgrade-your-life_931/index.html
2026-09-02 23:15:52,948 - INFO - Product URL resolved: https://books.toscrape.com/catalogue/the-art-forger_930/index.html
2026-09-02 23:15:52,964 - INFO - Product URL resolved: https://books.toscrape.com/catalogue/the-age-of-genius-the-seventeenth-century-and-the-birth-of-the-modern-mind_929/index.html
2026-09-02 23:15:52,964 - INFO - Product URL resolved: https://books.toscrape.com/catalogue/the-activists-tao-te-ching-ancient-advice-for-a-modern-revolution_928/index.html
2026-09-02 23:15:52,964 - INFO - Product URL resolved: https://books.toscrape.com/catalogue/spark-joy-an-illustrated-master-class-on-the-art-of-organizing-and-tidying-up_927/index.html
2026-09-02 23:15:52,964 - INFO - Product URL resolved: https://books.toscrape.com/catalogue/soul-reader_926/index.html
2026-09-02 23:15:52,964 - INFO - Product URL resolved: https://books.toscrape.com/catalogue/security_925/index.html
2026-09-02 23:15:52,964 - INFO - Product URL resolved: https://books.toscrape.com/catalogue/saga-volume-6-saga-collected-editions-6_924/index.html
2026-09-02 23:15:52,964 - INFO - Product URL resolved: https://books.toscrape.com/catalogue/saga-volume-5-saga-collected-editions-5_923/index.html
2026-09-02 23:15:52,964 - INFO - Product URL resolved: https://books.toscrape.com/catalogue/reskilling-america-learning-to-labor-in-the-twenty-first-century_922/index.html
2026-09-02 23:15:52,964 - INFO - Product URL resolved: https://books.toscrape.com/catalogue/rat-queens-vol-3-demons-rat-queens-collected-editions-11-15_921/index.html
2026-09-02 23:15:52,964 - INFO - Successfully extracted 20 products.
2026-09-02 23:15:52,964 - INFO - Products found on page 4: 20
2026-09-02 23:15:52,964 - INFO - Matching products collected so far: 1
2026-09-02 23:15:52,964 - INFO - Scraping page 5: https://books.toscrape.com/catalogue/page-5.html
2026-09-02 23:15:52,964 - INFO - Checking robots.txt: https://books.toscrape.com/robots.txt
2026-09-02 23:15:53,692 - INFO - robots.txt allows access: https://books.toscrape.com/catalogue/page-5.html
2026-09-02 23:15:55,413 - INFO - Request successful: 200 - https://books.toscrape.com/catalogue/page-5.html
2026-09-02 23:15:55,430 - INFO - HTML parsed successfully.
2026-09-02 23:15:55,432 - INFO - Product elements found: 20
2026-09-02 23:15:55,432 - INFO - Product URL resolved: https://books.toscrape.com/catalogue/princess-jellyfish-2-in-1-omnibus-vol-01-princess-jellyfish-2-in-1-omnibus-1_920/index.html
2026-09-02 23:15:55,432 - INFO - Product URL resolved: https://books.toscrape.com/catalogue/princess-between-worlds-wide-awake-princess-5_919/index.html
2026-09-02 23:15:55,432 - INFO - Product URL resolved: https://books.toscrape.com/catalogue/pop-gun-war-volume-1-gift_918/index.html
2026-09-02 23:15:55,433 - INFO - Product URL resolved: https://books.toscrape.com/catalogue/political-suicide-missteps-peccadilloes-bad-calls-backroom-hijinx-sordid-pasts-rotten-breaks-and-just-plain-dumb-mistakes-in-the-annals-of-american-politics_917/index.html
2026-09-02 23:15:55,433 - INFO - Product URL resolved: https://books.toscrape.com/catalogue/patience_916/index.html
2026-09-02 23:15:55,434 - INFO - Product URL resolved: https://books.toscrape.com/catalogue/outcast-vol-1-a-darkness-surrounds-him-outcast-1_915/index.html
2026-09-02 23:15:55,435 - INFO - Product URL resolved: https://books.toscrape.com/catalogue/orange-the-complete-collection-1-orange-the-complete-collection-1_914/index.html
2026-09-02 23:15:55,435 - INFO - Product URL resolved: https://books.toscrape.com/catalogue/online-marketing-for-busy-authors-a-step-by-step-guide_913/index.html
2026-09-02 23:15:55,435 - INFO - Product URL resolved: https://books.toscrape.com/catalogue/on-a-midnight-clear_912/index.html
2026-09-02 23:15:55,435 - INFO - Product URL resolved: https://books.toscrape.com/catalogue/obsidian-lux-1_911/index.html
2026-09-02 23:15:55,436 - INFO - Product URL resolved: https://books.toscrape.com/catalogue/my-paris-kitchen-recipes-and-stories_910/index.html
2026-09-02 23:15:55,436 - INFO - Product URL resolved: https://books.toscrape.com/catalogue/masks-and-shadows_909/index.html
2026-09-02 23:15:55,436 - INFO - Product URL resolved: https://books.toscrape.com/catalogue/mama-tried-traditional-italian-cooking-for-the-screwed-crude-vegan-and-tattooed_908/index.html
2026-09-02 23:15:55,436 - INFO - Product URL resolved: https://books.toscrape.com/catalogue/lumberjanes-vol-2-friendship-to-the-max-lumberjanes-5-8_907/index.html
2026-09-02 23:15:55,437 - INFO - Product URL resolved: https://books.toscrape.com/catalogue/lumberjanes-vol-1-beware-the-kitten-holy-lumberjanes-1-4_906/index.html
2026-09-02 23:15:55,437 - INFO - Product URL resolved: https://books.toscrape.com/catalogue/lumberjanes-vol-3-a-terrible-plan-lumberjanes-9-12_905/index.html
2026-09-02 23:15:55,437 - INFO - Product URL resolved: https://books.toscrape.com/catalogue/layered-baking-building-and-styling-spectacular-cakes_904/index.html
2026-09-02 23:15:55,437 - INFO - Product URL resolved: https://books.toscrape.com/catalogue/judo-seven-steps-to-black-belt-an-introductory-guide-for-beginners_903/index.html
2026-09-02 23:15:55,438 - INFO - Product URL resolved: https://books.toscrape.com/catalogue/join_902/index.html
2026-09-02 23:15:55,438 - INFO - Product URL resolved: https://books.toscrape.com/catalogue/in-the-country-we-love-my-family-divided_901/index.html
2026-09-02 23:15:55,438 - INFO - Successfully extracted 20 products.
2026-09-02 23:15:55,438 - INFO - Products found on page 5: 20
2026-09-02 23:15:55,438 - INFO - Matching products collected so far: 1
2026-09-02 23:15:55,441 - INFO - Scraping page 6: https://books.toscrape.com/catalogue/page-6.html
2026-09-02 23:15:55,441 - INFO - Checking robots.txt: https://books.toscrape.com/robots.txt
2026-09-02 23:15:56,156 - INFO - robots.txt allows access: https://books.toscrape.com/catalogue/page-6.html
2026-09-02 23:15:57,885 - INFO - Request successful: 200 - https://books.toscrape.com/catalogue/page-6.html
2026-09-02 23:15:57,903 - INFO - HTML parsed successfully.
2026-09-02 23:15:57,903 - INFO - Product elements found: 20
2026-09-02 23:15:57,905 - INFO - Product URL resolved: https://books.toscrape.com/catalogue/immunity-how-elie-metchnikoff-changed-the-course-of-modern-medicine_900/index.html
2026-09-02 23:15:57,905 - INFO - Product URL resolved: https://books.toscrape.com/catalogue/i-hate-fairyland-vol-1-madly-ever-after-i-hate-fairyland-compilations-1-5_899/index.html
2026-09-02 23:15:57,905 - INFO - Product URL resolved: https://books.toscrape.com/catalogue/i-am-a-hero-omnibus-volume-1_898/index.html
2026-09-02 23:15:57,905 - INFO - Product URL resolved: https://books.toscrape.com/catalogue/how-to-be-miserable-40-strategies-you-already-use_897/index.html
2026-09-02 23:15:57,905 - INFO - Product URL resolved: https://books.toscrape.com/catalogue/her-backup-boyfriend-the-sorensen-family-1_896/index.html
2026-09-02 23:15:57,905 - INFO - Product URL resolved: https://books.toscrape.com/catalogue/giant-days-vol-2-giant-days-5-8_895/index.html
2026-09-02 23:15:57,905 - INFO - Product URL resolved: https://books.toscrape.com/catalogue/forever-and-forever-the-courtship-of-henry-longfellow-and-fanny-appleton_894/index.html
2026-09-02 23:15:57,907 - INFO - Product URL resolved: https://books.toscrape.com/catalogue/first-and-first-five-boroughs-3_893/index.html
2026-09-02 23:15:57,907 - INFO - Product URL resolved: https://books.toscrape.com/catalogue/fifty-shades-darker-fifty-shades-2_892/index.html
2026-09-02 23:15:57,907 - INFO - Product URL resolved: https://books.toscrape.com/catalogue/everydata-the-misinformation-hidden-in-the-little-data-you-consume-every-day_891/index.html
2026-09-02 23:15:57,907 - INFO - Product URL resolved: https://books.toscrape.com/catalogue/dont-be-a-jerk-and-other-practical-advice-from-dogen-japans-greatest-zen-master_890/index.html
2026-09-02 23:15:57,907 - INFO - Product URL resolved: https://books.toscrape.com/catalogue/danganronpa-volume-1_889/index.html
2026-09-02 23:15:57,909 - INFO - Product URL resolved: https://books.toscrape.com/catalogue/crown-of-midnight-throne-of-glass-2_888/index.html
2026-09-02 23:15:57,909 - INFO - Product URL resolved: https://books.toscrape.com/catalogue/codename-baboushka-volume-1-the-conclave-of-death_887/index.html
2026-09-02 23:15:57,909 - INFO - Product URL resolved: https://books.toscrape.com/catalogue/camp-midnight_886/index.html
2026-09-02 23:15:57,909 - INFO - Product URL resolved: https://books.toscrape.com/catalogue/call-the-nurse-true-stories-of-a-country-nurse-on-a-scottish-isle_885/index.html
2026-09-02 23:15:57,909 - INFO - Product URL resolved: https://books.toscrape.com/catalogue/burning_884/index.html
2026-09-02 23:15:57,909 - INFO - Product URL resolved: https://books.toscrape.com/catalogue/bossypants_883/index.html
2026-09-02 23:15:57,909 - INFO - Product URL resolved: https://books.toscrape.com/catalogue/bitch-planet-vol-1-extraordinary-machine-bitch-planet-collected-editions_882/index.html
2026-09-02 23:15:57,911 - INFO - Product URL resolved: https://books.toscrape.com/catalogue/avatar-the-last-airbender-smoke-and-shadow-part-3-smoke-and-shadow-3_881/index.html
2026-09-02 23:15:57,911 - INFO - Successfully extracted 20 products.
2026-09-02 23:15:57,911 - INFO - Products found on page 6: 20
2026-09-02 23:15:57,911 - INFO - Matching products collected so far: 1
2026-09-02 23:15:57,913 - INFO - Scraping page 7: https://books.toscrape.com/catalogue/page-7.html
2026-09-02 23:15:57,913 - INFO - Checking robots.txt: https://books.toscrape.com/robots.txt
2026-09-02 23:15:58,648 - INFO - robots.txt allows access: https://books.toscrape.com/catalogue/page-7.html
2026-09-02 23:16:00,387 - INFO - Request successful: 200 - https://books.toscrape.com/catalogue/page-7.html
2026-09-02 23:16:00,402 - INFO - HTML parsed successfully.
2026-09-02 23:16:00,402 - INFO - Product elements found: 20
2026-09-02 23:16:00,402 - INFO - Product URL resolved: https://books.toscrape.com/catalogue/algorithms-to-live-by-the-computer-science-of-human-decisions_880/index.html
2026-09-02 23:16:00,402 - INFO - Product URL resolved: https://books.toscrape.com/catalogue/a-world-of-flavor-your-gluten-free-passport_879/index.html
2026-09-02 23:16:00,402 - INFO - Product URL resolved: https://books.toscrape.com/catalogue/a-piece-of-sky-a-grain-of-rice-a-memoir-in-four-meditations_878/index.html
2026-09-02 23:16:00,402 - INFO - Product URL resolved: https://books.toscrape.com/catalogue/a-murder-in-time_877/index.html
2026-09-02 23:16:00,402 - INFO - Product URL resolved: https://books.toscrape.com/catalogue/a-flight-of-arrows-the-pathfinders-2_876/index.html
2026-09-02 23:16:00,402 - INFO - Product URL resolved: https://books.toscrape.com/catalogue/a-fierce-and-subtle-poison_875/index.html
2026-09-02 23:16:00,402 - INFO - Product URL resolved: https://books.toscrape.com/catalogue/a-court-of-thorns-and-roses-a-court-of-thorns-and-roses-1_874/index.html
2026-09-02 23:16:00,402 - INFO - Product URL resolved: https://books.toscrape.com/catalogue/unqualified-how-god-uses-broken-people-to-do-big-things_873/index.html
2026-09-02 23:16:00,402 - INFO - Product URL resolved: https://books.toscrape.com/catalogue/you-are-what-you-love-the-spiritual-power-of-habit_872/index.html
2026-09-02 23:16:00,402 - INFO - Product URL resolved: https://books.toscrape.com/catalogue/william-shakespeares-star-wars-verily-a-new-hope-william-shakespeares-star-wars-4_871/index.html
2026-09-02 23:16:00,402 - INFO - Product URL resolved: https://books.toscrape.com/catalogue/tuesday-nights-in-1980_870/index.html
2026-09-02 23:16:00,402 - INFO - Product URL resolved: https://books.toscrape.com/catalogue/tracing-numbers-on-a-train_869/index.html
2026-09-02 23:16:00,402 - INFO - Product URL resolved: https://books.toscrape.com/catalogue/throne-of-glass-throne-of-glass-1_868/index.html
2026-09-02 23:16:00,402 - INFO - Product URL resolved: https://books.toscrape.com/catalogue/thomas-jefferson-and-the-tripoli-pirates-the-forgotten-war-that-changed-american-history_867/index.html
2026-09-02 23:16:00,402 - INFO - Product URL resolved: https://books.toscrape.com/catalogue/thirteen-reasons-why_866/index.html
2026-09-02 23:16:00,402 - INFO - Product URL resolved: https://books.toscrape.com/catalogue/the-white-cat-and-the-monk-a-retelling-of-the-poem-pangur-ban_865/index.html
2026-09-02 23:16:00,402 - INFO - Product URL resolved: https://books.toscrape.com/catalogue/the-wedding-dress_864/index.html
2026-09-02 23:16:00,402 - INFO - Product URL resolved: https://books.toscrape.com/catalogue/the-vacationers_863/index.html
2026-09-02 23:16:00,402 - INFO - Product URL resolved: https://books.toscrape.com/catalogue/the-third-wave-an-entrepreneurs-vision-of-the-future_862/index.html
2026-09-02 23:16:00,402 - INFO - Product URL resolved: https://books.toscrape.com/catalogue/the-stranger_861/index.html
2026-09-02 23:16:00,402 - INFO - Successfully extracted 20 products.
2026-09-02 23:16:00,402 - INFO - Products found on page 7: 20
2026-09-02 23:16:00,402 - INFO - Matching products collected so far: 1
2026-09-02 23:16:00,402 - INFO - Scraping page 8: https://books.toscrape.com/catalogue/page-8.html
2026-09-02 23:16:00,402 - INFO - Checking robots.txt: https://books.toscrape.com/robots.txt
2026-09-02 23:16:01,139 - INFO - robots.txt allows access: https://books.toscrape.com/catalogue/page-8.html
2026-09-02 23:16:02,873 - INFO - Request successful: 200 - https://books.toscrape.com/catalogue/page-8.html
2026-09-02 23:16:02,904 - INFO - HTML parsed successfully.
2026-09-02 23:16:02,905 - INFO - Product elements found: 20
2026-09-02 23:16:02,905 - INFO - Product URL resolved: https://books.toscrape.com/catalogue/the-shadow-hero-the-shadow-hero_860/index.html
2026-09-02 23:16:02,905 - INFO - Product URL resolved: https://books.toscrape.com/catalogue/the-secret-the-secret-1_859/index.html
2026-09-02 23:16:02,905 - INFO - Product URL resolved: https://books.toscrape.com/catalogue/the-regional-office-is-under-attack_858/index.html
2026-09-02 23:16:02,905 - INFO - Product URL resolved: https://books.toscrape.com/catalogue/the-psychopath-test-a-journey-through-the-madness-industry_857/index.html
2026-09-02 23:16:02,905 - INFO - Product URL resolved: https://books.toscrape.com/catalogue/the-project_856/index.html
2026-09-02 23:16:02,905 - INFO - Product URL resolved: https://books.toscrape.com/catalogue/the-power-of-now-a-guide-to-spiritual-enlightenment_855/index.html
2026-09-02 23:16:02,905 - INFO - Product URL resolved: https://books.toscrape.com/catalogue/the-omnivores-dilemma-a-natural-history-of-four-meals_854/index.html
2026-09-02 23:16:02,905 - INFO - Product URL resolved: https://books.toscrape.com/catalogue/the-nerdy-nummies-cookbook-sweet-treats-for-the-geek-in-all-of-us_853/index.html
2026-09-02 23:16:02,905 - INFO - Product URL resolved: https://books.toscrape.com/catalogue/the-murder-of-roger-ackroyd-hercule-poirot-4_852/index.html
2026-09-02 23:16:02,905 - INFO - Product URL resolved: https://books.toscrape.com/catalogue/the-mistake-off-campus-2_851/index.html
2026-09-02 23:16:02,905 - INFO - Product URL resolved: https://books.toscrape.com/catalogue/the-matchmakers-playbook-wingmen-inc-1_850/index.html
2026-09-02 23:16:02,905 - INFO - Product URL resolved: https://books.toscrape.com/catalogue/the-love-and-lemons-cookbook-an-apple-to-zucchini-celebration-of-impromptu-cooking_849/index.html
2026-09-02 23:16:02,905 - INFO - Product URL resolved: https://books.toscrape.com/catalogue/the-long-shadow-of-small-ghosts-murder-and-memory-in-an-american-city_848/index.html
2026-09-02 23:16:02,905 - INFO - Product URL resolved: https://books.toscrape.com/catalogue/the-kite-runner_847/index.html
2026-09-02 23:16:02,905 - INFO - Product URL resolved: https://books.toscrape.com/catalogue/the-house-by-the-lake_846/index.html
2026-09-02 23:16:02,905 - INFO - Product URL resolved: https://books.toscrape.com/catalogue/the-glittering-court-the-glittering-court-1_845/index.html
2026-09-02 23:16:02,905 - INFO - Product URL resolved: https://books.toscrape.com/catalogue/the-girl-on-the-train_844/index.html
2026-09-02 23:16:02,905 - INFO - Product URL resolved: https://books.toscrape.com/catalogue/the-genius-of-birds_843/index.html
2026-09-02 23:16:02,905 - INFO - Product URL resolved: https://books.toscrape.com/catalogue/the-emerald-mystery_842/index.html
2026-09-02 23:16:02,905 - INFO - Product URL resolved: https://books.toscrape.com/catalogue/the-cookies-cups-cookbook-125-sweet-savory-recipes-reminding-you-to-always-eat-dessert-first_841/index.html
2026-09-02 23:16:02,905 - INFO - Successfully extracted 20 products.
2026-09-02 23:16:02,905 - INFO - Products found on page 8: 20
2026-09-02 23:16:02,905 - INFO - Matching products collected so far: 1
2026-09-02 23:16:02,905 - INFO - Scraping page 9: https://books.toscrape.com/catalogue/page-9.html
2026-09-02 23:16:02,905 - INFO - Checking robots.txt: https://books.toscrape.com/robots.txt
2026-09-02 23:16:03,633 - INFO - robots.txt allows access: https://books.toscrape.com/catalogue/page-9.html
2026-09-02 23:16:05,384 - INFO - Request successful: 200 - https://books.toscrape.com/catalogue/page-9.html
2026-09-02 23:16:05,400 - INFO - HTML parsed successfully.
2026-09-02 23:16:05,413 - INFO - Product elements found: 20
2026-09-02 23:16:05,413 - INFO - Product URL resolved: https://books.toscrape.com/catalogue/the-bridge-to-consciousness-im-writing-the-bridge-between-science-and-our-old-and-new-beliefs_840/index.html
2026-09-02 23:16:05,413 - INFO - Product URL resolved: https://books.toscrape.com/catalogue/the-artists-way-a-spiritual-path-to-higher-creativity_839/index.html
2026-09-02 23:16:05,413 - INFO - Product URL resolved: https://books.toscrape.com/catalogue/the-art-of-war_838/index.html
2026-09-02 23:16:05,413 - INFO - Product URL resolved: https://books.toscrape.com/catalogue/the-argonauts_837/index.html
2026-09-02 23:16:05,413 - INFO - Product URL resolved: https://books.toscrape.com/catalogue/the-10-entrepreneur-live-your-startup-dream-without-quitting-your-day-job_836/index.html
2026-09-02 23:16:05,413 - INFO - Product URL resolved: https://books.toscrape.com/catalogue/suddenly-in-love-lake-haven-1_835/index.html
2026-09-02 23:16:05,413 - INFO - Product URL resolved: https://books.toscrape.com/catalogue/something-more-than-this_834/index.html
2026-09-02 23:16:05,413 - INFO - Product URL resolved: https://books.toscrape.com/catalogue/soft-apocalypse_833/index.html
2026-09-02 23:16:05,413 - INFO - Product URL resolved: https://books.toscrape.com/catalogue/so-youve-been-publicly-shamed_832/index.html
2026-09-02 23:16:05,413 - INFO - Product URL resolved: https://books.toscrape.com/catalogue/shoe-dog-a-memoir-by-the-creator-of-nike_831/index.html
2026-09-02 23:16:05,413 - INFO - Product URL resolved: https://books.toscrape.com/catalogue/shobu-samurai-project-aryoku-3_830/index.html
2026-09-02 23:16:05,413 - INFO - Product URL resolved: https://books.toscrape.com/catalogue/secrets-and-lace-fatal-hearts-1_829/index.html
2026-09-02 23:16:05,413 - INFO - Product URL resolved: https://books.toscrape.com/catalogue/scarlett-epstein-hates-it-here_828/index.html
2026-09-02 23:16:05,413 - INFO - Product URL resolved: https://books.toscrape.com/catalogue/romero-and-juliet-a-tragic-tale-of-love-and-zombies_827/index.html
2026-09-02 23:16:05,413 - INFO - Product URL resolved: https://books.toscrape.com/catalogue/redeeming-love_826/index.html
2026-09-02 23:16:05,413 - INFO - Product URL resolved: https://books.toscrape.com/catalogue/poses-for-artists-volume-1-dynamic-and-sitting-poses-an-essential-reference-for-figure-drawing-and-the-human-form_825/index.html
2026-09-02 23:16:05,413 - INFO - Product URL resolved: https://books.toscrape.com/catalogue/poems-that-make-grown-women-cry_824/index.html
2026-09-02 23:16:05,413 - INFO - Product URL resolved: https://books.toscrape.com/catalogue/nightingale-sing_823/index.html
2026-09-02 23:16:05,413 - INFO - Product URL resolved: https://books.toscrape.com/catalogue/night-sky-with-exit-wounds_822/index.html
2026-09-02 23:16:05,413 - INFO - Product URL resolved: https://books.toscrape.com/catalogue/mrs-houdini_821/index.html
2026-09-02 23:16:05,413 - INFO - Successfully extracted 20 products.
2026-09-02 23:16:05,413 - INFO - Products found on page 9: 20
2026-09-02 23:16:05,413 - INFO - Matching products collected so far: 1
2026-09-02 23:16:05,413 - INFO - Scraping page 10: https://books.toscrape.com/catalogue/page-10.html
2026-09-02 23:16:05,413 - INFO - Checking robots.txt: https://books.toscrape.com/robots.txt
2026-09-02 23:16:06,147 - INFO - robots.txt allows access: https://books.toscrape.com/catalogue/page-10.html
2026-09-02 23:16:07,865 - INFO - Request successful: 200 - https://books.toscrape.com/catalogue/page-10.html
2026-09-02 23:16:07,881 - INFO - HTML parsed successfully.
2026-09-02 23:16:07,881 - INFO - Product elements found: 20
2026-09-02 23:16:07,881 - INFO - Product URL resolved: https://books.toscrape.com/catalogue/modern-romance_820/index.html
2026-09-02 23:16:07,881 - INFO - Product URL resolved: https://books.toscrape.com/catalogue/miss-peregrines-home-for-peculiar-children-miss-peregrines-peculiar-children-1_819/index.html
2026-09-02 23:16:07,881 - INFO - Product URL resolved: https://books.toscrape.com/catalogue/louisa-the-extraordinary-life-of-mrs-adams_818/index.html
2026-09-02 23:16:07,881 - INFO - Product URL resolved: https://books.toscrape.com/catalogue/little-red_817/index.html
2026-09-02 23:16:07,881 - INFO - Product URL resolved: https://books.toscrape.com/catalogue/library-of-souls-miss-peregrines-peculiar-children-3_816/index.html
2026-09-02 23:16:07,881 - INFO - Product URL resolved: https://books.toscrape.com/catalogue/large-print-heart-of-the-pride_815/index.html
2026-09-02 23:16:07,881 - INFO - Product URL resolved: https://books.toscrape.com/catalogue/i-had-a-nice-time-and-other-lies-how-to-find-love-sht-like-that_814/index.html
2026-09-02 23:16:07,897 - INFO - Product URL resolved: https://books.toscrape.com/catalogue/hollow-city-miss-peregrines-peculiar-children-2_813/index.html
2026-09-02 23:16:07,897 - INFO - Product URL resolved: https://books.toscrape.com/catalogue/grumbles_812/index.html
2026-09-02 23:16:07,897 - INFO - Product URL resolved: https://books.toscrape.com/catalogue/full-moon-over-noahs-ark-an-odyssey-to-mount-ararat-and-beyond_811/index.html
2026-09-02 23:16:07,897 - INFO - Product URL resolved: https://books.toscrape.com/catalogue/frostbite-vampire-academy-2_810/index.html
2026-09-02 23:16:07,897 - INFO - Product URL resolved: https://books.toscrape.com/catalogue/follow-you-home_809/index.html
2026-09-02 23:16:07,897 - INFO - Product URL resolved: https://books.toscrape.com/catalogue/first-steps-for-new-christians-print-edition_808/index.html
2026-09-02 23:16:07,897 - INFO - Product URL resolved: https://books.toscrape.com/catalogue/finders-keepers-bill-hodges-trilogy-2_807/index.html
2026-09-02 23:16:07,897 - INFO - Product URL resolved: https://books.toscrape.com/catalogue/fables-vol-1-legends-in-exile-fables-1_806/index.html
2026-09-02 23:16:07,897 - INFO - Product URL resolved: https://books.toscrape.com/catalogue/eureka-trivia-60_805/index.html
2026-09-02 23:16:07,897 - INFO - Product URL resolved: https://books.toscrape.com/catalogue/drive-the-surprising-truth-about-what-motivates-us_804/index.html
2026-09-02 23:16:07,897 - INFO - Product URL resolved: https://books.toscrape.com/catalogue/done-rubbed-out-reightman-bailey-1_803/index.html
2026-09-02 23:16:07,897 - INFO - Product URL resolved: https://books.toscrape.com/catalogue/doing-it-over-most-likely-to-1_802/index.html
2026-09-02 23:16:07,897 - INFO - Product URL resolved: https://books.toscrape.com/catalogue/deliciously-ella-every-day-quick-and-easy-recipes-for-gluten-free-snacks-packed-lunches-and-simple-meals_801/index.html
2026-09-02 23:16:07,897 - INFO - Successfully extracted 20 products.
2026-09-02 23:16:07,897 - INFO - Products found on page 10: 20
2026-09-02 23:16:07,897 - INFO - Matching products collected so far: 1
2026-09-02 23:16:07,897 - INFO - Scraping page 11: https://books.toscrape.com/catalogue/page-11.html
2026-09-02 23:16:07,897 - INFO - Checking robots.txt: https://books.toscrape.com/robots.txt
2026-09-02 23:16:08,631 - INFO - robots.txt allows access: https://books.toscrape.com/catalogue/page-11.html
2026-09-02 23:16:10,365 - INFO - Request successful: 200 - https://books.toscrape.com/catalogue/page-11.html
2026-09-02 23:16:10,382 - INFO - HTML parsed successfully.
2026-09-02 23:16:10,382 - INFO - Product elements found: 20
2026-09-02 23:16:10,382 - INFO - Product URL resolved: https://books.toscrape.com/catalogue/dark-notes_800/index.html
2026-09-02 23:16:10,382 - INFO - Product URL resolved: https://books.toscrape.com/catalogue/daring-greatly-how-the-courage-to-be-vulnerable-transforms-the-way-we-live-love-parent-and-lead_799/index.html
2026-09-02 23:16:10,382 - INFO - Product URL resolved: https://books.toscrape.com/catalogue/close-to-you_798/index.html
2026-09-02 23:16:10,382 - INFO - Product URL resolved: https://books.toscrape.com/catalogue/chasing-heaven-what-dying-taught-me-about-living_797/index.html
2026-09-02 23:16:10,382 - INFO - Product URL resolved: https://books.toscrape.com/catalogue/big-magic-creative-living-beyond-fear_796/index.html
2026-09-02 23:16:10,382 - INFO - Product URL resolved: https://books.toscrape.com/catalogue/becoming-wise-an-inquiry-into-the-mystery-and-art-of-living_795/index.html
2026-09-02 23:16:10,382 - INFO - Product URL resolved: https://books.toscrape.com/catalogue/beauty-restored-riley-family-legacy-novellas-3_794/index.html
2026-09-02 23:16:10,382 - INFO - Product URL resolved: https://books.toscrape.com/catalogue/batman-the-long-halloween-batman_793/index.html
2026-09-02 23:16:10,382 - INFO - Product URL resolved: https://books.toscrape.com/catalogue/batman-the-dark-knight-returns-batman_792/index.html
2026-09-02 23:16:10,382 - INFO - Product URL resolved: https://books.toscrape.com/catalogue/ayumis-violin_791/index.html
2026-09-02 23:16:10,382 - INFO - Product URL resolved: https://books.toscrape.com/catalogue/anonymous_790/index.html
2026-09-02 23:16:10,382 - INFO - Product URL resolved: https://books.toscrape.com/catalogue/amy-meets-the-saints-and-sages_789/index.html
2026-09-02 23:16:10,382 - INFO - Product URL resolved: https://books.toscrape.com/catalogue/amid-the-chaos_788/index.html
2026-09-02 23:16:10,382 - INFO - Product URL resolved: https://books.toscrape.com/catalogue/amatus_787/index.html
2026-09-02 23:16:10,382 - INFO - Product URL resolved: https://books.toscrape.com/catalogue/agnostic-a-spirited-manifesto_786/index.html
2026-09-02 23:16:10,382 - INFO - Product URL resolved: https://books.toscrape.com/catalogue/zealot-the-life-and-times-of-jesus-of-nazareth_785/index.html
2026-09-02 23:16:10,382 - INFO - Product URL resolved: https://books.toscrape.com/catalogue/you-you-1_784/index.html
2026-09-02 23:16:10,382 - INFO - Product URL resolved: https://books.toscrape.com/catalogue/wonder-woman-earth-one-volume-one-wonder-woman-earth-one-1_783/index.html
2026-09-02 23:16:10,382 - INFO - Product URL resolved: https://books.toscrape.com/catalogue/wild-swans_782/index.html
2026-09-02 23:16:10,382 - INFO - Product URL resolved: https://books.toscrape.com/catalogue/why-the-right-went-wrong-conservatism-from-goldwater-to-the-tea-party-and-beyond_781/index.html
2026-09-02 23:16:10,382 - INFO - Successfully extracted 20 products.
2026-09-02 23:16:10,382 - INFO - Products found on page 11: 20
2026-09-02 23:16:10,382 - INFO - Matching products collected so far: 1
2026-09-02 23:16:10,382 - INFO - Scraping page 12: https://books.toscrape.com/catalogue/page-12.html
2026-09-02 23:16:10,382 - INFO - Checking robots.txt: https://books.toscrape.com/robots.txt
2026-09-02 23:16:11,099 - INFO - robots.txt allows access: https://books.toscrape.com/catalogue/page-12.html
2026-09-02 23:16:12,825 - INFO - Request successful: 200 - https://books.toscrape.com/catalogue/page-12.html
2026-09-02 23:16:12,838 - INFO - HTML parsed successfully.
2026-09-02 23:16:12,838 - INFO - Product elements found: 20
2026-09-02 23:16:12,838 - INFO - Product URL resolved: https://books.toscrape.com/catalogue/whole-lotta-creativity-going-on-60-fun-and-unusual-exercises-to-awaken-and-strengthen-your-creativity_780/index.html
2026-09-02 23:16:12,838 - INFO - Product URL resolved: https://books.toscrape.com/catalogue/whats-it-like-in-space-stories-from-astronauts-whove-been-there_779/index.html
2026-09-02 23:16:12,838 - INFO - Product URL resolved: https://books.toscrape.com/catalogue/we-are-robin-vol-1-the-vigilante-business-we-are-robin-1_778/index.html
2026-09-02 23:16:12,838 - INFO - Product URL resolved: https://books.toscrape.com/catalogue/walt-disneys-alice-in-wonderland_777/index.html
2026-09-02 23:16:12,838 - INFO - Product URL resolved: https://books.toscrape.com/catalogue/v-for-vendetta-v-for-vendetta-complete_776/index.html
2026-09-02 23:16:12,838 - INFO - Product URL resolved: https://books.toscrape.com/catalogue/until-friday-night-the-field-party-1_775/index.html
2026-09-02 23:16:12,838 - INFO - Product URL resolved: https://books.toscrape.com/catalogue/unbroken-a-world-war-ii-story-of-survival-resilience-and-redemption_774/index.html
2026-09-02 23:16:12,838 - INFO - Product URL resolved: https://books.toscrape.com/catalogue/twenty-yawns_773/index.html
2026-09-02 23:16:12,838 - INFO - Product URL resolved: https://books.toscrape.com/catalogue/through-the-woods_772/index.html
2026-09-02 23:16:12,854 - INFO - Product URL resolved: https://books.toscrape.com/catalogue/this-is-where-it-ends_771/index.html
2026-09-02 23:16:12,854 - INFO - Product URL resolved: https://books.toscrape.com/catalogue/the-year-of-magical-thinking_770/index.html
2026-09-02 23:16:12,854 - INFO - Product URL resolved: https://books.toscrape.com/catalogue/the-wright-brothers_769/index.html
2026-09-02 23:16:12,854 - INFO - Product URL resolved: https://books.toscrape.com/catalogue/the-white-queen-the-cousins-war-1_768/index.html
2026-09-02 23:16:12,854 - INFO - Product URL resolved: https://books.toscrape.com/catalogue/the-wedding-pact-the-omalleys-2_767/index.html
2026-09-02 23:16:12,854 - INFO - Product URL resolved: https://books.toscrape.com/catalogue/the-time-keeper_766/index.html
2026-09-02 23:16:12,854 - INFO - Product URL resolved: https://books.toscrape.com/catalogue/the-testament-of-mary_765/index.html
2026-09-02 23:16:12,854 - INFO - Product URL resolved: https://books.toscrape.com/catalogue/the-star-touched-queen_764/index.html
2026-09-02 23:16:12,854 - INFO - Product URL resolved: https://books.toscrape.com/catalogue/the-songs-of-the-gods_763/index.html
2026-09-02 23:16:12,854 - INFO - Product URL resolved: https://books.toscrape.com/catalogue/the-song-of-achilles_762/index.html
2026-09-02 23:16:12,854 - INFO - Product URL resolved: https://books.toscrape.com/catalogue/the-rosie-project-don-tillman-1_761/index.html
2026-09-02 23:16:12,854 - INFO - Successfully extracted 20 products.
2026-09-02 23:16:12,854 - INFO - Products found on page 12: 20
2026-09-02 23:16:12,854 - INFO - Matching products collected so far: 1
2026-09-02 23:16:12,854 - INFO - Scraping page 13: https://books.toscrape.com/catalogue/page-13.html
2026-09-02 23:16:12,854 - INFO - Checking robots.txt: https://books.toscrape.com/robots.txt
2026-09-02 23:16:13,596 - INFO - robots.txt allows access: https://books.toscrape.com/catalogue/page-13.html
2026-09-02 23:16:15,325 - INFO - Request successful: 200 - https://books.toscrape.com/catalogue/page-13.html
2026-09-02 23:16:15,332 - INFO - HTML parsed successfully.
2026-09-02 23:16:15,332 - INFO - Product elements found: 20
2026-09-02 23:16:15,332 - INFO - Product URL resolved: https://books.toscrape.com/catalogue/the-power-of-habit-why-we-do-what-we-do-in-life-and-business_760/index.html
2026-09-02 23:16:15,332 - INFO - Product URL resolved: https://books.toscrape.com/catalogue/the-marriage-of-opposites_759/index.html
2026-09-02 23:16:15,332 - INFO - Product URL resolved: https://books.toscrape.com/catalogue/the-lucifer-effect-understanding-how-good-people-turn-evil_758/index.html
2026-09-02 23:16:15,332 - INFO - Product URL resolved: https://books.toscrape.com/catalogue/the-long-haul-diary-of-a-wimpy-kid-9_757/index.html
2026-09-02 23:16:15,332 - INFO - Product URL resolved: https://books.toscrape.com/catalogue/the-loney_756/index.html
2026-09-02 23:16:15,332 - INFO - Product URL resolved: https://books.toscrape.com/catalogue/the-literature-book-big-ideas-simply-explained_755/index.html
2026-09-02 23:16:15,348 - INFO - Product URL resolved: https://books.toscrape.com/catalogue/the-last-mile-amos-decker-2_754/index.html
2026-09-02 23:16:15,348 - INFO - Product URL resolved: https://books.toscrape.com/catalogue/the-immortal-life-of-henrietta-lacks_753/index.html
2026-09-02 23:16:15,348 - INFO - Product URL resolved: https://books.toscrape.com/catalogue/the-hidden-oracle-the-trials-of-apollo-1_752/index.html
2026-09-02 23:16:15,348 - INFO - Product URL resolved: https://books.toscrape.com/catalogue/the-help-yourself-cookbook-for-kids-60-easy-plant-based-recipes-kids-can-make-to-stay-healthy-and-save-the-earth_751/index.html
2026-09-02 23:16:15,350 - INFO - Product URL resolved: https://books.toscrape.com/catalogue/the-guilty-will-robie-4_750/index.html
2026-09-02 23:16:15,350 - INFO - Product URL resolved: https://books.toscrape.com/catalogue/the-first-hostage-jb-collins-2_749/index.html
2026-09-02 23:16:15,350 - INFO - Product URL resolved: https://books.toscrape.com/catalogue/the-dovekeepers_748/index.html
2026-09-02 23:16:15,350 - INFO - Product URL resolved: https://books.toscrape.com/catalogue/the-darkest-lie_747/index.html
2026-09-02 23:16:15,350 - INFO - Product URL resolved: https://books.toscrape.com/catalogue/the-bane-chronicles-the-bane-chronicles-1-11_746/index.html
2026-09-02 23:16:15,350 - INFO - Product URL resolved: https://books.toscrape.com/catalogue/the-bad-ass-librarians-of-timbuktu-and-their-race-to-save-the-worlds-most-precious-manuscripts_745/index.html
2026-09-02 23:16:15,350 - INFO - Product URL resolved: https://books.toscrape.com/catalogue/the-14th-colony-cotton-malone-11_744/index.html
2026-09-02 23:16:15,353 - INFO - Product URL resolved: https://books.toscrape.com/catalogue/that-darkness-gardiner-and-renner-1_743/index.html
2026-09-02 23:16:15,353 - INFO - Product URL resolved: https://books.toscrape.com/catalogue/tastes-like-fear-di-marnie-rome-3_742/index.html
2026-09-02 23:16:15,353 - INFO - Product URL resolved: https://books.toscrape.com/catalogue/take-me-with-you_741/index.html
2026-09-02 23:16:15,353 - INFO - Successfully extracted 20 products.
2026-09-02 23:16:15,353 - INFO - Products found on page 13: 20
2026-09-02 23:16:15,353 - INFO - Matching products collected so far: 1
2026-09-02 23:16:15,353 - INFO - Scraping page 14: https://books.toscrape.com/catalogue/page-14.html
2026-09-02 23:16:15,353 - INFO - Checking robots.txt: https://books.toscrape.com/robots.txt
2026-09-02 23:16:16,079 - INFO - robots.txt allows access: https://books.toscrape.com/catalogue/page-14.html
2026-09-02 23:16:17,803 - INFO - Request successful: 200 - https://books.toscrape.com/catalogue/page-14.html
2026-09-02 23:16:17,818 - INFO - HTML parsed successfully.
2026-09-02 23:16:17,818 - INFO - Product elements found: 20
2026-09-02 23:16:17,818 - INFO - Product URL resolved: https://books.toscrape.com/catalogue/swell-a-year-of-waves_740/index.html
2026-09-02 23:16:17,818 - INFO - Product URL resolved: https://books.toscrape.com/catalogue/superman-vol-1-before-truth-superman-by-gene-luen-yang-1_739/index.html
2026-09-02 23:16:17,818 - INFO - Product URL resolved: https://books.toscrape.com/catalogue/still-life-with-bread-crumbs_738/index.html
2026-09-02 23:16:17,818 - INFO - Product URL resolved: https://books.toscrape.com/catalogue/steve-jobs_737/index.html
2026-09-02 23:16:17,818 - INFO - Product URL resolved: https://books.toscrape.com/catalogue/sorting-the-beef-from-the-bull-the-science-of-food-fraud-forensics_736/index.html
2026-09-02 23:16:17,818 - INFO - Product URL resolved: https://books.toscrape.com/catalogue/someone-like-you-the-harrisons-2_735/index.html
2026-09-02 23:16:17,818 - INFO - Product URL resolved: https://books.toscrape.com/catalogue/so-cute-it-hurts-vol-6-so-cute-it-hurts-6_734/index.html
2026-09-02 23:16:17,818 - INFO - Product URL resolved: https://books.toscrape.com/catalogue/shtum_733/index.html
2026-09-02 23:16:17,818 - INFO - Product URL resolved: https://books.toscrape.com/catalogue/see-america-a-celebration-of-our-national-parks-treasured-sites_732/index.html
2026-09-02 23:16:17,818 - INFO - Product URL resolved: https://books.toscrape.com/catalogue/salt_731/index.html
2026-09-02 23:16:17,818 - INFO - Product URL resolved: https://books.toscrape.com/catalogue/robin-war_730/index.html
2026-09-02 23:16:17,818 - INFO - Product URL resolved: https://books.toscrape.com/catalogue/red-hoodarsenal-vol-1-open-for-business-red-hoodarsenal-1_729/index.html
2026-09-02 23:16:17,818 - INFO - Product URL resolved: https://books.toscrape.com/catalogue/rain-fish_728/index.html
2026-09-02 23:16:17,834 - INFO - Product URL resolved: https://books.toscrape.com/catalogue/quarter-life-poetry-poems-for-the-young-broke-and-hangry_727/index.html
2026-09-02 23:16:17,834 - INFO - Product URL resolved: https://books.toscrape.com/catalogue/pet-sematary_726/index.html
2026-09-02 23:16:17,834 - INFO - Product URL resolved: https://books.toscrape.com/catalogue/overload-how-to-unplug-unwind-and-unleash-yourself-from-the-pressure-of-stress_725/index.html
2026-09-02 23:16:17,834 - INFO - Product URL resolved: https://books.toscrape.com/catalogue/once-was-a-time_724/index.html
2026-09-02 23:16:17,834 - INFO - Product URL resolved: https://books.toscrape.com/catalogue/old-school-diary-of-a-wimpy-kid-10_723/index.html
2026-09-02 23:16:17,834 - INFO - Product URL resolved: https://books.toscrape.com/catalogue/no-dream-is-too-high-life-lessons-from-a-man-who-walked-on-the-moon_722/index.html
2026-09-02 23:16:17,834 - INFO - Product URL resolved: https://books.toscrape.com/catalogue/naruto-3-in-1-edition-vol-14-includes-vols-40-41-42-naruto-omnibus-14_721/index.html
2026-09-02 23:16:17,834 - INFO - Successfully extracted 20 products.
2026-09-02 23:16:17,834 - INFO - Products found on page 14: 20
2026-09-02 23:16:17,834 - INFO - Matching products collected so far: 1
2026-09-02 23:16:17,834 - INFO - Scraping page 15: https://books.toscrape.com/catalogue/page-15.html
2026-09-02 23:16:17,834 - INFO - Checking robots.txt: https://books.toscrape.com/robots.txt
2026-09-02 23:16:18,544 - INFO - robots.txt allows access: https://books.toscrape.com/catalogue/page-15.html
2026-09-02 23:16:20,290 - INFO - Request successful: 200 - https://books.toscrape.com/catalogue/page-15.html
2026-09-02 23:16:20,305 - INFO - HTML parsed successfully.
2026-09-02 23:16:20,305 - INFO - Product elements found: 20
2026-09-02 23:16:20,305 - INFO - Product URL resolved: https://books.toscrape.com/catalogue/my-name-is-lucy-barton_720/index.html
2026-09-02 23:16:20,305 - INFO - Product URL resolved: https://books.toscrape.com/catalogue/my-mrs-brown_719/index.html
2026-09-02 23:16:20,305 - INFO - Product URL resolved: https://books.toscrape.com/catalogue/my-kind-of-crazy_718/index.html
2026-09-02 23:16:20,305 - INFO - Product URL resolved: https://books.toscrape.com/catalogue/mr-mercedes-bill-hodges-trilogy-1_717/index.html
2026-09-02 23:16:20,305 - INFO - Product URL resolved: https://books.toscrape.com/catalogue/more-than-music-chasing-the-dream-1_716/index.html
2026-09-02 23:16:20,305 - INFO - Product URL resolved: https://books.toscrape.com/catalogue/made-to-stick-why-some-ideas-survive-and-others-die_715/index.html
2026-09-02 23:16:20,305 - INFO - Product URL resolved: https://books.toscrape.com/catalogue/luis-paints-the-world_714/index.html
2026-09-02 23:16:20,305 - INFO - Product URL resolved: https://books.toscrape.com/catalogue/luckiest-girl-alive_713/index.html
2026-09-02 23:16:20,305 - INFO - Product URL resolved: https://books.toscrape.com/catalogue/lowriders-to-the-center-of-the-earth-lowriders-in-space-2_712/index.html
2026-09-02 23:16:20,305 - INFO - Product URL resolved: https://books.toscrape.com/catalogue/love-is-a-mix-tape-music-1_711/index.html
2026-09-02 23:16:20,305 - INFO - Product URL resolved: https://books.toscrape.com/catalogue/looking-for-lovely-collecting-the-moments-that-matter_710/index.html
2026-09-02 23:16:20,305 - INFO - Product URL resolved: https://books.toscrape.com/catalogue/living-leadership-by-insight-a-good-leader-achieves-a-great-leader-builds-monuments_709/index.html
2026-09-02 23:16:20,305 - INFO - Product URL resolved: https://books.toscrape.com/catalogue/let-it-out-a-journey-through-journaling_708/index.html
2026-09-02 23:16:20,305 - INFO - Product URL resolved: https://books.toscrape.com/catalogue/lady-midnight-the-dark-artifices-1_707/index.html
2026-09-02 23:16:20,305 - INFO - Product URL resolved: https://books.toscrape.com/catalogue/its-all-easy-healthy-delicious-weeknight-meals-in-under-30-minutes_706/index.html
2026-09-02 23:16:20,305 - INFO - Product URL resolved: https://books.toscrape.com/catalogue/island-of-dragons-unwanteds-7_705/index.html
2026-09-02 23:16:20,305 - INFO - Product URL resolved: https://books.toscrape.com/catalogue/i-know-what-im-doing-and-other-lies-i-tell-myself-dispatches-from-a-life-under-construction_704/index.html
2026-09-02 23:16:20,305 - INFO - Product URL resolved: https://books.toscrape.com/catalogue/i-am-pilgrim-pilgrim-1_703/index.html
2026-09-02 23:16:20,305 - INFO - Product URL resolved: https://books.toscrape.com/catalogue/hyperbole-and-a-half-unfortunate-situations-flawed-coping-mechanisms-mayhem-and-other-things-that-happened_702/index.html
2026-09-02 23:16:20,305 - INFO - Product URL resolved: https://books.toscrape.com/catalogue/hush-hush-hush-hush-1_701/index.html
2026-09-02 23:16:20,305 - INFO - Successfully extracted 20 products.
2026-09-02 23:16:20,305 - INFO - Products found on page 15: 20
2026-09-02 23:16:20,305 - INFO - Matching products collected so far: 1
2026-09-02 23:16:20,305 - INFO - Scraping page 16: https://books.toscrape.com/catalogue/page-16.html
2026-09-02 23:16:20,305 - INFO - Checking robots.txt: https://books.toscrape.com/robots.txt
2026-09-02 23:16:21,031 - INFO - robots.txt allows access: https://books.toscrape.com/catalogue/page-16.html
2026-09-02 23:16:22,762 - INFO - Request successful: 200 - https://books.toscrape.com/catalogue/page-16.html
2026-09-02 23:16:22,773 - INFO - HTML parsed successfully.
2026-09-02 23:16:22,773 - INFO - Product elements found: 20
2026-09-02 23:16:22,773 - INFO - Product URL resolved: https://books.toscrape.com/catalogue/hold-your-breath-search-and-rescue-1_700/index.html
2026-09-02 23:16:22,773 - INFO - Product URL resolved: https://books.toscrape.com/catalogue/hamilton-the-revolution_699/index.html
2026-09-02 23:16:22,773 - INFO - Product URL resolved: https://books.toscrape.com/catalogue/greek-mythic-history_698/index.html
2026-09-02 23:16:22,773 - INFO - Product URL resolved: https://books.toscrape.com/catalogue/god-the-most-unpleasant-character-in-all-fiction_697/index.html
2026-09-02 23:16:22,773 - INFO - Product URL resolved: https://books.toscrape.com/catalogue/glory-over-everything-beyond-the-kitchen-house_696/index.html
2026-09-02 23:16:22,773 - INFO - Product URL resolved: https://books.toscrape.com/catalogue/feathers-displays-of-brilliant-plumage_695/index.html
2026-09-02 23:16:22,773 - INFO - Product URL resolved: https://books.toscrape.com/catalogue/far-away-places-on-the-brink-of-change-seven-continents-twenty-five-years_694/index.html
2026-09-02 23:16:22,773 - INFO - Product URL resolved: https://books.toscrape.com/catalogue/every-last-word_693/index.html
2026-09-02 23:16:22,773 - INFO - Product URL resolved: https://books.toscrape.com/catalogue/eligible-the-austen-project-4_692/index.html
2026-09-02 23:16:22,773 - INFO - Product URL resolved: https://books.toscrape.com/catalogue/el-deafo_691/index.html
2026-09-02 23:16:22,773 - INFO - Product URL resolved: https://books.toscrape.com/catalogue/eight-hundred-grapes_690/index.html
2026-09-02 23:16:22,773 - INFO - Product URL resolved: https://books.toscrape.com/catalogue/eaternity-more-than-150-deliciously-easy-vegan-recipes-for-a-long-healthy-satisfied-joyful-life_689/index.html
2026-09-02 23:16:22,773 - INFO - Product URL resolved: https://books.toscrape.com/catalogue/eat-fat-get-thin_688/index.html
2026-09-02 23:16:22,773 - INFO - Product URL resolved: https://books.toscrape.com/catalogue/dont-get-caught_687/index.html
2026-09-02 23:16:22,773 - INFO - Product URL resolved: https://books.toscrape.com/catalogue/doctor-sleep-the-shining-2_686/index.html
2026-09-02 23:16:22,773 - INFO - Product URL resolved: https://books.toscrape.com/catalogue/demigods-magicians-percy-and-annabeth-meet-the-kanes-percy-jackson-kane-chronicles-crossover-1-3_685/index.html
2026-09-02 23:16:22,773 - INFO - Product URL resolved: https://books.toscrape.com/catalogue/dear-mr-knightley_684/index.html
2026-09-02 23:16:22,773 - INFO - Product URL resolved: https://books.toscrape.com/catalogue/daily-fantasy-sports_683/index.html
2026-09-02 23:16:22,773 - INFO - Product URL resolved: https://books.toscrape.com/catalogue/crazy-love-overwhelmed-by-a-relentless-god_682/index.html
2026-09-02 23:16:22,773 - INFO - Product URL resolved: https://books.toscrape.com/catalogue/cometh-the-hour-the-clifton-chronicles-6_681/index.html
2026-09-02 23:16:22,773 - INFO - Successfully extracted 20 products.
2026-09-02 23:16:22,773 - INFO - Products found on page 16: 20
2026-09-02 23:16:22,773 - INFO - Matching products collected so far: 1
2026-09-02 23:16:22,788 - INFO - Scraping page 17: https://books.toscrape.com/catalogue/page-17.html
2026-09-02 23:16:22,788 - INFO - Checking robots.txt: https://books.toscrape.com/robots.txt
2026-09-02 23:16:23,516 - INFO - robots.txt allows access: https://books.toscrape.com/catalogue/page-17.html
2026-09-02 23:16:25,238 - INFO - Request successful: 200 - https://books.toscrape.com/catalogue/page-17.html
2026-09-02 23:16:25,254 - INFO - HTML parsed successfully.
2026-09-02 23:16:25,254 - INFO - Product elements found: 20
2026-09-02 23:16:25,254 - INFO - Product URL resolved: https://books.toscrape.com/catalogue/code-name-verity-code-name-verity-1_680/index.html
2026-09-02 23:16:25,254 - INFO - Product URL resolved: https://books.toscrape.com/catalogue/clockwork-angel-the-infernal-devices-1_679/index.html
2026-09-02 23:16:25,254 - INFO - Product URL resolved: https://books.toscrape.com/catalogue/city-of-glass-the-mortal-instruments-3_678/index.html
2026-09-02 23:16:25,254 - INFO - Product URL resolved: https://books.toscrape.com/catalogue/city-of-fallen-angels-the-mortal-instruments-4_677/index.html
2026-09-02 23:16:25,254 - INFO - Product URL resolved: https://books.toscrape.com/catalogue/city-of-bones-the-mortal-instruments-1_676/index.html
2026-09-02 23:16:25,254 - INFO - Product URL resolved: https://books.toscrape.com/catalogue/city-of-ashes-the-mortal-instruments-2_675/index.html
2026-09-02 23:16:25,254 - INFO - Product URL resolved: https://books.toscrape.com/catalogue/cell_674/index.html
2026-09-02 23:16:25,254 - INFO - Product URL resolved: https://books.toscrape.com/catalogue/catching-jordan-hundred-oaks_673/index.html
2026-09-02 23:16:25,254 - INFO - Product URL resolved: https://books.toscrape.com/catalogue/carry-on-warrior-thoughts-on-life-unarmed_672/index.html
2026-09-02 23:16:25,254 - INFO - Product URL resolved: https://books.toscrape.com/catalogue/carrie_671/index.html
2026-09-02 23:16:25,254 - INFO - Product URL resolved: https://books.toscrape.com/catalogue/buying-in-the-secret-dialogue-between-what-we-buy-and-who-we-are_670/index.html
2026-09-02 23:16:25,254 - INFO - Product URL resolved: https://books.toscrape.com/catalogue/brain-on-fire-my-month-of-madness_669/index.html
2026-09-02 23:16:25,254 - INFO - Product URL resolved: https://books.toscrape.com/catalogue/batman-europa_668/index.html
2026-09-02 23:16:25,254 - INFO - Product URL resolved: https://books.toscrape.com/catalogue/barefoot-contessa-back-to-basics_667/index.html
2026-09-02 23:16:25,254 - INFO - Product URL resolved: https://books.toscrape.com/catalogue/barefoot-contessa-at-home-everyday-recipes-youll-make-over-and-over-again_666/index.html
2026-09-02 23:16:25,254 - INFO - Product URL resolved: https://books.toscrape.com/catalogue/balloon-animals_665/index.html
2026-09-02 23:16:25,254 - INFO - Product URL resolved: https://books.toscrape.com/catalogue/art-ops-vol-1_664/index.html
2026-09-02 23:16:25,254 - INFO - Product URL resolved: https://books.toscrape.com/catalogue/aristotle-and-dante-discover-the-secrets-of-the-universe-aristotle-and-dante-discover-the-secrets-of-the-universe-1_663/index.html
2026-09-02 23:16:25,254 - INFO - Product URL resolved: https://books.toscrape.com/catalogue/angels-walking-angels-walking-1_662/index.html
2026-09-02 23:16:25,254 - INFO - Product URL resolved: https://books.toscrape.com/catalogue/angels-demons-robert-langdon-1_661/index.html
2026-09-02 23:16:25,254 - INFO - Successfully extracted 20 products.
2026-09-02 23:16:25,254 - INFO - Products found on page 17: 20
2026-09-02 23:16:25,254 - INFO - Matching products collected so far: 1
2026-09-02 23:16:25,254 - INFO - Scraping page 18: https://books.toscrape.com/catalogue/page-18.html
2026-09-02 23:16:25,254 - INFO - Checking robots.txt: https://books.toscrape.com/robots.txt
2026-09-02 23:16:25,988 - INFO - robots.txt allows access: https://books.toscrape.com/catalogue/page-18.html
2026-09-02 23:16:27,705 - INFO - Request successful: 200 - https://books.toscrape.com/catalogue/page-18.html
2026-09-02 23:16:27,720 - INFO - HTML parsed successfully.
2026-09-02 23:16:27,720 - INFO - Product elements found: 20
2026-09-02 23:16:27,720 - INFO - Product URL resolved: https://books.toscrape.com/catalogue/all-the-light-we-cannot-see_660/index.html
2026-09-02 23:16:27,720 - INFO - Product URL resolved: https://books.toscrape.com/catalogue/adulthood-is-a-myth-a-sarahs-scribbles-collection_659/index.html
2026-09-02 23:16:27,720 - INFO - Product URL resolved: https://books.toscrape.com/catalogue/abstract-city_658/index.html
2026-09-02 23:16:27,720 - INFO - Product URL resolved: https://books.toscrape.com/catalogue/a-time-of-torment-charlie-parker-14_657/index.html
2026-09-02 23:16:27,720 - INFO - Product URL resolved: https://books.toscrape.com/catalogue/a-study-in-scarlet-sherlock-holmes-1_656/index.html
2026-09-02 23:16:27,720 - INFO - Product URL resolved: https://books.toscrape.com/catalogue/a-series-of-catastrophes-and-miracles-a-true-story-of-love-science-and-cancer_655/index.html
2026-09-02 23:16:27,720 - INFO - Product URL resolved: https://books.toscrape.com/catalogue/a-peoples-history-of-the-united-states_654/index.html
2026-09-02 23:16:27,720 - INFO - Product URL resolved: https://books.toscrape.com/catalogue/a-man-called-ove_653/index.html
2026-09-02 23:16:27,720 - INFO - Product URL resolved: https://books.toscrape.com/catalogue/a-distant-mirror-the-calamitous-14th-century_652/index.html
2026-09-02 23:16:27,720 - INFO - Product URL resolved: https://books.toscrape.com/catalogue/a-brush-of-wings-angels-walking-3_651/index.html
2026-09-02 23:16:27,720 - INFO - Product URL resolved: https://books.toscrape.com/catalogue/1491-new-revelations-of-the-americas-before-columbus_650/index.html
2026-09-02 23:16:27,720 - INFO - Product URL resolved: https://books.toscrape.com/catalogue/the-three-searches-meaning-and-the-story_649/index.html
2026-09-02 23:16:27,720 - INFO - Product URL resolved: https://books.toscrape.com/catalogue/searching-for-meaning-in-gailana_648/index.html
2026-09-02 23:16:27,720 - INFO - Product URL resolved: https://books.toscrape.com/catalogue/rook_647/index.html
2026-09-02 23:16:27,720 - INFO - Product URL resolved: https://books.toscrape.com/catalogue/my-kitchen-year-136-recipes-that-saved-my-life_646/index.html
2026-09-02 23:16:27,720 - INFO - Product URL resolved: https://books.toscrape.com/catalogue/13-hours-the-inside-account-of-what-really-happened-in-benghazi_645/index.html
2026-09-02 23:16:27,720 - INFO - Product URL resolved: https://books.toscrape.com/catalogue/will-you-wont-you-want-me_644/index.html
2026-09-02 23:16:27,720 - INFO - Product URL resolved: https://books.toscrape.com/catalogue/tipping-point-for-planet-earth-how-close-are-we-to-the-edge_643/index.html
2026-09-02 23:16:27,720 - INFO - Product URL resolved: https://books.toscrape.com/catalogue/the-star-touched-queen_642/index.html
2026-09-02 23:16:27,720 - INFO - Product URL resolved: https://books.toscrape.com/catalogue/the-silent-sister-riley-macpherson-1_641/index.html
2026-09-02 23:16:27,720 - INFO - Successfully extracted 20 products.
2026-09-02 23:16:27,720 - INFO - Products found on page 18: 20
2026-09-02 23:16:27,720 - INFO - Product matched query: All the Light We Cannot See
2026-09-02 23:16:27,720 - INFO - Matching products collected so far: 2
2026-09-02 23:16:27,720 - INFO - Search filtering completed. Matching products: 2
2026-09-02 23:16:27,720 - INFO - Fetching product details: https://books.toscrape.com/catalogue/a-light-in-the-attic_1000/index.html
2026-09-02 23:16:27,720 - INFO - Checking robots.txt: https://books.toscrape.com/robots.txt
2026-09-02 23:16:28,471 - INFO - robots.txt allows access: https://books.toscrape.com/catalogue/a-light-in-the-attic_1000/index.html
2026-09-02 23:16:29,731 - INFO - Request successful: 200 - https://books.toscrape.com/catalogue/a-light-in-the-attic_1000/index.html
2026-09-02 23:16:29,731 - INFO - HTML parsed successfully.
2026-09-02 23:16:29,731 - INFO - Duplicated description prefix removed.
2026-09-02 23:16:29,731 - INFO - Product details extracted successfully.
2026-09-02 23:16:29,731 - INFO - Fetching product details: https://books.toscrape.com/catalogue/all-the-light-we-cannot-see_660/index.html
2026-09-02 23:16:29,731 - INFO - Checking robots.txt: https://books.toscrape.com/robots.txt
2026-09-02 23:16:30,465 - INFO - robots.txt allows access: https://books.toscrape.com/catalogue/all-the-light-we-cannot-see_660/index.html
2026-09-02 23:16:31,945 - INFO - Request successful: 200 - https://books.toscrape.com/catalogue/all-the-light-we-cannot-see_660/index.html
2026-09-02 23:16:31,953 - INFO - HTML parsed successfully.
2026-09-02 23:16:31,953 - INFO - Duplicated description prefix removed.
2026-09-02 23:16:31,953 - INFO - Product details extracted successfully.
2026-09-02 23:16:31,953 - INFO - Search completed. Products collected: 2
2026-09-02 23:16:31,953 - INFO - books: 2 products found.
2026-09-02 23:16:31,953 - INFO - Multi-website search completed. Total products: 2
2026-09-02 23:19:28,664 - INFO - Amazon scraper initialized.
2026-09-02 23:19:28,665 - INFO - Alibaba scraper initialized.
2026-09-02 23:19:28,665 - INFO - Flipkart scraper initialized.
2026-09-02 23:19:28,665 - INFO - Starting multi-website search...
2026-09-02 23:19:28,665 - INFO - Multi-website search started: 'light'
2026-09-02 23:19:28,665 - INFO - Websites selected: ['books']
2026-09-02 23:19:28,665 - INFO - Searching books...
2026-09-02 23:19:28,665 - INFO - Searching for products with query: 'light'
2026-09-02 23:19:28,665 - INFO - Scraping page 1: https://books.toscrape.com/
2026-09-02 23:19:28,665 - INFO - Checking robots.txt: https://books.toscrape.com/robots.txt
2026-09-02 23:19:29,410 - INFO - robots.txt allows access: https://books.toscrape.com/
2026-09-02 23:19:31,769 - INFO - Request successful: 200 - https://books.toscrape.com/
2026-09-02 23:19:31,786 - INFO - HTML parsed successfully.
2026-09-02 23:19:31,786 - INFO - Product elements found: 20
2026-09-02 23:19:31,786 - INFO - Product URL resolved: https://books.toscrape.com/catalogue/a-light-in-the-attic_1000/index.html
2026-09-02 23:19:31,786 - INFO - Product URL resolved: https://books.toscrape.com/catalogue/tipping-the-velvet_999/index.html
2026-09-02 23:19:31,786 - INFO - Product URL resolved: https://books.toscrape.com/catalogue/soumission_998/index.html
2026-09-02 23:19:31,786 - INFO - Product URL resolved: https://books.toscrape.com/catalogue/sharp-objects_997/index.html
2026-09-02 23:19:31,786 - INFO - Product URL resolved: https://books.toscrape.com/catalogue/sapiens-a-brief-history-of-humankind_996/index.html
2026-09-02 23:19:31,786 - INFO - Product URL resolved: https://books.toscrape.com/catalogue/the-requiem-red_995/index.html
2026-09-02 23:19:31,786 - INFO - Product URL resolved: https://books.toscrape.com/catalogue/the-dirty-little-secrets-of-getting-your-dream-job_994/index.html
2026-09-02 23:19:31,786 - INFO - Product URL resolved: https://books.toscrape.com/catalogue/the-coming-woman-a-novel-based-on-the-life-of-the-infamous-feminist-victoria-woodhull_993/index.html
2026-09-02 23:19:31,786 - INFO - Product URL resolved: https://books.toscrape.com/catalogue/the-boys-in-the-boat-nine-americans-and-their-epic-quest-for-gold-at-the-1936-berlin-olympics_992/index.html
2026-09-02 23:19:31,786 - INFO - Product URL resolved: https://books.toscrape.com/catalogue/the-black-maria_991/index.html
2026-09-02 23:19:31,786 - INFO - Product URL resolved: https://books.toscrape.com/catalogue/starving-hearts-triangular-trade-trilogy-1_990/index.html
2026-09-02 23:19:31,786 - INFO - Product URL resolved: https://books.toscrape.com/catalogue/shakespeares-sonnets_989/index.html
2026-09-02 23:19:31,786 - INFO - Product URL resolved: https://books.toscrape.com/catalogue/set-me-free_988/index.html
2026-09-02 23:19:31,786 - INFO - Product URL resolved: https://books.toscrape.com/catalogue/scott-pilgrims-precious-little-life-scott-pilgrim-1_987/index.html
2026-09-02 23:19:31,786 - INFO - Product URL resolved: https://books.toscrape.com/catalogue/rip-it-up-and-start-again_986/index.html
2026-09-02 23:19:31,786 - INFO - Product URL resolved: https://books.toscrape.com/catalogue/our-band-could-be-your-life-scenes-from-the-american-indie-underground-1981-1991_985/index.html
2026-09-02 23:19:31,801 - INFO - Product URL resolved: https://books.toscrape.com/catalogue/olio_984/index.html
2026-09-02 23:19:31,801 - INFO - Product URL resolved: https://books.toscrape.com/catalogue/mesaerion-the-best-science-fiction-stories-1800-1849_983/index.html
2026-09-02 23:19:31,801 - INFO - Product URL resolved: https://books.toscrape.com/catalogue/libertarianism-for-beginners_982/index.html
2026-09-02 23:19:31,801 - INFO - Product URL resolved: https://books.toscrape.com/catalogue/its-only-the-himalayas_981/index.html
2026-09-02 23:19:31,801 - INFO - Successfully extracted 20 products.
2026-09-02 23:19:31,801 - INFO - Products found on page 1: 20
2026-09-02 23:19:31,801 - INFO - Product matched query: A Light in the Attic
2026-09-02 23:19:31,801 - INFO - Matching products collected so far: 1
2026-09-02 23:19:31,801 - INFO - Scraping page 2: https://books.toscrape.com/catalogue/page-2.html
2026-09-02 23:19:31,801 - INFO - Checking robots.txt: https://books.toscrape.com/robots.txt
2026-09-02 23:19:32,542 - INFO - robots.txt allows access: https://books.toscrape.com/catalogue/page-2.html
2026-09-02 23:19:34,255 - INFO - Request successful: 200 - https://books.toscrape.com/catalogue/page-2.html
2026-09-02 23:19:34,273 - INFO - HTML parsed successfully.
2026-09-02 23:19:34,273 - INFO - Product elements found: 20
2026-09-02 23:19:34,273 - INFO - Product URL resolved: https://books.toscrape.com/catalogue/in-her-wake_980/index.html
2026-09-02 23:19:34,273 - INFO - Product URL resolved: https://books.toscrape.com/catalogue/how-music-works_979/index.html
2026-09-02 23:19:34,273 - INFO - Product URL resolved: https://books.toscrape.com/catalogue/foolproof-preserving-a-guide-to-small-batch-jams-jellies-pickles-condiments-and-more-a-foolproof-guide-to-making-small-batch-jams-jellies-pickles-condiments-and-more_978/index.html
2026-09-02 23:19:34,273 - INFO - Product URL resolved: https://books.toscrape.com/catalogue/chase-me-paris-nights-2_977/index.html
2026-09-02 23:19:34,273 - INFO - Product URL resolved: https://books.toscrape.com/catalogue/black-dust_976/index.html
2026-09-02 23:19:34,273 - INFO - Product URL resolved: https://books.toscrape.com/catalogue/birdsong-a-story-in-pictures_975/index.html
2026-09-02 23:19:34,273 - INFO - Product URL resolved: https://books.toscrape.com/catalogue/americas-cradle-of-quarterbacks-western-pennsylvanias-football-factory-from-johnny-unitas-to-joe-montana_974/index.html
2026-09-02 23:19:34,273 - INFO - Product URL resolved: https://books.toscrape.com/catalogue/aladdin-and-his-wonderful-lamp_973/index.html
2026-09-02 23:19:34,273 - INFO - Product URL resolved: https://books.toscrape.com/catalogue/worlds-elsewhere-journeys-around-shakespeares-globe_972/index.html
2026-09-02 23:19:34,273 - INFO - Product URL resolved: https://books.toscrape.com/catalogue/wall-and-piece_971/index.html
2026-09-02 23:19:34,273 - INFO - Product URL resolved: https://books.toscrape.com/catalogue/the-four-agreements-a-practical-guide-to-personal-freedom_970/index.html
2026-09-02 23:19:34,273 - INFO - Product URL resolved: https://books.toscrape.com/catalogue/the-five-love-languages-how-to-express-heartfelt-commitment-to-your-mate_969/index.html
2026-09-02 23:19:34,273 - INFO - Product URL resolved: https://books.toscrape.com/catalogue/the-elephant-tree_968/index.html
2026-09-02 23:19:34,273 - INFO - Product URL resolved: https://books.toscrape.com/catalogue/the-bear-and-the-piano_967/index.html
2026-09-02 23:19:34,273 - INFO - Product URL resolved: https://books.toscrape.com/catalogue/sophies-world_966/index.html
2026-09-02 23:19:34,273 - INFO - Product URL resolved: https://books.toscrape.com/catalogue/penny-maybe_965/index.html
2026-09-02 23:19:34,273 - INFO - Product URL resolved: https://books.toscrape.com/catalogue/maude-1883-1993she-grew-up-with-the-country_964/index.html
2026-09-02 23:19:34,273 - INFO - Product URL resolved: https://books.toscrape.com/catalogue/in-a-dark-dark-wood_963/index.html
2026-09-02 23:19:34,273 - INFO - Product URL resolved: https://books.toscrape.com/catalogue/behind-closed-doors_962/index.html
2026-09-02 23:19:34,273 - INFO - Product URL resolved: https://books.toscrape.com/catalogue/you-cant-bury-them-all-poems_961/index.html
2026-09-02 23:19:34,273 - INFO - Successfully extracted 20 products.
2026-09-02 23:19:34,273 - INFO - Products found on page 2: 20
2026-09-02 23:19:34,273 - INFO - Matching products collected so far: 1
2026-09-02 23:19:34,273 - INFO - Scraping page 3: https://books.toscrape.com/catalogue/page-3.html
2026-09-02 23:19:34,273 - INFO - Checking robots.txt: https://books.toscrape.com/robots.txt
2026-09-02 23:19:35,004 - INFO - robots.txt allows access: https://books.toscrape.com/catalogue/page-3.html
2026-09-02 23:19:36,738 - INFO - Request successful: 200 - https://books.toscrape.com/catalogue/page-3.html
2026-09-02 23:19:36,782 - INFO - HTML parsed successfully.
2026-09-02 23:19:36,783 - INFO - Product elements found: 20
2026-09-02 23:19:36,783 - INFO - Product URL resolved: https://books.toscrape.com/catalogue/slow-states-of-collapse-poems_960/index.html
2026-09-02 23:19:36,783 - INFO - Product URL resolved: https://books.toscrape.com/catalogue/reasons-to-stay-alive_959/index.html
2026-09-02 23:19:36,784 - INFO - Product URL resolved: https://books.toscrape.com/catalogue/private-paris-private-10_958/index.html
2026-09-02 23:19:36,784 - INFO - Product URL resolved: https://books.toscrape.com/catalogue/higherselfie-wake-up-your-life-free-your-soul-find-your-tribe_957/index.html
2026-09-02 23:19:36,784 - INFO - Product URL resolved: https://books.toscrape.com/catalogue/without-borders-wanderlove-1_956/index.html
2026-09-02 23:19:36,784 - INFO - Product URL resolved: https://books.toscrape.com/catalogue/when-we-collided_955/index.html
2026-09-02 23:19:36,785 - INFO - Product URL resolved: https://books.toscrape.com/catalogue/we-love-you-charlie-freeman_954/index.html
2026-09-02 23:19:36,785 - INFO - Product URL resolved: https://books.toscrape.com/catalogue/untitled-collection-sabbath-poems-2014_953/index.html
2026-09-02 23:19:36,785 - INFO - Product URL resolved: https://books.toscrape.com/catalogue/unseen-city-the-majesty-of-pigeons-the-discreet-charm-of-snails-other-wonders-of-the-urban-wilderness_952/index.html
2026-09-02 23:19:36,786 - INFO - Product URL resolved: https://books.toscrape.com/catalogue/unicorn-tracks_951/index.html
2026-09-02 23:19:36,786 - INFO - Product URL resolved: https://books.toscrape.com/catalogue/unbound-how-eight-technologies-made-us-human-transformed-society-and-brought-our-world-to-the-brink_950/index.html
2026-09-02 23:19:36,786 - INFO - Product URL resolved: https://books.toscrape.com/catalogue/tsubasa-world-chronicle-2-tsubasa-world-chronicle-2_949/index.html
2026-09-02 23:19:36,787 - INFO - Product URL resolved: https://books.toscrape.com/catalogue/throwing-rocks-at-the-google-bus-how-growth-became-the-enemy-of-prosperity_948/index.html
2026-09-02 23:19:36,787 - INFO - Product URL resolved: https://books.toscrape.com/catalogue/this-one-summer_947/index.html
2026-09-02 23:19:36,788 - INFO - Product URL resolved: https://books.toscrape.com/catalogue/thirst_946/index.html
2026-09-02 23:19:36,788 - INFO - Product URL resolved: https://books.toscrape.com/catalogue/the-torch-is-passed-a-harding-family-story_945/index.html
2026-09-02 23:19:36,788 - INFO - Product URL resolved: https://books.toscrape.com/catalogue/the-secret-of-dreadwillow-carse_944/index.html
2026-09-02 23:19:36,788 - INFO - Product URL resolved: https://books.toscrape.com/catalogue/the-pioneer-woman-cooks-dinnertime-comfort-classics-freezer-food-16-minute-meals-and-other-delicious-ways-to-solve-supper_943/index.html
2026-09-02 23:19:36,789 - INFO - Product URL resolved: https://books.toscrape.com/catalogue/the-past-never-ends_942/index.html
2026-09-02 23:19:36,789 - INFO - Product URL resolved: https://books.toscrape.com/catalogue/the-natural-history-of-us-the-fine-art-of-pretending-2_941/index.html
2026-09-02 23:19:36,789 - INFO - Successfully extracted 20 products.
2026-09-02 23:19:36,789 - INFO - Products found on page 3: 20
2026-09-02 23:19:36,789 - INFO - Matching products collected so far: 1
2026-09-02 23:19:36,792 - INFO - Scraping page 4: https://books.toscrape.com/catalogue/page-4.html
2026-09-02 23:19:36,792 - INFO - Checking robots.txt: https://books.toscrape.com/robots.txt
2026-09-02 23:19:37,517 - INFO - robots.txt allows access: https://books.toscrape.com/catalogue/page-4.html
2026-09-02 23:19:39,236 - INFO - Request successful: 200 - https://books.toscrape.com/catalogue/page-4.html
2026-09-02 23:19:39,252 - INFO - HTML parsed successfully.
2026-09-02 23:19:39,255 - INFO - Product elements found: 20
2026-09-02 23:19:39,255 - INFO - Product URL resolved: https://books.toscrape.com/catalogue/the-nameless-city-the-nameless-city-1_940/index.html
2026-09-02 23:19:39,255 - INFO - Product URL resolved: https://books.toscrape.com/catalogue/the-murder-that-never-was-forensic-instincts-5_939/index.html
2026-09-02 23:19:39,255 - INFO - Product URL resolved: https://books.toscrape.com/catalogue/the-most-perfect-thing-inside-and-outside-a-birds-egg_938/index.html
2026-09-02 23:19:39,255 - INFO - Product URL resolved: https://books.toscrape.com/catalogue/the-mindfulness-and-acceptance-workbook-for-anxiety-a-guide-to-breaking-free-from-anxiety-phobias-and-worry-using-acceptance-and-commitment-therapy_937/index.html
2026-09-02 23:19:39,255 - INFO - Product URL resolved: https://books.toscrape.com/catalogue/the-life-changing-magic-of-tidying-up-the-japanese-art-of-decluttering-and-organizing_936/index.html
2026-09-02 23:19:39,255 - INFO - Product URL resolved: https://books.toscrape.com/catalogue/the-inefficiency-assassin-time-management-tactics-for-working-smarter-not-longer_935/index.html
2026-09-02 23:19:39,255 - INFO - Product URL resolved: https://books.toscrape.com/catalogue/the-gutsy-girl-escapades-for-your-life-of-epic-adventure_934/index.html
2026-09-02 23:19:39,255 - INFO - Product URL resolved: https://books.toscrape.com/catalogue/the-electric-pencil-drawings-from-inside-state-hospital-no-3_933/index.html
2026-09-02 23:19:39,255 - INFO - Product URL resolved: https://books.toscrape.com/catalogue/the-death-of-humanity-and-the-case-for-life_932/index.html
2026-09-02 23:19:39,255 - INFO - Product URL resolved: https://books.toscrape.com/catalogue/the-bulletproof-diet-lose-up-to-a-pound-a-day-reclaim-energy-and-focus-upgrade-your-life_931/index.html
2026-09-02 23:19:39,255 - INFO - Product URL resolved: https://books.toscrape.com/catalogue/the-art-forger_930/index.html
2026-09-02 23:19:39,255 - INFO - Product URL resolved: https://books.toscrape.com/catalogue/the-age-of-genius-the-seventeenth-century-and-the-birth-of-the-modern-mind_929/index.html
2026-09-02 23:19:39,255 - INFO - Product URL resolved: https://books.toscrape.com/catalogue/the-activists-tao-te-ching-ancient-advice-for-a-modern-revolution_928/index.html
2026-09-02 23:19:39,255 - INFO - Product URL resolved: https://books.toscrape.com/catalogue/spark-joy-an-illustrated-master-class-on-the-art-of-organizing-and-tidying-up_927/index.html
2026-09-02 23:19:39,255 - INFO - Product URL resolved: https://books.toscrape.com/catalogue/soul-reader_926/index.html
2026-09-02 23:19:39,255 - INFO - Product URL resolved: https://books.toscrape.com/catalogue/security_925/index.html
2026-09-02 23:19:39,255 - INFO - Product URL resolved: https://books.toscrape.com/catalogue/saga-volume-6-saga-collected-editions-6_924/index.html
2026-09-02 23:19:39,255 - INFO - Product URL resolved: https://books.toscrape.com/catalogue/saga-volume-5-saga-collected-editions-5_923/index.html
2026-09-02 23:19:39,255 - INFO - Product URL resolved: https://books.toscrape.com/catalogue/reskilling-america-learning-to-labor-in-the-twenty-first-century_922/index.html
2026-09-02 23:19:39,255 - INFO - Product URL resolved: https://books.toscrape.com/catalogue/rat-queens-vol-3-demons-rat-queens-collected-editions-11-15_921/index.html
2026-09-02 23:19:39,255 - INFO - Successfully extracted 20 products.
2026-09-02 23:19:39,255 - INFO - Products found on page 4: 20
2026-09-02 23:19:39,255 - INFO - Matching products collected so far: 1
2026-09-02 23:19:39,255 - INFO - Scraping page 5: https://books.toscrape.com/catalogue/page-5.html
2026-09-02 23:19:39,255 - INFO - Checking robots.txt: https://books.toscrape.com/robots.txt
2026-09-02 23:19:39,995 - INFO - robots.txt allows access: https://books.toscrape.com/catalogue/page-5.html
2026-09-02 23:19:41,704 - INFO - Request successful: 200 - https://books.toscrape.com/catalogue/page-5.html
2026-09-02 23:19:41,723 - INFO - HTML parsed successfully.
2026-09-02 23:19:41,724 - INFO - Product elements found: 20
2026-09-02 23:19:41,724 - INFO - Product URL resolved: https://books.toscrape.com/catalogue/princess-jellyfish-2-in-1-omnibus-vol-01-princess-jellyfish-2-in-1-omnibus-1_920/index.html
2026-09-02 23:19:41,724 - INFO - Product URL resolved: https://books.toscrape.com/catalogue/princess-between-worlds-wide-awake-princess-5_919/index.html
2026-09-02 23:19:41,725 - INFO - Product URL resolved: https://books.toscrape.com/catalogue/pop-gun-war-volume-1-gift_918/index.html
2026-09-02 23:19:41,725 - INFO - Product URL resolved: https://books.toscrape.com/catalogue/political-suicide-missteps-peccadilloes-bad-calls-backroom-hijinx-sordid-pasts-rotten-breaks-and-just-plain-dumb-mistakes-in-the-annals-of-american-politics_917/index.html
2026-09-02 23:19:41,725 - INFO - Product URL resolved: https://books.toscrape.com/catalogue/patience_916/index.html
2026-09-02 23:19:41,726 - INFO - Product URL resolved: https://books.toscrape.com/catalogue/outcast-vol-1-a-darkness-surrounds-him-outcast-1_915/index.html
2026-09-02 23:19:41,726 - INFO - Product URL resolved: https://books.toscrape.com/catalogue/orange-the-complete-collection-1-orange-the-complete-collection-1_914/index.html
2026-09-02 23:19:41,726 - INFO - Product URL resolved: https://books.toscrape.com/catalogue/online-marketing-for-busy-authors-a-step-by-step-guide_913/index.html
2026-09-02 23:19:41,726 - INFO - Product URL resolved: https://books.toscrape.com/catalogue/on-a-midnight-clear_912/index.html
2026-09-02 23:19:41,727 - INFO - Product URL resolved: https://books.toscrape.com/catalogue/obsidian-lux-1_911/index.html
2026-09-02 23:19:41,727 - INFO - Product URL resolved: https://books.toscrape.com/catalogue/my-paris-kitchen-recipes-and-stories_910/index.html
2026-09-02 23:19:41,727 - INFO - Product URL resolved: https://books.toscrape.com/catalogue/masks-and-shadows_909/index.html
2026-09-02 23:19:41,728 - INFO - Product URL resolved: https://books.toscrape.com/catalogue/mama-tried-traditional-italian-cooking-for-the-screwed-crude-vegan-and-tattooed_908/index.html
2026-09-02 23:19:41,728 - INFO - Product URL resolved: https://books.toscrape.com/catalogue/lumberjanes-vol-2-friendship-to-the-max-lumberjanes-5-8_907/index.html
2026-09-02 23:19:41,728 - INFO - Product URL resolved: https://books.toscrape.com/catalogue/lumberjanes-vol-1-beware-the-kitten-holy-lumberjanes-1-4_906/index.html
2026-09-02 23:19:41,728 - INFO - Product URL resolved: https://books.toscrape.com/catalogue/lumberjanes-vol-3-a-terrible-plan-lumberjanes-9-12_905/index.html
2026-09-02 23:19:41,728 - INFO - Product URL resolved: https://books.toscrape.com/catalogue/layered-baking-building-and-styling-spectacular-cakes_904/index.html
2026-09-02 23:19:41,728 - INFO - Product URL resolved: https://books.toscrape.com/catalogue/judo-seven-steps-to-black-belt-an-introductory-guide-for-beginners_903/index.html
2026-09-02 23:19:41,728 - INFO - Product URL resolved: https://books.toscrape.com/catalogue/join_902/index.html
2026-09-02 23:19:41,729 - INFO - Product URL resolved: https://books.toscrape.com/catalogue/in-the-country-we-love-my-family-divided_901/index.html
2026-09-02 23:19:41,729 - INFO - Successfully extracted 20 products.
2026-09-02 23:19:41,729 - INFO - Products found on page 5: 20
2026-09-02 23:19:41,729 - INFO - Matching products collected so far: 1
2026-09-02 23:19:41,732 - INFO - Scraping page 6: https://books.toscrape.com/catalogue/page-6.html
2026-09-02 23:19:41,732 - INFO - Checking robots.txt: https://books.toscrape.com/robots.txt
2026-09-02 23:19:42,458 - INFO - robots.txt allows access: https://books.toscrape.com/catalogue/page-6.html
2026-09-02 23:19:44,186 - INFO - Request successful: 200 - https://books.toscrape.com/catalogue/page-6.html
2026-09-02 23:19:44,203 - INFO - HTML parsed successfully.
2026-09-02 23:19:44,203 - INFO - Product elements found: 20
2026-09-02 23:19:44,203 - INFO - Product URL resolved: https://books.toscrape.com/catalogue/immunity-how-elie-metchnikoff-changed-the-course-of-modern-medicine_900/index.html
2026-09-02 23:19:44,203 - INFO - Product URL resolved: https://books.toscrape.com/catalogue/i-hate-fairyland-vol-1-madly-ever-after-i-hate-fairyland-compilations-1-5_899/index.html
2026-09-02 23:19:44,203 - INFO - Product URL resolved: https://books.toscrape.com/catalogue/i-am-a-hero-omnibus-volume-1_898/index.html
2026-09-02 23:19:44,203 - INFO - Product URL resolved: https://books.toscrape.com/catalogue/how-to-be-miserable-40-strategies-you-already-use_897/index.html
2026-09-02 23:19:44,203 - INFO - Product URL resolved: https://books.toscrape.com/catalogue/her-backup-boyfriend-the-sorensen-family-1_896/index.html
2026-09-02 23:19:44,203 - INFO - Product URL resolved: https://books.toscrape.com/catalogue/giant-days-vol-2-giant-days-5-8_895/index.html
2026-09-02 23:19:44,203 - INFO - Product URL resolved: https://books.toscrape.com/catalogue/forever-and-forever-the-courtship-of-henry-longfellow-and-fanny-appleton_894/index.html
2026-09-02 23:19:44,203 - INFO - Product URL resolved: https://books.toscrape.com/catalogue/first-and-first-five-boroughs-3_893/index.html
2026-09-02 23:19:44,203 - INFO - Product URL resolved: https://books.toscrape.com/catalogue/fifty-shades-darker-fifty-shades-2_892/index.html
2026-09-02 23:19:44,203 - INFO - Product URL resolved: https://books.toscrape.com/catalogue/everydata-the-misinformation-hidden-in-the-little-data-you-consume-every-day_891/index.html
2026-09-02 23:19:44,203 - INFO - Product URL resolved: https://books.toscrape.com/catalogue/dont-be-a-jerk-and-other-practical-advice-from-dogen-japans-greatest-zen-master_890/index.html
2026-09-02 23:19:44,203 - INFO - Product URL resolved: https://books.toscrape.com/catalogue/danganronpa-volume-1_889/index.html
2026-09-02 23:19:44,203 - INFO - Product URL resolved: https://books.toscrape.com/catalogue/crown-of-midnight-throne-of-glass-2_888/index.html
2026-09-02 23:19:44,203 - INFO - Product URL resolved: https://books.toscrape.com/catalogue/codename-baboushka-volume-1-the-conclave-of-death_887/index.html
2026-09-02 23:19:44,203 - INFO - Product URL resolved: https://books.toscrape.com/catalogue/camp-midnight_886/index.html
2026-09-02 23:19:44,203 - INFO - Product URL resolved: https://books.toscrape.com/catalogue/call-the-nurse-true-stories-of-a-country-nurse-on-a-scottish-isle_885/index.html
2026-09-02 23:19:44,203 - INFO - Product URL resolved: https://books.toscrape.com/catalogue/burning_884/index.html
2026-09-02 23:19:44,203 - INFO - Product URL resolved: https://books.toscrape.com/catalogue/bossypants_883/index.html
2026-09-02 23:19:44,203 - INFO - Product URL resolved: https://books.toscrape.com/catalogue/bitch-planet-vol-1-extraordinary-machine-bitch-planet-collected-editions_882/index.html
2026-09-02 23:19:44,203 - INFO - Product URL resolved: https://books.toscrape.com/catalogue/avatar-the-last-airbender-smoke-and-shadow-part-3-smoke-and-shadow-3_881/index.html
2026-09-02 23:19:44,203 - INFO - Successfully extracted 20 products.
2026-09-02 23:19:44,203 - INFO - Products found on page 6: 20
2026-09-02 23:19:44,203 - INFO - Matching products collected so far: 1
2026-09-02 23:19:44,203 - INFO - Scraping page 7: https://books.toscrape.com/catalogue/page-7.html
2026-09-02 23:19:44,203 - INFO - Checking robots.txt: https://books.toscrape.com/robots.txt
2026-09-02 23:19:44,934 - INFO - robots.txt allows access: https://books.toscrape.com/catalogue/page-7.html
2026-09-02 23:19:46,651 - INFO - Request successful: 200 - https://books.toscrape.com/catalogue/page-7.html
2026-09-02 23:19:46,667 - INFO - HTML parsed successfully.
2026-09-02 23:19:46,667 - INFO - Product elements found: 20
2026-09-02 23:19:46,667 - INFO - Product URL resolved: https://books.toscrape.com/catalogue/algorithms-to-live-by-the-computer-science-of-human-decisions_880/index.html
2026-09-02 23:19:46,667 - INFO - Product URL resolved: https://books.toscrape.com/catalogue/a-world-of-flavor-your-gluten-free-passport_879/index.html
2026-09-02 23:19:46,667 - INFO - Product URL resolved: https://books.toscrape.com/catalogue/a-piece-of-sky-a-grain-of-rice-a-memoir-in-four-meditations_878/index.html
2026-09-02 23:19:46,667 - INFO - Product URL resolved: https://books.toscrape.com/catalogue/a-murder-in-time_877/index.html
2026-09-02 23:19:46,667 - INFO - Product URL resolved: https://books.toscrape.com/catalogue/a-flight-of-arrows-the-pathfinders-2_876/index.html
2026-09-02 23:19:46,667 - INFO - Product URL resolved: https://books.toscrape.com/catalogue/a-fierce-and-subtle-poison_875/index.html
2026-09-02 23:19:46,667 - INFO - Product URL resolved: https://books.toscrape.com/catalogue/a-court-of-thorns-and-roses-a-court-of-thorns-and-roses-1_874/index.html
2026-09-02 23:19:46,667 - INFO - Product URL resolved: https://books.toscrape.com/catalogue/unqualified-how-god-uses-broken-people-to-do-big-things_873/index.html
2026-09-02 23:19:46,667 - INFO - Product URL resolved: https://books.toscrape.com/catalogue/you-are-what-you-love-the-spiritual-power-of-habit_872/index.html
2026-09-02 23:19:46,683 - INFO - Product URL resolved: https://books.toscrape.com/catalogue/william-shakespeares-star-wars-verily-a-new-hope-william-shakespeares-star-wars-4_871/index.html
2026-09-02 23:19:46,683 - INFO - Product URL resolved: https://books.toscrape.com/catalogue/tuesday-nights-in-1980_870/index.html
2026-09-02 23:19:46,683 - INFO - Product URL resolved: https://books.toscrape.com/catalogue/tracing-numbers-on-a-train_869/index.html
2026-09-02 23:19:46,683 - INFO - Product URL resolved: https://books.toscrape.com/catalogue/throne-of-glass-throne-of-glass-1_868/index.html
2026-09-02 23:19:46,683 - INFO - Product URL resolved: https://books.toscrape.com/catalogue/thomas-jefferson-and-the-tripoli-pirates-the-forgotten-war-that-changed-american-history_867/index.html
2026-09-02 23:19:46,683 - INFO - Product URL resolved: https://books.toscrape.com/catalogue/thirteen-reasons-why_866/index.html
2026-09-02 23:19:46,683 - INFO - Product URL resolved: https://books.toscrape.com/catalogue/the-white-cat-and-the-monk-a-retelling-of-the-poem-pangur-ban_865/index.html
2026-09-02 23:19:46,683 - INFO - Product URL resolved: https://books.toscrape.com/catalogue/the-wedding-dress_864/index.html
2026-09-02 23:19:46,683 - INFO - Product URL resolved: https://books.toscrape.com/catalogue/the-vacationers_863/index.html
2026-09-02 23:19:46,683 - INFO - Product URL resolved: https://books.toscrape.com/catalogue/the-third-wave-an-entrepreneurs-vision-of-the-future_862/index.html
2026-09-02 23:19:46,683 - INFO - Product URL resolved: https://books.toscrape.com/catalogue/the-stranger_861/index.html
2026-09-02 23:19:46,683 - INFO - Successfully extracted 20 products.
2026-09-02 23:19:46,683 - INFO - Products found on page 7: 20
2026-09-02 23:19:46,683 - INFO - Matching products collected so far: 1
2026-09-02 23:19:46,683 - INFO - Scraping page 8: https://books.toscrape.com/catalogue/page-8.html
2026-09-02 23:19:46,683 - INFO - Checking robots.txt: https://books.toscrape.com/robots.txt
2026-09-02 23:19:47,407 - INFO - robots.txt allows access: https://books.toscrape.com/catalogue/page-8.html
2026-09-02 23:19:49,135 - INFO - Request successful: 200 - https://books.toscrape.com/catalogue/page-8.html
2026-09-02 23:19:49,166 - INFO - HTML parsed successfully.
2026-09-02 23:19:49,166 - INFO - Product elements found: 20
2026-09-02 23:19:49,166 - INFO - Product URL resolved: https://books.toscrape.com/catalogue/the-shadow-hero-the-shadow-hero_860/index.html
2026-09-02 23:19:49,166 - INFO - Product URL resolved: https://books.toscrape.com/catalogue/the-secret-the-secret-1_859/index.html
2026-09-02 23:19:49,166 - INFO - Product URL resolved: https://books.toscrape.com/catalogue/the-regional-office-is-under-attack_858/index.html
2026-09-02 23:19:49,166 - INFO - Product URL resolved: https://books.toscrape.com/catalogue/the-psychopath-test-a-journey-through-the-madness-industry_857/index.html
2026-09-02 23:19:49,166 - INFO - Product URL resolved: https://books.toscrape.com/catalogue/the-project_856/index.html
2026-09-02 23:19:49,166 - INFO - Product URL resolved: https://books.toscrape.com/catalogue/the-power-of-now-a-guide-to-spiritual-enlightenment_855/index.html
2026-09-02 23:19:49,166 - INFO - Product URL resolved: https://books.toscrape.com/catalogue/the-omnivores-dilemma-a-natural-history-of-four-meals_854/index.html
2026-09-02 23:19:49,166 - INFO - Product URL resolved: https://books.toscrape.com/catalogue/the-nerdy-nummies-cookbook-sweet-treats-for-the-geek-in-all-of-us_853/index.html
2026-09-02 23:19:49,166 - INFO - Product URL resolved: https://books.toscrape.com/catalogue/the-murder-of-roger-ackroyd-hercule-poirot-4_852/index.html
2026-09-02 23:19:49,166 - INFO - Product URL resolved: https://books.toscrape.com/catalogue/the-mistake-off-campus-2_851/index.html
2026-09-02 23:19:49,166 - INFO - Product URL resolved: https://books.toscrape.com/catalogue/the-matchmakers-playbook-wingmen-inc-1_850/index.html
2026-09-02 23:19:49,166 - INFO - Product URL resolved: https://books.toscrape.com/catalogue/the-love-and-lemons-cookbook-an-apple-to-zucchini-celebration-of-impromptu-cooking_849/index.html
2026-09-02 23:19:49,166 - INFO - Product URL resolved: https://books.toscrape.com/catalogue/the-long-shadow-of-small-ghosts-murder-and-memory-in-an-american-city_848/index.html
2026-09-02 23:19:49,166 - INFO - Product URL resolved: https://books.toscrape.com/catalogue/the-kite-runner_847/index.html
2026-09-02 23:19:49,166 - INFO - Product URL resolved: https://books.toscrape.com/catalogue/the-house-by-the-lake_846/index.html
2026-09-02 23:19:49,166 - INFO - Product URL resolved: https://books.toscrape.com/catalogue/the-glittering-court-the-glittering-court-1_845/index.html
2026-09-02 23:19:49,166 - INFO - Product URL resolved: https://books.toscrape.com/catalogue/the-girl-on-the-train_844/index.html
2026-09-02 23:19:49,166 - INFO - Product URL resolved: https://books.toscrape.com/catalogue/the-genius-of-birds_843/index.html
2026-09-02 23:19:49,166 - INFO - Product URL resolved: https://books.toscrape.com/catalogue/the-emerald-mystery_842/index.html
2026-09-02 23:19:49,166 - INFO - Product URL resolved: https://books.toscrape.com/catalogue/the-cookies-cups-cookbook-125-sweet-savory-recipes-reminding-you-to-always-eat-dessert-first_841/index.html
2026-09-02 23:19:49,166 - INFO - Successfully extracted 20 products.
2026-09-02 23:19:49,166 - INFO - Products found on page 8: 20
2026-09-02 23:19:49,166 - INFO - Matching products collected so far: 1
2026-09-02 23:19:49,166 - INFO - Scraping page 9: https://books.toscrape.com/catalogue/page-9.html
2026-09-02 23:19:49,166 - INFO - Checking robots.txt: https://books.toscrape.com/robots.txt
2026-09-02 23:19:49,890 - INFO - robots.txt allows access: https://books.toscrape.com/catalogue/page-9.html
2026-09-02 23:19:51,588 - INFO - Request successful: 200 - https://books.toscrape.com/catalogue/page-9.html
2026-09-02 23:19:51,620 - INFO - HTML parsed successfully.
2026-09-02 23:19:51,620 - INFO - Product elements found: 20
2026-09-02 23:19:51,620 - INFO - Product URL resolved: https://books.toscrape.com/catalogue/the-bridge-to-consciousness-im-writing-the-bridge-between-science-and-our-old-and-new-beliefs_840/index.html
2026-09-02 23:19:51,620 - INFO - Product URL resolved: https://books.toscrape.com/catalogue/the-artists-way-a-spiritual-path-to-higher-creativity_839/index.html
2026-09-02 23:19:51,620 - INFO - Product URL resolved: https://books.toscrape.com/catalogue/the-art-of-war_838/index.html
2026-09-02 23:19:51,620 - INFO - Product URL resolved: https://books.toscrape.com/catalogue/the-argonauts_837/index.html
2026-09-02 23:19:51,620 - INFO - Product URL resolved: https://books.toscrape.com/catalogue/the-10-entrepreneur-live-your-startup-dream-without-quitting-your-day-job_836/index.html
2026-09-02 23:19:51,620 - INFO - Product URL resolved: https://books.toscrape.com/catalogue/suddenly-in-love-lake-haven-1_835/index.html
2026-09-02 23:19:51,620 - INFO - Product URL resolved: https://books.toscrape.com/catalogue/something-more-than-this_834/index.html
2026-09-02 23:19:51,620 - INFO - Product URL resolved: https://books.toscrape.com/catalogue/soft-apocalypse_833/index.html
2026-09-02 23:19:51,620 - INFO - Product URL resolved: https://books.toscrape.com/catalogue/so-youve-been-publicly-shamed_832/index.html
2026-09-02 23:19:51,620 - INFO - Product URL resolved: https://books.toscrape.com/catalogue/shoe-dog-a-memoir-by-the-creator-of-nike_831/index.html
2026-09-02 23:19:51,620 - INFO - Product URL resolved: https://books.toscrape.com/catalogue/shobu-samurai-project-aryoku-3_830/index.html
2026-09-02 23:19:51,620 - INFO - Product URL resolved: https://books.toscrape.com/catalogue/secrets-and-lace-fatal-hearts-1_829/index.html
2026-09-02 23:19:51,620 - INFO - Product URL resolved: https://books.toscrape.com/catalogue/scarlett-epstein-hates-it-here_828/index.html
2026-09-02 23:19:51,620 - INFO - Product URL resolved: https://books.toscrape.com/catalogue/romero-and-juliet-a-tragic-tale-of-love-and-zombies_827/index.html
2026-09-02 23:19:51,620 - INFO - Product URL resolved: https://books.toscrape.com/catalogue/redeeming-love_826/index.html
2026-09-02 23:19:51,620 - INFO - Product URL resolved: https://books.toscrape.com/catalogue/poses-for-artists-volume-1-dynamic-and-sitting-poses-an-essential-reference-for-figure-drawing-and-the-human-form_825/index.html
2026-09-02 23:19:51,620 - INFO - Product URL resolved: https://books.toscrape.com/catalogue/poems-that-make-grown-women-cry_824/index.html
2026-09-02 23:19:51,620 - INFO - Product URL resolved: https://books.toscrape.com/catalogue/nightingale-sing_823/index.html
2026-09-02 23:19:51,620 - INFO - Product URL resolved: https://books.toscrape.com/catalogue/night-sky-with-exit-wounds_822/index.html
2026-09-02 23:19:51,620 - INFO - Product URL resolved: https://books.toscrape.com/catalogue/mrs-houdini_821/index.html
2026-09-02 23:19:51,620 - INFO - Successfully extracted 20 products.
2026-09-02 23:19:51,620 - INFO - Products found on page 9: 20
2026-09-02 23:19:51,620 - INFO - Matching products collected so far: 1
2026-09-02 23:19:51,620 - INFO - Scraping page 10: https://books.toscrape.com/catalogue/page-10.html
2026-09-02 23:19:51,620 - INFO - Checking robots.txt: https://books.toscrape.com/robots.txt
2026-09-02 23:19:52,366 - INFO - robots.txt allows access: https://books.toscrape.com/catalogue/page-10.html
2026-09-02 23:19:54,080 - INFO - Request successful: 200 - https://books.toscrape.com/catalogue/page-10.html
2026-09-02 23:19:54,096 - INFO - HTML parsed successfully.
2026-09-02 23:19:54,098 - INFO - Product elements found: 20
2026-09-02 23:19:54,098 - INFO - Product URL resolved: https://books.toscrape.com/catalogue/modern-romance_820/index.html
2026-09-02 23:19:54,098 - INFO - Product URL resolved: https://books.toscrape.com/catalogue/miss-peregrines-home-for-peculiar-children-miss-peregrines-peculiar-children-1_819/index.html
2026-09-02 23:19:54,098 - INFO - Product URL resolved: https://books.toscrape.com/catalogue/louisa-the-extraordinary-life-of-mrs-adams_818/index.html
2026-09-02 23:19:54,100 - INFO - Product URL resolved: https://books.toscrape.com/catalogue/little-red_817/index.html
2026-09-02 23:19:54,100 - INFO - Product URL resolved: https://books.toscrape.com/catalogue/library-of-souls-miss-peregrines-peculiar-children-3_816/index.html
2026-09-02 23:19:54,100 - INFO - Product URL resolved: https://books.toscrape.com/catalogue/large-print-heart-of-the-pride_815/index.html
2026-09-02 23:19:54,100 - INFO - Product URL resolved: https://books.toscrape.com/catalogue/i-had-a-nice-time-and-other-lies-how-to-find-love-sht-like-that_814/index.html
2026-09-02 23:19:54,100 - INFO - Product URL resolved: https://books.toscrape.com/catalogue/hollow-city-miss-peregrines-peculiar-children-2_813/index.html
2026-09-02 23:19:54,100 - INFO - Product URL resolved: https://books.toscrape.com/catalogue/grumbles_812/index.html
2026-09-02 23:19:54,100 - INFO - Product URL resolved: https://books.toscrape.com/catalogue/full-moon-over-noahs-ark-an-odyssey-to-mount-ararat-and-beyond_811/index.html
2026-09-02 23:19:54,102 - INFO - Product URL resolved: https://books.toscrape.com/catalogue/frostbite-vampire-academy-2_810/index.html
2026-09-02 23:19:54,102 - INFO - Product URL resolved: https://books.toscrape.com/catalogue/follow-you-home_809/index.html
2026-09-02 23:19:54,102 - INFO - Product URL resolved: https://books.toscrape.com/catalogue/first-steps-for-new-christians-print-edition_808/index.html
2026-09-02 23:19:54,102 - INFO - Product URL resolved: https://books.toscrape.com/catalogue/finders-keepers-bill-hodges-trilogy-2_807/index.html
2026-09-02 23:19:54,102 - INFO - Product URL resolved: https://books.toscrape.com/catalogue/fables-vol-1-legends-in-exile-fables-1_806/index.html
2026-09-02 23:19:54,104 - INFO - Product URL resolved: https://books.toscrape.com/catalogue/eureka-trivia-60_805/index.html
2026-09-02 23:19:54,104 - INFO - Product URL resolved: https://books.toscrape.com/catalogue/drive-the-surprising-truth-about-what-motivates-us_804/index.html
2026-09-02 23:19:54,104 - INFO - Product URL resolved: https://books.toscrape.com/catalogue/done-rubbed-out-reightman-bailey-1_803/index.html
2026-09-02 23:19:54,104 - INFO - Product URL resolved: https://books.toscrape.com/catalogue/doing-it-over-most-likely-to-1_802/index.html
2026-09-02 23:19:54,104 - INFO - Product URL resolved: https://books.toscrape.com/catalogue/deliciously-ella-every-day-quick-and-easy-recipes-for-gluten-free-snacks-packed-lunches-and-simple-meals_801/index.html
2026-09-02 23:19:54,104 - INFO - Successfully extracted 20 products.
2026-09-02 23:19:54,104 - INFO - Products found on page 10: 20
2026-09-02 23:19:54,104 - INFO - Matching products collected so far: 1
2026-09-02 23:19:54,108 - INFO - Scraping page 11: https://books.toscrape.com/catalogue/page-11.html
2026-09-02 23:19:54,108 - INFO - Checking robots.txt: https://books.toscrape.com/robots.txt
2026-09-02 23:19:54,834 - INFO - robots.txt allows access: https://books.toscrape.com/catalogue/page-11.html
2026-09-02 23:19:56,564 - INFO - Request successful: 200 - https://books.toscrape.com/catalogue/page-11.html
2026-09-02 23:19:56,581 - INFO - HTML parsed successfully.
2026-09-02 23:19:56,581 - INFO - Product elements found: 20
2026-09-02 23:19:56,581 - INFO - Product URL resolved: https://books.toscrape.com/catalogue/dark-notes_800/index.html
2026-09-02 23:19:56,581 - INFO - Product URL resolved: https://books.toscrape.com/catalogue/daring-greatly-how-the-courage-to-be-vulnerable-transforms-the-way-we-live-love-parent-and-lead_799/index.html
2026-09-02 23:19:56,581 - INFO - Product URL resolved: https://books.toscrape.com/catalogue/close-to-you_798/index.html
2026-09-02 23:19:56,581 - INFO - Product URL resolved: https://books.toscrape.com/catalogue/chasing-heaven-what-dying-taught-me-about-living_797/index.html
2026-09-02 23:19:56,581 - INFO - Product URL resolved: https://books.toscrape.com/catalogue/big-magic-creative-living-beyond-fear_796/index.html
2026-09-02 23:19:56,581 - INFO - Product URL resolved: https://books.toscrape.com/catalogue/becoming-wise-an-inquiry-into-the-mystery-and-art-of-living_795/index.html
2026-09-02 23:19:56,581 - INFO - Product URL resolved: https://books.toscrape.com/catalogue/beauty-restored-riley-family-legacy-novellas-3_794/index.html
2026-09-02 23:19:56,581 - INFO - Product URL resolved: https://books.toscrape.com/catalogue/batman-the-long-halloween-batman_793/index.html
2026-09-02 23:19:56,581 - INFO - Product URL resolved: https://books.toscrape.com/catalogue/batman-the-dark-knight-returns-batman_792/index.html
2026-09-02 23:19:56,581 - INFO - Product URL resolved: https://books.toscrape.com/catalogue/ayumis-violin_791/index.html
2026-09-02 23:19:56,581 - INFO - Product URL resolved: https://books.toscrape.com/catalogue/anonymous_790/index.html
2026-09-02 23:19:56,581 - INFO - Product URL resolved: https://books.toscrape.com/catalogue/amy-meets-the-saints-and-sages_789/index.html
2026-09-02 23:19:56,581 - INFO - Product URL resolved: https://books.toscrape.com/catalogue/amid-the-chaos_788/index.html
2026-09-02 23:19:56,581 - INFO - Product URL resolved: https://books.toscrape.com/catalogue/amatus_787/index.html
2026-09-02 23:19:56,581 - INFO - Product URL resolved: https://books.toscrape.com/catalogue/agnostic-a-spirited-manifesto_786/index.html
2026-09-02 23:19:56,581 - INFO - Product URL resolved: https://books.toscrape.com/catalogue/zealot-the-life-and-times-of-jesus-of-nazareth_785/index.html
2026-09-02 23:19:56,581 - INFO - Product URL resolved: https://books.toscrape.com/catalogue/you-you-1_784/index.html
2026-09-02 23:19:56,581 - INFO - Product URL resolved: https://books.toscrape.com/catalogue/wonder-woman-earth-one-volume-one-wonder-woman-earth-one-1_783/index.html
2026-09-02 23:19:56,581 - INFO - Product URL resolved: https://books.toscrape.com/catalogue/wild-swans_782/index.html
2026-09-02 23:19:56,581 - INFO - Product URL resolved: https://books.toscrape.com/catalogue/why-the-right-went-wrong-conservatism-from-goldwater-to-the-tea-party-and-beyond_781/index.html
2026-09-02 23:19:56,581 - INFO - Successfully extracted 20 products.
2026-09-02 23:19:56,581 - INFO - Products found on page 11: 20
2026-09-02 23:19:56,581 - INFO - Matching products collected so far: 1
2026-09-02 23:19:56,592 - INFO - Scraping page 12: https://books.toscrape.com/catalogue/page-12.html
2026-09-02 23:19:56,592 - INFO - Checking robots.txt: https://books.toscrape.com/robots.txt
2026-09-02 23:19:57,315 - INFO - robots.txt allows access: https://books.toscrape.com/catalogue/page-12.html
2026-09-02 23:19:59,048 - INFO - Request successful: 200 - https://books.toscrape.com/catalogue/page-12.html
2026-09-02 23:19:59,064 - INFO - HTML parsed successfully.
2026-09-02 23:19:59,064 - INFO - Product elements found: 20
2026-09-02 23:19:59,064 - INFO - Product URL resolved: https://books.toscrape.com/catalogue/whole-lotta-creativity-going-on-60-fun-and-unusual-exercises-to-awaken-and-strengthen-your-creativity_780/index.html
2026-09-02 23:19:59,064 - INFO - Product URL resolved: https://books.toscrape.com/catalogue/whats-it-like-in-space-stories-from-astronauts-whove-been-there_779/index.html
2026-09-02 23:19:59,064 - INFO - Product URL resolved: https://books.toscrape.com/catalogue/we-are-robin-vol-1-the-vigilante-business-we-are-robin-1_778/index.html
2026-09-02 23:19:59,064 - INFO - Product URL resolved: https://books.toscrape.com/catalogue/walt-disneys-alice-in-wonderland_777/index.html
2026-09-02 23:19:59,064 - INFO - Product URL resolved: https://books.toscrape.com/catalogue/v-for-vendetta-v-for-vendetta-complete_776/index.html
2026-09-02 23:19:59,064 - INFO - Product URL resolved: https://books.toscrape.com/catalogue/until-friday-night-the-field-party-1_775/index.html
2026-09-02 23:19:59,064 - INFO - Product URL resolved: https://books.toscrape.com/catalogue/unbroken-a-world-war-ii-story-of-survival-resilience-and-redemption_774/index.html
2026-09-02 23:19:59,064 - INFO - Product URL resolved: https://books.toscrape.com/catalogue/twenty-yawns_773/index.html
2026-09-02 23:19:59,064 - INFO - Product URL resolved: https://books.toscrape.com/catalogue/through-the-woods_772/index.html
2026-09-02 23:19:59,064 - INFO - Product URL resolved: https://books.toscrape.com/catalogue/this-is-where-it-ends_771/index.html
2026-09-02 23:19:59,064 - INFO - Product URL resolved: https://books.toscrape.com/catalogue/the-year-of-magical-thinking_770/index.html
2026-09-02 23:19:59,064 - INFO - Product URL resolved: https://books.toscrape.com/catalogue/the-wright-brothers_769/index.html
2026-09-02 23:19:59,064 - INFO - Product URL resolved: https://books.toscrape.com/catalogue/the-white-queen-the-cousins-war-1_768/index.html
2026-09-02 23:19:59,064 - INFO - Product URL resolved: https://books.toscrape.com/catalogue/the-wedding-pact-the-omalleys-2_767/index.html
2026-09-02 23:19:59,064 - INFO - Product URL resolved: https://books.toscrape.com/catalogue/the-time-keeper_766/index.html
2026-09-02 23:19:59,064 - INFO - Product URL resolved: https://books.toscrape.com/catalogue/the-testament-of-mary_765/index.html
2026-09-02 23:19:59,064 - INFO - Product URL resolved: https://books.toscrape.com/catalogue/the-star-touched-queen_764/index.html
2026-09-02 23:19:59,064 - INFO - Product URL resolved: https://books.toscrape.com/catalogue/the-songs-of-the-gods_763/index.html
2026-09-02 23:19:59,064 - INFO - Product URL resolved: https://books.toscrape.com/catalogue/the-song-of-achilles_762/index.html
2026-09-02 23:19:59,064 - INFO - Product URL resolved: https://books.toscrape.com/catalogue/the-rosie-project-don-tillman-1_761/index.html
2026-09-02 23:19:59,064 - INFO - Successfully extracted 20 products.
2026-09-02 23:19:59,064 - INFO - Products found on page 12: 20
2026-09-02 23:19:59,064 - INFO - Matching products collected so far: 1
2026-09-02 23:19:59,064 - INFO - Scraping page 13: https://books.toscrape.com/catalogue/page-13.html
2026-09-02 23:19:59,064 - INFO - Checking robots.txt: https://books.toscrape.com/robots.txt
2026-09-02 23:19:59,804 - INFO - robots.txt allows access: https://books.toscrape.com/catalogue/page-13.html
2026-09-02 23:20:01,538 - INFO - Request successful: 200 - https://books.toscrape.com/catalogue/page-13.html
2026-09-02 23:20:01,544 - INFO - HTML parsed successfully.
2026-09-02 23:20:01,544 - INFO - Product elements found: 20
2026-09-02 23:20:01,544 - INFO - Product URL resolved: https://books.toscrape.com/catalogue/the-power-of-habit-why-we-do-what-we-do-in-life-and-business_760/index.html
2026-09-02 23:20:01,544 - INFO - Product URL resolved: https://books.toscrape.com/catalogue/the-marriage-of-opposites_759/index.html
2026-09-02 23:20:01,544 - INFO - Product URL resolved: https://books.toscrape.com/catalogue/the-lucifer-effect-understanding-how-good-people-turn-evil_758/index.html
2026-09-02 23:20:01,544 - INFO - Product URL resolved: https://books.toscrape.com/catalogue/the-long-haul-diary-of-a-wimpy-kid-9_757/index.html
2026-09-02 23:20:01,544 - INFO - Product URL resolved: https://books.toscrape.com/catalogue/the-loney_756/index.html
2026-09-02 23:20:01,544 - INFO - Product URL resolved: https://books.toscrape.com/catalogue/the-literature-book-big-ideas-simply-explained_755/index.html
2026-09-02 23:20:01,544 - INFO - Product URL resolved: https://books.toscrape.com/catalogue/the-last-mile-amos-decker-2_754/index.html
2026-09-02 23:20:01,544 - INFO - Product URL resolved: https://books.toscrape.com/catalogue/the-immortal-life-of-henrietta-lacks_753/index.html
2026-09-02 23:20:01,544 - INFO - Product URL resolved: https://books.toscrape.com/catalogue/the-hidden-oracle-the-trials-of-apollo-1_752/index.html
2026-09-02 23:20:01,560 - INFO - Product URL resolved: https://books.toscrape.com/catalogue/the-help-yourself-cookbook-for-kids-60-easy-plant-based-recipes-kids-can-make-to-stay-healthy-and-save-the-earth_751/index.html
2026-09-02 23:20:01,560 - INFO - Product URL resolved: https://books.toscrape.com/catalogue/the-guilty-will-robie-4_750/index.html
2026-09-02 23:20:01,560 - INFO - Product URL resolved: https://books.toscrape.com/catalogue/the-first-hostage-jb-collins-2_749/index.html
2026-09-02 23:20:01,560 - INFO - Product URL resolved: https://books.toscrape.com/catalogue/the-dovekeepers_748/index.html
2026-09-02 23:20:01,560 - INFO - Product URL resolved: https://books.toscrape.com/catalogue/the-darkest-lie_747/index.html
2026-09-02 23:20:01,560 - INFO - Product URL resolved: https://books.toscrape.com/catalogue/the-bane-chronicles-the-bane-chronicles-1-11_746/index.html
2026-09-02 23:20:01,560 - INFO - Product URL resolved: https://books.toscrape.com/catalogue/the-bad-ass-librarians-of-timbuktu-and-their-race-to-save-the-worlds-most-precious-manuscripts_745/index.html
2026-09-02 23:20:01,560 - INFO - Product URL resolved: https://books.toscrape.com/catalogue/the-14th-colony-cotton-malone-11_744/index.html
2026-09-02 23:20:01,560 - INFO - Product URL resolved: https://books.toscrape.com/catalogue/that-darkness-gardiner-and-renner-1_743/index.html
2026-09-02 23:20:01,560 - INFO - Product URL resolved: https://books.toscrape.com/catalogue/tastes-like-fear-di-marnie-rome-3_742/index.html
2026-09-02 23:20:01,560 - INFO - Product URL resolved: https://books.toscrape.com/catalogue/take-me-with-you_741/index.html
2026-09-02 23:20:01,560 - INFO - Successfully extracted 20 products.
2026-09-02 23:20:01,560 - INFO - Products found on page 13: 20
2026-09-02 23:20:01,560 - INFO - Matching products collected so far: 1
2026-09-02 23:20:01,560 - INFO - Scraping page 14: https://books.toscrape.com/catalogue/page-14.html
2026-09-02 23:20:01,560 - INFO - Checking robots.txt: https://books.toscrape.com/robots.txt
2026-09-02 23:20:02,290 - INFO - robots.txt allows access: https://books.toscrape.com/catalogue/page-14.html
2026-09-02 23:20:04,000 - INFO - Request successful: 200 - https://books.toscrape.com/catalogue/page-14.html
2026-09-02 23:20:04,016 - INFO - HTML parsed successfully.
2026-09-02 23:20:04,016 - INFO - Product elements found: 20
2026-09-02 23:20:04,016 - INFO - Product URL resolved: https://books.toscrape.com/catalogue/swell-a-year-of-waves_740/index.html
2026-09-02 23:20:04,016 - INFO - Product URL resolved: https://books.toscrape.com/catalogue/superman-vol-1-before-truth-superman-by-gene-luen-yang-1_739/index.html
2026-09-02 23:20:04,016 - INFO - Product URL resolved: https://books.toscrape.com/catalogue/still-life-with-bread-crumbs_738/index.html
2026-09-02 23:20:04,016 - INFO - Product URL resolved: https://books.toscrape.com/catalogue/steve-jobs_737/index.html
2026-09-02 23:20:04,016 - INFO - Product URL resolved: https://books.toscrape.com/catalogue/sorting-the-beef-from-the-bull-the-science-of-food-fraud-forensics_736/index.html
2026-09-02 23:20:04,016 - INFO - Product URL resolved: https://books.toscrape.com/catalogue/someone-like-you-the-harrisons-2_735/index.html
2026-09-02 23:20:04,016 - INFO - Product URL resolved: https://books.toscrape.com/catalogue/so-cute-it-hurts-vol-6-so-cute-it-hurts-6_734/index.html
2026-09-02 23:20:04,016 - INFO - Product URL resolved: https://books.toscrape.com/catalogue/shtum_733/index.html
2026-09-02 23:20:04,016 - INFO - Product URL resolved: https://books.toscrape.com/catalogue/see-america-a-celebration-of-our-national-parks-treasured-sites_732/index.html
2026-09-02 23:20:04,016 - INFO - Product URL resolved: https://books.toscrape.com/catalogue/salt_731/index.html
2026-09-02 23:20:04,016 - INFO - Product URL resolved: https://books.toscrape.com/catalogue/robin-war_730/index.html
2026-09-02 23:20:04,016 - INFO - Product URL resolved: https://books.toscrape.com/catalogue/red-hoodarsenal-vol-1-open-for-business-red-hoodarsenal-1_729/index.html
2026-09-02 23:20:04,016 - INFO - Product URL resolved: https://books.toscrape.com/catalogue/rain-fish_728/index.html
2026-09-02 23:20:04,016 - INFO - Product URL resolved: https://books.toscrape.com/catalogue/quarter-life-poetry-poems-for-the-young-broke-and-hangry_727/index.html
2026-09-02 23:20:04,016 - INFO - Product URL resolved: https://books.toscrape.com/catalogue/pet-sematary_726/index.html
2026-09-02 23:20:04,016 - INFO - Product URL resolved: https://books.toscrape.com/catalogue/overload-how-to-unplug-unwind-and-unleash-yourself-from-the-pressure-of-stress_725/index.html
2026-09-02 23:20:04,016 - INFO - Product URL resolved: https://books.toscrape.com/catalogue/once-was-a-time_724/index.html
2026-09-02 23:20:04,016 - INFO - Product URL resolved: https://books.toscrape.com/catalogue/old-school-diary-of-a-wimpy-kid-10_723/index.html
2026-09-02 23:20:04,016 - INFO - Product URL resolved: https://books.toscrape.com/catalogue/no-dream-is-too-high-life-lessons-from-a-man-who-walked-on-the-moon_722/index.html
2026-09-02 23:20:04,016 - INFO - Product URL resolved: https://books.toscrape.com/catalogue/naruto-3-in-1-edition-vol-14-includes-vols-40-41-42-naruto-omnibus-14_721/index.html
2026-09-02 23:20:04,016 - INFO - Successfully extracted 20 products.
2026-09-02 23:20:04,016 - INFO - Products found on page 14: 20
2026-09-02 23:20:04,016 - INFO - Matching products collected so far: 1
2026-09-02 23:20:04,016 - INFO - Scraping page 15: https://books.toscrape.com/catalogue/page-15.html
2026-09-02 23:20:04,016 - INFO - Checking robots.txt: https://books.toscrape.com/robots.txt
2026-09-02 23:20:04,743 - INFO - robots.txt allows access: https://books.toscrape.com/catalogue/page-15.html
2026-09-02 23:20:06,454 - INFO - Request successful: 200 - https://books.toscrape.com/catalogue/page-15.html
2026-09-02 23:20:06,468 - INFO - HTML parsed successfully.
2026-09-02 23:20:06,468 - INFO - Product elements found: 20
2026-09-02 23:20:06,468 - INFO - Product URL resolved: https://books.toscrape.com/catalogue/my-name-is-lucy-barton_720/index.html
2026-09-02 23:20:06,468 - INFO - Product URL resolved: https://books.toscrape.com/catalogue/my-mrs-brown_719/index.html
2026-09-02 23:20:06,468 - INFO - Product URL resolved: https://books.toscrape.com/catalogue/my-kind-of-crazy_718/index.html
2026-09-02 23:20:06,468 - INFO - Product URL resolved: https://books.toscrape.com/catalogue/mr-mercedes-bill-hodges-trilogy-1_717/index.html
2026-09-02 23:20:06,468 - INFO - Product URL resolved: https://books.toscrape.com/catalogue/more-than-music-chasing-the-dream-1_716/index.html
2026-09-02 23:20:06,484 - INFO - Product URL resolved: https://books.toscrape.com/catalogue/made-to-stick-why-some-ideas-survive-and-others-die_715/index.html
2026-09-02 23:20:06,484 - INFO - Product URL resolved: https://books.toscrape.com/catalogue/luis-paints-the-world_714/index.html
2026-09-02 23:20:06,484 - INFO - Product URL resolved: https://books.toscrape.com/catalogue/luckiest-girl-alive_713/index.html
2026-09-02 23:20:06,484 - INFO - Product URL resolved: https://books.toscrape.com/catalogue/lowriders-to-the-center-of-the-earth-lowriders-in-space-2_712/index.html
2026-09-02 23:20:06,484 - INFO - Product URL resolved: https://books.toscrape.com/catalogue/love-is-a-mix-tape-music-1_711/index.html
2026-09-02 23:20:06,484 - INFO - Product URL resolved: https://books.toscrape.com/catalogue/looking-for-lovely-collecting-the-moments-that-matter_710/index.html
2026-09-02 23:20:06,484 - INFO - Product URL resolved: https://books.toscrape.com/catalogue/living-leadership-by-insight-a-good-leader-achieves-a-great-leader-builds-monuments_709/index.html
2026-09-02 23:20:06,484 - INFO - Product URL resolved: https://books.toscrape.com/catalogue/let-it-out-a-journey-through-journaling_708/index.html
2026-09-02 23:20:06,484 - INFO - Product URL resolved: https://books.toscrape.com/catalogue/lady-midnight-the-dark-artifices-1_707/index.html
2026-09-02 23:20:06,484 - INFO - Product URL resolved: https://books.toscrape.com/catalogue/its-all-easy-healthy-delicious-weeknight-meals-in-under-30-minutes_706/index.html
2026-09-02 23:20:06,484 - INFO - Product URL resolved: https://books.toscrape.com/catalogue/island-of-dragons-unwanteds-7_705/index.html
2026-09-02 23:20:06,484 - INFO - Product URL resolved: https://books.toscrape.com/catalogue/i-know-what-im-doing-and-other-lies-i-tell-myself-dispatches-from-a-life-under-construction_704/index.html
2026-09-02 23:20:06,484 - INFO - Product URL resolved: https://books.toscrape.com/catalogue/i-am-pilgrim-pilgrim-1_703/index.html
2026-09-02 23:20:06,484 - INFO - Product URL resolved: https://books.toscrape.com/catalogue/hyperbole-and-a-half-unfortunate-situations-flawed-coping-mechanisms-mayhem-and-other-things-that-happened_702/index.html
2026-09-02 23:20:06,484 - INFO - Product URL resolved: https://books.toscrape.com/catalogue/hush-hush-hush-hush-1_701/index.html
2026-09-02 23:20:06,484 - INFO - Successfully extracted 20 products.
2026-09-02 23:20:06,484 - INFO - Products found on page 15: 20
2026-09-02 23:20:06,484 - INFO - Matching products collected so far: 1
2026-09-02 23:20:06,484 - INFO - Scraping page 16: https://books.toscrape.com/catalogue/page-16.html
2026-09-02 23:20:06,484 - INFO - Checking robots.txt: https://books.toscrape.com/robots.txt
2026-09-02 23:20:07,217 - INFO - robots.txt allows access: https://books.toscrape.com/catalogue/page-16.html
2026-09-02 23:20:08,925 - INFO - Request successful: 200 - https://books.toscrape.com/catalogue/page-16.html
2026-09-02 23:20:08,943 - INFO - HTML parsed successfully.
2026-09-02 23:20:08,943 - INFO - Product elements found: 20
2026-09-02 23:20:08,943 - INFO - Product URL resolved: https://books.toscrape.com/catalogue/hold-your-breath-search-and-rescue-1_700/index.html
2026-09-02 23:20:08,943 - INFO - Product URL resolved: https://books.toscrape.com/catalogue/hamilton-the-revolution_699/index.html
2026-09-02 23:20:08,943 - INFO - Product URL resolved: https://books.toscrape.com/catalogue/greek-mythic-history_698/index.html
2026-09-02 23:20:08,945 - INFO - Product URL resolved: https://books.toscrape.com/catalogue/god-the-most-unpleasant-character-in-all-fiction_697/index.html
2026-09-02 23:20:08,945 - INFO - Product URL resolved: https://books.toscrape.com/catalogue/glory-over-everything-beyond-the-kitchen-house_696/index.html
2026-09-02 23:20:08,945 - INFO - Product URL resolved: https://books.toscrape.com/catalogue/feathers-displays-of-brilliant-plumage_695/index.html
2026-09-02 23:20:08,945 - INFO - Product URL resolved: https://books.toscrape.com/catalogue/far-away-places-on-the-brink-of-change-seven-continents-twenty-five-years_694/index.html
2026-09-02 23:20:08,945 - INFO - Product URL resolved: https://books.toscrape.com/catalogue/every-last-word_693/index.html
2026-09-02 23:20:08,945 - INFO - Product URL resolved: https://books.toscrape.com/catalogue/eligible-the-austen-project-4_692/index.html
2026-09-02 23:20:08,945 - INFO - Product URL resolved: https://books.toscrape.com/catalogue/el-deafo_691/index.html
2026-09-02 23:20:08,947 - INFO - Product URL resolved: https://books.toscrape.com/catalogue/eight-hundred-grapes_690/index.html
2026-09-02 23:20:08,947 - INFO - Product URL resolved: https://books.toscrape.com/catalogue/eaternity-more-than-150-deliciously-easy-vegan-recipes-for-a-long-healthy-satisfied-joyful-life_689/index.html
2026-09-02 23:20:08,947 - INFO - Product URL resolved: https://books.toscrape.com/catalogue/eat-fat-get-thin_688/index.html
2026-09-02 23:20:08,947 - INFO - Product URL resolved: https://books.toscrape.com/catalogue/dont-get-caught_687/index.html
2026-09-02 23:20:08,947 - INFO - Product URL resolved: https://books.toscrape.com/catalogue/doctor-sleep-the-shining-2_686/index.html
2026-09-02 23:20:08,947 - INFO - Product URL resolved: https://books.toscrape.com/catalogue/demigods-magicians-percy-and-annabeth-meet-the-kanes-percy-jackson-kane-chronicles-crossover-1-3_685/index.html
2026-09-02 23:20:08,947 - INFO - Product URL resolved: https://books.toscrape.com/catalogue/dear-mr-knightley_684/index.html
2026-09-02 23:20:08,949 - INFO - Product URL resolved: https://books.toscrape.com/catalogue/daily-fantasy-sports_683/index.html
2026-09-02 23:20:08,949 - INFO - Product URL resolved: https://books.toscrape.com/catalogue/crazy-love-overwhelmed-by-a-relentless-god_682/index.html
2026-09-02 23:20:08,949 - INFO - Product URL resolved: https://books.toscrape.com/catalogue/cometh-the-hour-the-clifton-chronicles-6_681/index.html
2026-09-02 23:20:08,949 - INFO - Successfully extracted 20 products.
2026-09-02 23:20:08,949 - INFO - Products found on page 16: 20
2026-09-02 23:20:08,949 - INFO - Matching products collected so far: 1
2026-09-02 23:20:08,952 - INFO - Scraping page 17: https://books.toscrape.com/catalogue/page-17.html
2026-09-02 23:20:08,952 - INFO - Checking robots.txt: https://books.toscrape.com/robots.txt
2026-09-02 23:20:09,661 - INFO - robots.txt allows access: https://books.toscrape.com/catalogue/page-17.html
2026-09-02 23:20:11,377 - INFO - Request successful: 200 - https://books.toscrape.com/catalogue/page-17.html
2026-09-02 23:20:11,393 - INFO - HTML parsed successfully.
2026-09-02 23:20:11,393 - INFO - Product elements found: 20
2026-09-02 23:20:11,393 - INFO - Product URL resolved: https://books.toscrape.com/catalogue/code-name-verity-code-name-verity-1_680/index.html
2026-09-02 23:20:11,393 - INFO - Product URL resolved: https://books.toscrape.com/catalogue/clockwork-angel-the-infernal-devices-1_679/index.html
2026-09-02 23:20:11,393 - INFO - Product URL resolved: https://books.toscrape.com/catalogue/city-of-glass-the-mortal-instruments-3_678/index.html
2026-09-02 23:20:11,393 - INFO - Product URL resolved: https://books.toscrape.com/catalogue/city-of-fallen-angels-the-mortal-instruments-4_677/index.html
2026-09-02 23:20:11,393 - INFO - Product URL resolved: https://books.toscrape.com/catalogue/city-of-bones-the-mortal-instruments-1_676/index.html
2026-09-02 23:20:11,393 - INFO - Product URL resolved: https://books.toscrape.com/catalogue/city-of-ashes-the-mortal-instruments-2_675/index.html
2026-09-02 23:20:11,393 - INFO - Product URL resolved: https://books.toscrape.com/catalogue/cell_674/index.html
2026-09-02 23:20:11,393 - INFO - Product URL resolved: https://books.toscrape.com/catalogue/catching-jordan-hundred-oaks_673/index.html
2026-09-02 23:20:11,393 - INFO - Product URL resolved: https://books.toscrape.com/catalogue/carry-on-warrior-thoughts-on-life-unarmed_672/index.html
2026-09-02 23:20:11,393 - INFO - Product URL resolved: https://books.toscrape.com/catalogue/carrie_671/index.html
2026-09-02 23:20:11,393 - INFO - Product URL resolved: https://books.toscrape.com/catalogue/buying-in-the-secret-dialogue-between-what-we-buy-and-who-we-are_670/index.html
2026-09-02 23:20:11,393 - INFO - Product URL resolved: https://books.toscrape.com/catalogue/brain-on-fire-my-month-of-madness_669/index.html
2026-09-02 23:20:11,393 - INFO - Product URL resolved: https://books.toscrape.com/catalogue/batman-europa_668/index.html
2026-09-02 23:20:11,393 - INFO - Product URL resolved: https://books.toscrape.com/catalogue/barefoot-contessa-back-to-basics_667/index.html
2026-09-02 23:20:11,393 - INFO - Product URL resolved: https://books.toscrape.com/catalogue/barefoot-contessa-at-home-everyday-recipes-youll-make-over-and-over-again_666/index.html
2026-09-02 23:20:11,393 - INFO - Product URL resolved: https://books.toscrape.com/catalogue/balloon-animals_665/index.html
2026-09-02 23:20:11,393 - INFO - Product URL resolved: https://books.toscrape.com/catalogue/art-ops-vol-1_664/index.html
2026-09-02 23:20:11,393 - INFO - Product URL resolved: https://books.toscrape.com/catalogue/aristotle-and-dante-discover-the-secrets-of-the-universe-aristotle-and-dante-discover-the-secrets-of-the-universe-1_663/index.html
2026-09-02 23:20:11,393 - INFO - Product URL resolved: https://books.toscrape.com/catalogue/angels-walking-angels-walking-1_662/index.html
2026-09-02 23:20:11,393 - INFO - Product URL resolved: https://books.toscrape.com/catalogue/angels-demons-robert-langdon-1_661/index.html
2026-09-02 23:20:11,393 - INFO - Successfully extracted 20 products.
2026-09-02 23:20:11,393 - INFO - Products found on page 17: 20
2026-09-02 23:20:11,393 - INFO - Matching products collected so far: 1
2026-09-02 23:20:11,393 - INFO - Scraping page 18: https://books.toscrape.com/catalogue/page-18.html
2026-09-02 23:20:11,393 - INFO - Checking robots.txt: https://books.toscrape.com/robots.txt
2026-09-02 23:20:12,130 - INFO - robots.txt allows access: https://books.toscrape.com/catalogue/page-18.html
2026-09-02 23:20:13,847 - INFO - Request successful: 200 - https://books.toscrape.com/catalogue/page-18.html
2026-09-02 23:20:13,860 - INFO - HTML parsed successfully.
2026-09-02 23:20:13,860 - INFO - Product elements found: 20
2026-09-02 23:20:13,860 - INFO - Product URL resolved: https://books.toscrape.com/catalogue/all-the-light-we-cannot-see_660/index.html
2026-09-02 23:20:13,860 - INFO - Product URL resolved: https://books.toscrape.com/catalogue/adulthood-is-a-myth-a-sarahs-scribbles-collection_659/index.html
2026-09-02 23:20:13,860 - INFO - Product URL resolved: https://books.toscrape.com/catalogue/abstract-city_658/index.html
2026-09-02 23:20:13,860 - INFO - Product URL resolved: https://books.toscrape.com/catalogue/a-time-of-torment-charlie-parker-14_657/index.html
2026-09-02 23:20:13,860 - INFO - Product URL resolved: https://books.toscrape.com/catalogue/a-study-in-scarlet-sherlock-holmes-1_656/index.html
2026-09-02 23:20:13,860 - INFO - Product URL resolved: https://books.toscrape.com/catalogue/a-series-of-catastrophes-and-miracles-a-true-story-of-love-science-and-cancer_655/index.html
2026-09-02 23:20:13,860 - INFO - Product URL resolved: https://books.toscrape.com/catalogue/a-peoples-history-of-the-united-states_654/index.html
2026-09-02 23:20:13,860 - INFO - Product URL resolved: https://books.toscrape.com/catalogue/a-man-called-ove_653/index.html
2026-09-02 23:20:13,860 - INFO - Product URL resolved: https://books.toscrape.com/catalogue/a-distant-mirror-the-calamitous-14th-century_652/index.html
2026-09-02 23:20:13,860 - INFO - Product URL resolved: https://books.toscrape.com/catalogue/a-brush-of-wings-angels-walking-3_651/index.html
2026-09-02 23:20:13,860 - INFO - Product URL resolved: https://books.toscrape.com/catalogue/1491-new-revelations-of-the-americas-before-columbus_650/index.html
2026-09-02 23:20:13,860 - INFO - Product URL resolved: https://books.toscrape.com/catalogue/the-three-searches-meaning-and-the-story_649/index.html
2026-09-02 23:20:13,860 - INFO - Product URL resolved: https://books.toscrape.com/catalogue/searching-for-meaning-in-gailana_648/index.html
2026-09-02 23:20:13,860 - INFO - Product URL resolved: https://books.toscrape.com/catalogue/rook_647/index.html
2026-09-02 23:20:13,860 - INFO - Product URL resolved: https://books.toscrape.com/catalogue/my-kitchen-year-136-recipes-that-saved-my-life_646/index.html
2026-09-02 23:20:13,860 - INFO - Product URL resolved: https://books.toscrape.com/catalogue/13-hours-the-inside-account-of-what-really-happened-in-benghazi_645/index.html
2026-09-02 23:20:13,876 - INFO - Product URL resolved: https://books.toscrape.com/catalogue/will-you-wont-you-want-me_644/index.html
2026-09-02 23:20:13,876 - INFO - Product URL resolved: https://books.toscrape.com/catalogue/tipping-point-for-planet-earth-how-close-are-we-to-the-edge_643/index.html
2026-09-02 23:20:13,876 - INFO - Product URL resolved: https://books.toscrape.com/catalogue/the-star-touched-queen_642/index.html
2026-09-02 23:20:13,876 - INFO - Product URL resolved: https://books.toscrape.com/catalogue/the-silent-sister-riley-macpherson-1_641/index.html
2026-09-02 23:20:13,876 - INFO - Successfully extracted 20 products.
2026-09-02 23:20:13,876 - INFO - Products found on page 18: 20
2026-09-02 23:20:13,876 - INFO - Product matched query: All the Light We Cannot See
2026-09-02 23:20:13,876 - INFO - Matching products collected so far: 2
2026-09-02 23:20:13,876 - INFO - Search filtering completed. Matching products: 2
2026-09-02 23:20:13,876 - INFO - Fetching product details: https://books.toscrape.com/catalogue/a-light-in-the-attic_1000/index.html
2026-09-02 23:20:13,876 - INFO - Checking robots.txt: https://books.toscrape.com/robots.txt
2026-09-02 23:20:14,607 - INFO - robots.txt allows access: https://books.toscrape.com/catalogue/a-light-in-the-attic_1000/index.html
2026-09-02 23:20:15,856 - INFO - Request successful: 200 - https://books.toscrape.com/catalogue/a-light-in-the-attic_1000/index.html
2026-09-02 23:20:15,856 - INFO - HTML parsed successfully.
2026-09-02 23:20:15,856 - INFO - Duplicated description prefix removed.
2026-09-02 23:20:15,856 - INFO - Product details extracted successfully.
2026-09-02 23:20:15,856 - INFO - Fetching product details: https://books.toscrape.com/catalogue/all-the-light-we-cannot-see_660/index.html
2026-09-02 23:20:15,856 - INFO - Checking robots.txt: https://books.toscrape.com/robots.txt
2026-09-02 23:20:16,584 - INFO - robots.txt allows access: https://books.toscrape.com/catalogue/all-the-light-we-cannot-see_660/index.html
2026-09-02 23:20:18,068 - INFO - Request successful: 200 - https://books.toscrape.com/catalogue/all-the-light-we-cannot-see_660/index.html
2026-09-02 23:20:18,083 - INFO - HTML parsed successfully.
2026-09-02 23:20:18,083 - INFO - Duplicated description prefix removed.
2026-09-02 23:20:18,083 - INFO - Product details extracted successfully.
2026-09-02 23:20:18,083 - INFO - Search completed. Products collected: 2
2026-09-02 23:20:18,083 - INFO - books: 2 products found.
2026-09-02 23:20:18,083 - INFO - Multi-website search completed. Total products: 2
2026-09-02 23:20:18,334 - ERROR - Visualization failed: plot_price_distribution() missing 1 required positional argument: 'ax'
2026-09-02 23:20:31,963 - INFO - Amazon scraper initialized.
2026-09-02 23:20:31,963 - INFO - Alibaba scraper initialized.
2026-09-02 23:20:31,963 - INFO - Flipkart scraper initialized.
2026-09-02 23:20:31,963 - INFO - Starting multi-website search...
2026-09-02 23:20:31,963 - INFO - Multi-website search started: 'light'
2026-09-02 23:20:31,963 - INFO - Websites selected: ['books', 'amazon', 'alibaba', 'flipkart']
2026-09-02 23:20:31,963 - INFO - Searching books...
2026-09-02 23:20:31,963 - INFO - Searching for products with query: 'light'
2026-09-02 23:20:31,963 - INFO - Scraping page 1: https://books.toscrape.com/
2026-09-02 23:20:31,963 - INFO - Checking robots.txt: https://books.toscrape.com/robots.txt
2026-09-02 23:20:32,769 - INFO - robots.txt allows access: https://books.toscrape.com/
2026-09-02 23:20:35,186 - INFO - Request successful: 200 - https://books.toscrape.com/
2026-09-02 23:20:35,205 - INFO - HTML parsed successfully.
2026-09-02 23:20:35,209 - INFO - Product elements found: 20
2026-09-02 23:20:35,211 - INFO - Product URL resolved: https://books.toscrape.com/catalogue/a-light-in-the-attic_1000/index.html
2026-09-02 23:20:35,212 - INFO - Product URL resolved: https://books.toscrape.com/catalogue/tipping-the-velvet_999/index.html
2026-09-02 23:20:35,212 - INFO - Product URL resolved: https://books.toscrape.com/catalogue/soumission_998/index.html
2026-09-02 23:20:35,212 - INFO - Product URL resolved: https://books.toscrape.com/catalogue/sharp-objects_997/index.html
2026-09-02 23:20:35,213 - INFO - Product URL resolved: https://books.toscrape.com/catalogue/sapiens-a-brief-history-of-humankind_996/index.html
2026-09-02 23:20:35,213 - INFO - Product URL resolved: https://books.toscrape.com/catalogue/the-requiem-red_995/index.html
2026-09-02 23:20:35,213 - INFO - Product URL resolved: https://books.toscrape.com/catalogue/the-dirty-little-secrets-of-getting-your-dream-job_994/index.html
2026-09-02 23:20:35,213 - INFO - Product URL resolved: https://books.toscrape.com/catalogue/the-coming-woman-a-novel-based-on-the-life-of-the-infamous-feminist-victoria-woodhull_993/index.html
2026-09-02 23:20:35,214 - INFO - Product URL resolved: https://books.toscrape.com/catalogue/the-boys-in-the-boat-nine-americans-and-their-epic-quest-for-gold-at-the-1936-berlin-olympics_992/index.html
2026-09-02 23:20:35,214 - INFO - Product URL resolved: https://books.toscrape.com/catalogue/the-black-maria_991/index.html
2026-09-02 23:20:35,214 - INFO - Product URL resolved: https://books.toscrape.com/catalogue/starving-hearts-triangular-trade-trilogy-1_990/index.html
2026-09-02 23:20:35,215 - INFO - Product URL resolved: https://books.toscrape.com/catalogue/shakespeares-sonnets_989/index.html
2026-09-02 23:20:35,215 - INFO - Product URL resolved: https://books.toscrape.com/catalogue/set-me-free_988/index.html
2026-09-02 23:20:35,215 - INFO - Product URL resolved: https://books.toscrape.com/catalogue/scott-pilgrims-precious-little-life-scott-pilgrim-1_987/index.html
2026-09-02 23:20:35,215 - INFO - Product URL resolved: https://books.toscrape.com/catalogue/rip-it-up-and-start-again_986/index.html
2026-09-02 23:20:35,216 - INFO - Product URL resolved: https://books.toscrape.com/catalogue/our-band-could-be-your-life-scenes-from-the-american-indie-underground-1981-1991_985/index.html
2026-09-02 23:20:35,216 - INFO - Product URL resolved: https://books.toscrape.com/catalogue/olio_984/index.html
2026-09-02 23:20:35,216 - INFO - Product URL resolved: https://books.toscrape.com/catalogue/mesaerion-the-best-science-fiction-stories-1800-1849_983/index.html
2026-09-02 23:20:35,217 - INFO - Product URL resolved: https://books.toscrape.com/catalogue/libertarianism-for-beginners_982/index.html
2026-09-02 23:20:35,217 - INFO - Product URL resolved: https://books.toscrape.com/catalogue/its-only-the-himalayas_981/index.html
2026-09-02 23:20:35,217 - INFO - Successfully extracted 20 products.
2026-09-02 23:20:35,217 - INFO - Products found on page 1: 20
2026-09-02 23:20:35,217 - INFO - Product matched query: A Light in the Attic
2026-09-02 23:20:35,217 - INFO - Matching products collected so far: 1
2026-09-02 23:20:35,220 - INFO - Scraping page 2: https://books.toscrape.com/catalogue/page-2.html
2026-09-02 23:20:35,220 - INFO - Checking robots.txt: https://books.toscrape.com/robots.txt
2026-09-02 23:20:35,944 - INFO - robots.txt allows access: https://books.toscrape.com/catalogue/page-2.html
2026-09-02 23:20:37,668 - INFO - Request successful: 200 - https://books.toscrape.com/catalogue/page-2.html
2026-09-02 23:20:37,680 - INFO - HTML parsed successfully.
2026-09-02 23:20:37,696 - INFO - Product elements found: 20
2026-09-02 23:20:37,696 - INFO - Product URL resolved: https://books.toscrape.com/catalogue/in-her-wake_980/index.html
2026-09-02 23:20:37,696 - INFO - Product URL resolved: https://books.toscrape.com/catalogue/how-music-works_979/index.html
2026-09-02 23:20:37,696 - INFO - Product URL resolved: https://books.toscrape.com/catalogue/foolproof-preserving-a-guide-to-small-batch-jams-jellies-pickles-condiments-and-more-a-foolproof-guide-to-making-small-batch-jams-jellies-pickles-condiments-and-more_978/index.html
2026-09-02 23:20:37,696 - INFO - Product URL resolved: https://books.toscrape.com/catalogue/chase-me-paris-nights-2_977/index.html
2026-09-02 23:20:37,696 - INFO - Product URL resolved: https://books.toscrape.com/catalogue/black-dust_976/index.html
2026-09-02 23:20:37,696 - INFO - Product URL resolved: https://books.toscrape.com/catalogue/birdsong-a-story-in-pictures_975/index.html
2026-09-02 23:20:37,696 - INFO - Product URL resolved: https://books.toscrape.com/catalogue/americas-cradle-of-quarterbacks-western-pennsylvanias-football-factory-from-johnny-unitas-to-joe-montana_974/index.html
2026-09-02 23:20:37,696 - INFO - Product URL resolved: https://books.toscrape.com/catalogue/aladdin-and-his-wonderful-lamp_973/index.html
2026-09-02 23:20:37,696 - INFO - Product URL resolved: https://books.toscrape.com/catalogue/worlds-elsewhere-journeys-around-shakespeares-globe_972/index.html
2026-09-02 23:20:37,696 - INFO - Product URL resolved: https://books.toscrape.com/catalogue/wall-and-piece_971/index.html
2026-09-02 23:20:37,696 - INFO - Product URL resolved: https://books.toscrape.com/catalogue/the-four-agreements-a-practical-guide-to-personal-freedom_970/index.html
2026-09-02 23:20:37,696 - INFO - Product URL resolved: https://books.toscrape.com/catalogue/the-five-love-languages-how-to-express-heartfelt-commitment-to-your-mate_969/index.html
2026-09-02 23:20:37,696 - INFO - Product URL resolved: https://books.toscrape.com/catalogue/the-elephant-tree_968/index.html
2026-09-02 23:20:37,696 - INFO - Product URL resolved: https://books.toscrape.com/catalogue/the-bear-and-the-piano_967/index.html
2026-09-02 23:20:37,696 - INFO - Product URL resolved: https://books.toscrape.com/catalogue/sophies-world_966/index.html
2026-09-02 23:20:37,696 - INFO - Product URL resolved: https://books.toscrape.com/catalogue/penny-maybe_965/index.html
2026-09-02 23:20:37,696 - INFO - Product URL resolved: https://books.toscrape.com/catalogue/maude-1883-1993she-grew-up-with-the-country_964/index.html
2026-09-02 23:20:37,696 - INFO - Product URL resolved: https://books.toscrape.com/catalogue/in-a-dark-dark-wood_963/index.html
2026-09-02 23:20:37,696 - INFO - Product URL resolved: https://books.toscrape.com/catalogue/behind-closed-doors_962/index.html
2026-09-02 23:20:37,696 - INFO - Product URL resolved: https://books.toscrape.com/catalogue/you-cant-bury-them-all-poems_961/index.html
2026-09-02 23:20:37,696 - INFO - Successfully extracted 20 products.
2026-09-02 23:20:37,696 - INFO - Products found on page 2: 20
2026-09-02 23:20:37,696 - INFO - Matching products collected so far: 1
2026-09-02 23:20:37,696 - INFO - Scraping page 3: https://books.toscrape.com/catalogue/page-3.html
2026-09-02 23:20:37,696 - INFO - Checking robots.txt: https://books.toscrape.com/robots.txt
2026-09-02 23:20:38,422 - INFO - robots.txt allows access: https://books.toscrape.com/catalogue/page-3.html
2026-09-02 23:20:40,151 - INFO - Request successful: 200 - https://books.toscrape.com/catalogue/page-3.html
2026-09-02 23:20:40,183 - INFO - HTML parsed successfully.
2026-09-02 23:20:40,183 - INFO - Product elements found: 20
2026-09-02 23:20:40,183 - INFO - Product URL resolved: https://books.toscrape.com/catalogue/slow-states-of-collapse-poems_960/index.html
2026-09-02 23:20:40,183 - INFO - Product URL resolved: https://books.toscrape.com/catalogue/reasons-to-stay-alive_959/index.html
2026-09-02 23:20:40,183 - INFO - Product URL resolved: https://books.toscrape.com/catalogue/private-paris-private-10_958/index.html
2026-09-02 23:20:40,183 - INFO - Product URL resolved: https://books.toscrape.com/catalogue/higherselfie-wake-up-your-life-free-your-soul-find-your-tribe_957/index.html
2026-09-02 23:20:40,183 - INFO - Product URL resolved: https://books.toscrape.com/catalogue/without-borders-wanderlove-1_956/index.html
2026-09-02 23:20:40,183 - INFO - Product URL resolved: https://books.toscrape.com/catalogue/when-we-collided_955/index.html
2026-09-02 23:20:40,183 - INFO - Product URL resolved: https://books.toscrape.com/catalogue/we-love-you-charlie-freeman_954/index.html
2026-09-02 23:20:40,183 - INFO - Product URL resolved: https://books.toscrape.com/catalogue/untitled-collection-sabbath-poems-2014_953/index.html
2026-09-02 23:20:40,183 - INFO - Product URL resolved: https://books.toscrape.com/catalogue/unseen-city-the-majesty-of-pigeons-the-discreet-charm-of-snails-other-wonders-of-the-urban-wilderness_952/index.html
2026-09-02 23:20:40,183 - INFO - Product URL resolved: https://books.toscrape.com/catalogue/unicorn-tracks_951/index.html
2026-09-02 23:20:40,183 - INFO - Product URL resolved: https://books.toscrape.com/catalogue/unbound-how-eight-technologies-made-us-human-transformed-society-and-brought-our-world-to-the-brink_950/index.html
2026-09-02 23:20:40,183 - INFO - Product URL resolved: https://books.toscrape.com/catalogue/tsubasa-world-chronicle-2-tsubasa-world-chronicle-2_949/index.html
2026-09-02 23:20:40,183 - INFO - Product URL resolved: https://books.toscrape.com/catalogue/throwing-rocks-at-the-google-bus-how-growth-became-the-enemy-of-prosperity_948/index.html
2026-09-02 23:20:40,183 - INFO - Product URL resolved: https://books.toscrape.com/catalogue/this-one-summer_947/index.html
2026-09-02 23:20:40,183 - INFO - Product URL resolved: https://books.toscrape.com/catalogue/thirst_946/index.html
2026-09-02 23:20:40,183 - INFO - Product URL resolved: https://books.toscrape.com/catalogue/the-torch-is-passed-a-harding-family-story_945/index.html
2026-09-02 23:20:40,183 - INFO - Product URL resolved: https://books.toscrape.com/catalogue/the-secret-of-dreadwillow-carse_944/index.html
2026-09-02 23:20:40,183 - INFO - Product URL resolved: https://books.toscrape.com/catalogue/the-pioneer-woman-cooks-dinnertime-comfort-classics-freezer-food-16-minute-meals-and-other-delicious-ways-to-solve-supper_943/index.html
2026-09-02 23:20:40,183 - INFO - Product URL resolved: https://books.toscrape.com/catalogue/the-past-never-ends_942/index.html
2026-09-02 23:20:40,183 - INFO - Product URL resolved: https://books.toscrape.com/catalogue/the-natural-history-of-us-the-fine-art-of-pretending-2_941/index.html
2026-09-02 23:20:40,183 - INFO - Successfully extracted 20 products.
2026-09-02 23:20:40,183 - INFO - Products found on page 3: 20
2026-09-02 23:20:40,199 - INFO - Matching products collected so far: 1
2026-09-02 23:20:40,199 - INFO - Scraping page 4: https://books.toscrape.com/catalogue/page-4.html
2026-09-02 23:20:40,199 - INFO - Checking robots.txt: https://books.toscrape.com/robots.txt
2026-09-02 23:20:40,929 - INFO - robots.txt allows access: https://books.toscrape.com/catalogue/page-4.html
2026-09-02 23:20:42,659 - INFO - Request successful: 200 - https://books.toscrape.com/catalogue/page-4.html
2026-09-02 23:20:42,673 - INFO - HTML parsed successfully.
2026-09-02 23:20:42,678 - INFO - Product elements found: 20
2026-09-02 23:20:42,678 - INFO - Product URL resolved: https://books.toscrape.com/catalogue/the-nameless-city-the-nameless-city-1_940/index.html
2026-09-02 23:20:42,678 - INFO - Product URL resolved: https://books.toscrape.com/catalogue/the-murder-that-never-was-forensic-instincts-5_939/index.html
2026-09-02 23:20:42,678 - INFO - Product URL resolved: https://books.toscrape.com/catalogue/the-most-perfect-thing-inside-and-outside-a-birds-egg_938/index.html
2026-09-02 23:20:42,678 - INFO - Product URL resolved: https://books.toscrape.com/catalogue/the-mindfulness-and-acceptance-workbook-for-anxiety-a-guide-to-breaking-free-from-anxiety-phobias-and-worry-using-acceptance-and-commitment-therapy_937/index.html
2026-09-02 23:20:42,678 - INFO - Product URL resolved: https://books.toscrape.com/catalogue/the-life-changing-magic-of-tidying-up-the-japanese-art-of-decluttering-and-organizing_936/index.html
2026-09-02 23:20:42,678 - INFO - Product URL resolved: https://books.toscrape.com/catalogue/the-inefficiency-assassin-time-management-tactics-for-working-smarter-not-longer_935/index.html
2026-09-02 23:20:42,678 - INFO - Product URL resolved: https://books.toscrape.com/catalogue/the-gutsy-girl-escapades-for-your-life-of-epic-adventure_934/index.html
2026-09-02 23:20:42,678 - INFO - Product URL resolved: https://books.toscrape.com/catalogue/the-electric-pencil-drawings-from-inside-state-hospital-no-3_933/index.html
2026-09-02 23:20:42,678 - INFO - Product URL resolved: https://books.toscrape.com/catalogue/the-death-of-humanity-and-the-case-for-life_932/index.html
2026-09-02 23:20:42,678 - INFO - Product URL resolved: https://books.toscrape.com/catalogue/the-bulletproof-diet-lose-up-to-a-pound-a-day-reclaim-energy-and-focus-upgrade-your-life_931/index.html
2026-09-02 23:20:42,678 - INFO - Product URL resolved: https://books.toscrape.com/catalogue/the-art-forger_930/index.html
2026-09-02 23:20:42,678 - INFO - Product URL resolved: https://books.toscrape.com/catalogue/the-age-of-genius-the-seventeenth-century-and-the-birth-of-the-modern-mind_929/index.html
2026-09-02 23:20:42,678 - INFO - Product URL resolved: https://books.toscrape.com/catalogue/the-activists-tao-te-ching-ancient-advice-for-a-modern-revolution_928/index.html
2026-09-02 23:20:42,678 - INFO - Product URL resolved: https://books.toscrape.com/catalogue/spark-joy-an-illustrated-master-class-on-the-art-of-organizing-and-tidying-up_927/index.html
2026-09-02 23:20:42,678 - INFO - Product URL resolved: https://books.toscrape.com/catalogue/soul-reader_926/index.html
2026-09-02 23:20:42,678 - INFO - Product URL resolved: https://books.toscrape.com/catalogue/security_925/index.html
2026-09-02 23:20:42,678 - INFO - Product URL resolved: https://books.toscrape.com/catalogue/saga-volume-6-saga-collected-editions-6_924/index.html
2026-09-02 23:20:42,678 - INFO - Product URL resolved: https://books.toscrape.com/catalogue/saga-volume-5-saga-collected-editions-5_923/index.html
2026-09-02 23:20:42,678 - INFO - Product URL resolved: https://books.toscrape.com/catalogue/reskilling-america-learning-to-labor-in-the-twenty-first-century_922/index.html
2026-09-02 23:20:42,678 - INFO - Product URL resolved: https://books.toscrape.com/catalogue/rat-queens-vol-3-demons-rat-queens-collected-editions-11-15_921/index.html
2026-09-02 23:20:42,678 - INFO - Successfully extracted 20 products.
2026-09-02 23:20:42,678 - INFO - Products found on page 4: 20
2026-09-02 23:20:42,678 - INFO - Matching products collected so far: 1
2026-09-02 23:20:42,678 - INFO - Scraping page 5: https://books.toscrape.com/catalogue/page-5.html
2026-09-02 23:20:42,678 - INFO - Checking robots.txt: https://books.toscrape.com/robots.txt
2026-09-02 23:20:43,601 - INFO - robots.txt allows access: https://books.toscrape.com/catalogue/page-5.html
2026-09-02 23:20:45,326 - INFO - Request successful: 200 - https://books.toscrape.com/catalogue/page-5.html
2026-09-02 23:20:45,350 - INFO - HTML parsed successfully.
2026-09-02 23:20:45,351 - INFO - Product elements found: 20
2026-09-02 23:20:45,351 - INFO - Product URL resolved: https://books.toscrape.com/catalogue/princess-jellyfish-2-in-1-omnibus-vol-01-princess-jellyfish-2-in-1-omnibus-1_920/index.html
2026-09-02 23:20:45,351 - INFO - Product URL resolved: https://books.toscrape.com/catalogue/princess-between-worlds-wide-awake-princess-5_919/index.html
2026-09-02 23:20:45,351 - INFO - Product URL resolved: https://books.toscrape.com/catalogue/pop-gun-war-volume-1-gift_918/index.html
2026-09-02 23:20:45,352 - INFO - Product URL resolved: https://books.toscrape.com/catalogue/political-suicide-missteps-peccadilloes-bad-calls-backroom-hijinx-sordid-pasts-rotten-breaks-and-just-plain-dumb-mistakes-in-the-annals-of-american-politics_917/index.html
2026-09-02 23:20:45,352 - INFO - Product URL resolved: https://books.toscrape.com/catalogue/patience_916/index.html
2026-09-02 23:20:45,352 - INFO - Product URL resolved: https://books.toscrape.com/catalogue/outcast-vol-1-a-darkness-surrounds-him-outcast-1_915/index.html
2026-09-02 23:20:45,353 - INFO - Product URL resolved: https://books.toscrape.com/catalogue/orange-the-complete-collection-1-orange-the-complete-collection-1_914/index.html
2026-09-02 23:20:45,353 - INFO - Product URL resolved: https://books.toscrape.com/catalogue/online-marketing-for-busy-authors-a-step-by-step-guide_913/index.html
2026-09-02 23:20:45,353 - INFO - Product URL resolved: https://books.toscrape.com/catalogue/on-a-midnight-clear_912/index.html
2026-09-02 23:20:45,353 - INFO - Product URL resolved: https://books.toscrape.com/catalogue/obsidian-lux-1_911/index.html
2026-09-02 23:20:45,354 - INFO - Product URL resolved: https://books.toscrape.com/catalogue/my-paris-kitchen-recipes-and-stories_910/index.html
2026-09-02 23:20:45,354 - INFO - Product URL resolved: https://books.toscrape.com/catalogue/masks-and-shadows_909/index.html
2026-09-02 23:20:45,354 - INFO - Product URL resolved: https://books.toscrape.com/catalogue/mama-tried-traditional-italian-cooking-for-the-screwed-crude-vegan-and-tattooed_908/index.html
2026-09-02 23:20:45,355 - INFO - Product URL resolved: https://books.toscrape.com/catalogue/lumberjanes-vol-2-friendship-to-the-max-lumberjanes-5-8_907/index.html
2026-09-02 23:20:45,355 - INFO - Product URL resolved: https://books.toscrape.com/catalogue/lumberjanes-vol-1-beware-the-kitten-holy-lumberjanes-1-4_906/index.html
2026-09-02 23:20:45,355 - INFO - Product URL resolved: https://books.toscrape.com/catalogue/lumberjanes-vol-3-a-terrible-plan-lumberjanes-9-12_905/index.html
2026-09-02 23:20:45,355 - INFO - Product URL resolved: https://books.toscrape.com/catalogue/layered-baking-building-and-styling-spectacular-cakes_904/index.html
2026-09-02 23:20:45,355 - INFO - Product URL resolved: https://books.toscrape.com/catalogue/judo-seven-steps-to-black-belt-an-introductory-guide-for-beginners_903/index.html
2026-09-02 23:20:45,355 - INFO - Product URL resolved: https://books.toscrape.com/catalogue/join_902/index.html
2026-09-02 23:20:45,355 - INFO - Product URL resolved: https://books.toscrape.com/catalogue/in-the-country-we-love-my-family-divided_901/index.html
2026-09-02 23:20:45,355 - INFO - Successfully extracted 20 products.
2026-09-02 23:20:45,355 - INFO - Products found on page 5: 20
2026-09-02 23:20:45,355 - INFO - Matching products collected so far: 1
2026-09-02 23:20:45,355 - INFO - Scraping page 6: https://books.toscrape.com/catalogue/page-6.html
2026-09-02 23:20:45,355 - INFO - Checking robots.txt: https://books.toscrape.com/robots.txt
2026-09-02 23:20:46,085 - INFO - robots.txt allows access: https://books.toscrape.com/catalogue/page-6.html
2026-09-02 23:20:47,814 - INFO - Request successful: 200 - https://books.toscrape.com/catalogue/page-6.html
2026-09-02 23:20:47,830 - INFO - HTML parsed successfully.
2026-09-02 23:20:47,830 - INFO - Product elements found: 20
2026-09-02 23:20:47,830 - INFO - Product URL resolved: https://books.toscrape.com/catalogue/immunity-how-elie-metchnikoff-changed-the-course-of-modern-medicine_900/index.html
2026-09-02 23:20:47,830 - INFO - Product URL resolved: https://books.toscrape.com/catalogue/i-hate-fairyland-vol-1-madly-ever-after-i-hate-fairyland-compilations-1-5_899/index.html
2026-09-02 23:20:47,834 - INFO - Product URL resolved: https://books.toscrape.com/catalogue/i-am-a-hero-omnibus-volume-1_898/index.html
2026-09-02 23:20:47,834 - INFO - Product URL resolved: https://books.toscrape.com/catalogue/how-to-be-miserable-40-strategies-you-already-use_897/index.html
2026-09-02 23:20:47,835 - INFO - Product URL resolved: https://books.toscrape.com/catalogue/her-backup-boyfriend-the-sorensen-family-1_896/index.html
2026-09-02 23:20:47,835 - INFO - Product URL resolved: https://books.toscrape.com/catalogue/giant-days-vol-2-giant-days-5-8_895/index.html
2026-09-02 23:20:47,835 - INFO - Product URL resolved: https://books.toscrape.com/catalogue/forever-and-forever-the-courtship-of-henry-longfellow-and-fanny-appleton_894/index.html
2026-09-02 23:20:47,835 - INFO - Product URL resolved: https://books.toscrape.com/catalogue/first-and-first-five-boroughs-3_893/index.html
2026-09-02 23:20:47,836 - INFO - Product URL resolved: https://books.toscrape.com/catalogue/fifty-shades-darker-fifty-shades-2_892/index.html
2026-09-02 23:20:47,836 - INFO - Product URL resolved: https://books.toscrape.com/catalogue/everydata-the-misinformation-hidden-in-the-little-data-you-consume-every-day_891/index.html
2026-09-02 23:20:47,837 - INFO - Product URL resolved: https://books.toscrape.com/catalogue/dont-be-a-jerk-and-other-practical-advice-from-dogen-japans-greatest-zen-master_890/index.html
2026-09-02 23:20:47,837 - INFO - Product URL resolved: https://books.toscrape.com/catalogue/danganronpa-volume-1_889/index.html
2026-09-02 23:20:47,837 - INFO - Product URL resolved: https://books.toscrape.com/catalogue/crown-of-midnight-throne-of-glass-2_888/index.html
2026-09-02 23:20:47,838 - INFO - Product URL resolved: https://books.toscrape.com/catalogue/codename-baboushka-volume-1-the-conclave-of-death_887/index.html
2026-09-02 23:20:47,838 - INFO - Product URL resolved: https://books.toscrape.com/catalogue/camp-midnight_886/index.html
2026-09-02 23:20:47,839 - INFO - Product URL resolved: https://books.toscrape.com/catalogue/call-the-nurse-true-stories-of-a-country-nurse-on-a-scottish-isle_885/index.html
2026-09-02 23:20:47,839 - INFO - Product URL resolved: https://books.toscrape.com/catalogue/burning_884/index.html
2026-09-02 23:20:47,839 - INFO - Product URL resolved: https://books.toscrape.com/catalogue/bossypants_883/index.html
2026-09-02 23:20:47,839 - INFO - Product URL resolved: https://books.toscrape.com/catalogue/bitch-planet-vol-1-extraordinary-machine-bitch-planet-collected-editions_882/index.html
2026-09-02 23:20:47,839 - INFO - Product URL resolved: https://books.toscrape.com/catalogue/avatar-the-last-airbender-smoke-and-shadow-part-3-smoke-and-shadow-3_881/index.html
2026-09-02 23:20:47,839 - INFO - Successfully extracted 20 products.
2026-09-02 23:20:47,839 - INFO - Products found on page 6: 20
2026-09-02 23:20:47,839 - INFO - Matching products collected so far: 1
2026-09-02 23:20:47,841 - INFO - Scraping page 7: https://books.toscrape.com/catalogue/page-7.html
2026-09-02 23:20:47,841 - INFO - Checking robots.txt: https://books.toscrape.com/robots.txt
2026-09-02 23:20:48,570 - INFO - robots.txt allows access: https://books.toscrape.com/catalogue/page-7.html
2026-09-02 23:20:50,284 - INFO - Request successful: 200 - https://books.toscrape.com/catalogue/page-7.html
2026-09-02 23:20:50,313 - INFO - HTML parsed successfully.
2026-09-02 23:20:50,313 - INFO - Product elements found: 20
2026-09-02 23:20:50,313 - INFO - Product URL resolved: https://books.toscrape.com/catalogue/algorithms-to-live-by-the-computer-science-of-human-decisions_880/index.html
2026-09-02 23:20:50,313 - INFO - Product URL resolved: https://books.toscrape.com/catalogue/a-world-of-flavor-your-gluten-free-passport_879/index.html
2026-09-02 23:20:50,313 - INFO - Product URL resolved: https://books.toscrape.com/catalogue/a-piece-of-sky-a-grain-of-rice-a-memoir-in-four-meditations_878/index.html
2026-09-02 23:20:50,313 - INFO - Product URL resolved: https://books.toscrape.com/catalogue/a-murder-in-time_877/index.html
2026-09-02 23:20:50,313 - INFO - Product URL resolved: https://books.toscrape.com/catalogue/a-flight-of-arrows-the-pathfinders-2_876/index.html
2026-09-02 23:20:50,313 - INFO - Product URL resolved: https://books.toscrape.com/catalogue/a-fierce-and-subtle-poison_875/index.html
2026-09-02 23:20:50,313 - INFO - Product URL resolved: https://books.toscrape.com/catalogue/a-court-of-thorns-and-roses-a-court-of-thorns-and-roses-1_874/index.html
2026-09-02 23:20:50,313 - INFO - Product URL resolved: https://books.toscrape.com/catalogue/unqualified-how-god-uses-broken-people-to-do-big-things_873/index.html
2026-09-02 23:20:50,313 - INFO - Product URL resolved: https://books.toscrape.com/catalogue/you-are-what-you-love-the-spiritual-power-of-habit_872/index.html
2026-09-02 23:20:50,313 - INFO - Product URL resolved: https://books.toscrape.com/catalogue/william-shakespeares-star-wars-verily-a-new-hope-william-shakespeares-star-wars-4_871/index.html
2026-09-02 23:20:50,313 - INFO - Product URL resolved: https://books.toscrape.com/catalogue/tuesday-nights-in-1980_870/index.html
2026-09-02 23:20:50,313 - INFO - Product URL resolved: https://books.toscrape.com/catalogue/tracing-numbers-on-a-train_869/index.html
2026-09-02 23:20:50,313 - INFO - Product URL resolved: https://books.toscrape.com/catalogue/throne-of-glass-throne-of-glass-1_868/index.html
2026-09-02 23:20:50,313 - INFO - Product URL resolved: https://books.toscrape.com/catalogue/thomas-jefferson-and-the-tripoli-pirates-the-forgotten-war-that-changed-american-history_867/index.html
2026-09-02 23:20:50,313 - INFO - Product URL resolved: https://books.toscrape.com/catalogue/thirteen-reasons-why_866/index.html
2026-09-02 23:20:50,313 - INFO - Product URL resolved: https://books.toscrape.com/catalogue/the-white-cat-and-the-monk-a-retelling-of-the-poem-pangur-ban_865/index.html
2026-09-02 23:20:50,313 - INFO - Product URL resolved: https://books.toscrape.com/catalogue/the-wedding-dress_864/index.html
2026-09-02 23:20:50,313 - INFO - Product URL resolved: https://books.toscrape.com/catalogue/the-vacationers_863/index.html
2026-09-02 23:20:50,313 - INFO - Product URL resolved: https://books.toscrape.com/catalogue/the-third-wave-an-entrepreneurs-vision-of-the-future_862/index.html
2026-09-02 23:20:50,313 - INFO - Product URL resolved: https://books.toscrape.com/catalogue/the-stranger_861/index.html
2026-09-02 23:20:50,313 - INFO - Successfully extracted 20 products.
2026-09-02 23:20:50,313 - INFO - Products found on page 7: 20
2026-09-02 23:20:50,313 - INFO - Matching products collected so far: 1
2026-09-02 23:20:50,313 - INFO - Scraping page 8: https://books.toscrape.com/catalogue/page-8.html
2026-09-02 23:20:50,313 - INFO - Checking robots.txt: https://books.toscrape.com/robots.txt
2026-09-02 23:20:51,040 - INFO - robots.txt allows access: https://books.toscrape.com/catalogue/page-8.html
2026-09-02 23:20:52,804 - INFO - Request successful: 200 - https://books.toscrape.com/catalogue/page-8.html
2026-09-02 23:20:52,835 - INFO - HTML parsed successfully.
2026-09-02 23:20:52,835 - INFO - Product elements found: 20
2026-09-02 23:20:52,835 - INFO - Product URL resolved: https://books.toscrape.com/catalogue/the-shadow-hero-the-shadow-hero_860/index.html
2026-09-02 23:20:52,835 - INFO - Product URL resolved: https://books.toscrape.com/catalogue/the-secret-the-secret-1_859/index.html
2026-09-02 23:20:52,838 - INFO - Product URL resolved: https://books.toscrape.com/catalogue/the-regional-office-is-under-attack_858/index.html
2026-09-02 23:20:52,838 - INFO - Product URL resolved: https://books.toscrape.com/catalogue/the-psychopath-test-a-journey-through-the-madness-industry_857/index.html
2026-09-02 23:20:52,838 - INFO - Product URL resolved: https://books.toscrape.com/catalogue/the-project_856/index.html
2026-09-02 23:20:52,838 - INFO - Product URL resolved: https://books.toscrape.com/catalogue/the-power-of-now-a-guide-to-spiritual-enlightenment_855/index.html
2026-09-02 23:20:52,838 - INFO - Product URL resolved: https://books.toscrape.com/catalogue/the-omnivores-dilemma-a-natural-history-of-four-meals_854/index.html
2026-09-02 23:20:52,838 - INFO - Product URL resolved: https://books.toscrape.com/catalogue/the-nerdy-nummies-cookbook-sweet-treats-for-the-geek-in-all-of-us_853/index.html
2026-09-02 23:20:52,838 - INFO - Product URL resolved: https://books.toscrape.com/catalogue/the-murder-of-roger-ackroyd-hercule-poirot-4_852/index.html
2026-09-02 23:20:52,840 - INFO - Product URL resolved: https://books.toscrape.com/catalogue/the-mistake-off-campus-2_851/index.html
2026-09-02 23:20:52,840 - INFO - Product URL resolved: https://books.toscrape.com/catalogue/the-matchmakers-playbook-wingmen-inc-1_850/index.html
2026-09-02 23:20:52,840 - INFO - Product URL resolved: https://books.toscrape.com/catalogue/the-love-and-lemons-cookbook-an-apple-to-zucchini-celebration-of-impromptu-cooking_849/index.html
2026-09-02 23:20:52,840 - INFO - Product URL resolved: https://books.toscrape.com/catalogue/the-long-shadow-of-small-ghosts-murder-and-memory-in-an-american-city_848/index.html
2026-09-02 23:20:52,840 - INFO - Product URL resolved: https://books.toscrape.com/catalogue/the-kite-runner_847/index.html
2026-09-02 23:20:52,840 - INFO - Product URL resolved: https://books.toscrape.com/catalogue/the-house-by-the-lake_846/index.html
2026-09-02 23:20:52,840 - INFO - Product URL resolved: https://books.toscrape.com/catalogue/the-glittering-court-the-glittering-court-1_845/index.html
2026-09-02 23:20:52,842 - INFO - Product URL resolved: https://books.toscrape.com/catalogue/the-girl-on-the-train_844/index.html
2026-09-02 23:20:52,842 - INFO - Product URL resolved: https://books.toscrape.com/catalogue/the-genius-of-birds_843/index.html
2026-09-02 23:20:52,842 - INFO - Product URL resolved: https://books.toscrape.com/catalogue/the-emerald-mystery_842/index.html
2026-09-02 23:20:52,842 - INFO - Product URL resolved: https://books.toscrape.com/catalogue/the-cookies-cups-cookbook-125-sweet-savory-recipes-reminding-you-to-always-eat-dessert-first_841/index.html
2026-09-02 23:20:52,842 - INFO - Successfully extracted 20 products.
2026-09-02 23:20:52,842 - INFO - Products found on page 8: 20
2026-09-02 23:20:52,842 - INFO - Matching products collected so far: 1
2026-09-02 23:20:52,844 - INFO - Scraping page 9: https://books.toscrape.com/catalogue/page-9.html
2026-09-02 23:20:52,844 - INFO - Checking robots.txt: https://books.toscrape.com/robots.txt
2026-09-02 23:20:53,566 - INFO - robots.txt allows access: https://books.toscrape.com/catalogue/page-9.html
2026-09-02 23:20:55,294 - INFO - Request successful: 200 - https://books.toscrape.com/catalogue/page-9.html
2026-09-02 23:20:55,308 - INFO - HTML parsed successfully.
2026-09-02 23:20:55,308 - INFO - Product elements found: 20
2026-09-02 23:20:55,308 - INFO - Product URL resolved: https://books.toscrape.com/catalogue/the-bridge-to-consciousness-im-writing-the-bridge-between-science-and-our-old-and-new-beliefs_840/index.html
2026-09-02 23:20:55,308 - INFO - Product URL resolved: https://books.toscrape.com/catalogue/the-artists-way-a-spiritual-path-to-higher-creativity_839/index.html
2026-09-02 23:20:55,308 - INFO - Product URL resolved: https://books.toscrape.com/catalogue/the-art-of-war_838/index.html
2026-09-02 23:20:55,308 - INFO - Product URL resolved: https://books.toscrape.com/catalogue/the-argonauts_837/index.html
2026-09-02 23:20:55,308 - INFO - Product URL resolved: https://books.toscrape.com/catalogue/the-10-entrepreneur-live-your-startup-dream-without-quitting-your-day-job_836/index.html
2026-09-02 23:20:55,308 - INFO - Product URL resolved: https://books.toscrape.com/catalogue/suddenly-in-love-lake-haven-1_835/index.html
2026-09-02 23:20:55,308 - INFO - Product URL resolved: https://books.toscrape.com/catalogue/something-more-than-this_834/index.html
2026-09-02 23:20:55,308 - INFO - Product URL resolved: https://books.toscrape.com/catalogue/soft-apocalypse_833/index.html
2026-09-02 23:20:55,308 - INFO - Product URL resolved: https://books.toscrape.com/catalogue/so-youve-been-publicly-shamed_832/index.html
2026-09-02 23:20:55,308 - INFO - Product URL resolved: https://books.toscrape.com/catalogue/shoe-dog-a-memoir-by-the-creator-of-nike_831/index.html
2026-09-02 23:20:55,308 - INFO - Product URL resolved: https://books.toscrape.com/catalogue/shobu-samurai-project-aryoku-3_830/index.html
2026-09-02 23:20:55,308 - INFO - Product URL resolved: https://books.toscrape.com/catalogue/secrets-and-lace-fatal-hearts-1_829/index.html
2026-09-02 23:20:55,308 - INFO - Product URL resolved: https://books.toscrape.com/catalogue/scarlett-epstein-hates-it-here_828/index.html
2026-09-02 23:20:55,308 - INFO - Product URL resolved: https://books.toscrape.com/catalogue/romero-and-juliet-a-tragic-tale-of-love-and-zombies_827/index.html
2026-09-02 23:20:55,308 - INFO - Product URL resolved: https://books.toscrape.com/catalogue/redeeming-love_826/index.html
2026-09-02 23:20:55,308 - INFO - Product URL resolved: https://books.toscrape.com/catalogue/poses-for-artists-volume-1-dynamic-and-sitting-poses-an-essential-reference-for-figure-drawing-and-the-human-form_825/index.html
2026-09-02 23:20:55,324 - INFO - Product URL resolved: https://books.toscrape.com/catalogue/poems-that-make-grown-women-cry_824/index.html
2026-09-02 23:20:55,324 - INFO - Product URL resolved: https://books.toscrape.com/catalogue/nightingale-sing_823/index.html
2026-09-02 23:20:55,324 - INFO - Product URL resolved: https://books.toscrape.com/catalogue/night-sky-with-exit-wounds_822/index.html
2026-09-02 23:20:55,324 - INFO - Product URL resolved: https://books.toscrape.com/catalogue/mrs-houdini_821/index.html
2026-09-02 23:20:55,324 - INFO - Successfully extracted 20 products.
2026-09-02 23:20:55,324 - INFO - Products found on page 9: 20
2026-09-02 23:20:55,324 - INFO - Matching products collected so far: 1
2026-09-02 23:20:55,324 - INFO - Scraping page 10: https://books.toscrape.com/catalogue/page-10.html
2026-09-02 23:20:55,324 - INFO - Checking robots.txt: https://books.toscrape.com/robots.txt
2026-09-02 23:20:56,051 - INFO - robots.txt allows access: https://books.toscrape.com/catalogue/page-10.html
2026-09-02 23:20:57,799 - INFO - Request successful: 200 - https://books.toscrape.com/catalogue/page-10.html
2026-09-02 23:20:57,815 - INFO - HTML parsed successfully.
2026-09-02 23:20:57,815 - INFO - Product elements found: 20
2026-09-02 23:20:57,815 - INFO - Product URL resolved: https://books.toscrape.com/catalogue/modern-romance_820/index.html
2026-09-02 23:20:57,815 - INFO - Product URL resolved: https://books.toscrape.com/catalogue/miss-peregrines-home-for-peculiar-children-miss-peregrines-peculiar-children-1_819/index.html
2026-09-02 23:20:57,815 - INFO - Product URL resolved: https://books.toscrape.com/catalogue/louisa-the-extraordinary-life-of-mrs-adams_818/index.html
2026-09-02 23:20:57,815 - INFO - Product URL resolved: https://books.toscrape.com/catalogue/little-red_817/index.html
2026-09-02 23:20:57,815 - INFO - Product URL resolved: https://books.toscrape.com/catalogue/library-of-souls-miss-peregrines-peculiar-children-3_816/index.html
2026-09-02 23:20:57,815 - INFO - Product URL resolved: https://books.toscrape.com/catalogue/large-print-heart-of-the-pride_815/index.html
2026-09-02 23:20:57,815 - INFO - Product URL resolved: https://books.toscrape.com/catalogue/i-had-a-nice-time-and-other-lies-how-to-find-love-sht-like-that_814/index.html
2026-09-02 23:20:57,815 - INFO - Product URL resolved: https://books.toscrape.com/catalogue/hollow-city-miss-peregrines-peculiar-children-2_813/index.html
2026-09-02 23:20:57,815 - INFO - Product URL resolved: https://books.toscrape.com/catalogue/grumbles_812/index.html
2026-09-02 23:20:57,815 - INFO - Product URL resolved: https://books.toscrape.com/catalogue/full-moon-over-noahs-ark-an-odyssey-to-mount-ararat-and-beyond_811/index.html
2026-09-02 23:20:57,815 - INFO - Product URL resolved: https://books.toscrape.com/catalogue/frostbite-vampire-academy-2_810/index.html
2026-09-02 23:20:57,815 - INFO - Product URL resolved: https://books.toscrape.com/catalogue/follow-you-home_809/index.html
2026-09-02 23:20:57,815 - INFO - Product URL resolved: https://books.toscrape.com/catalogue/first-steps-for-new-christians-print-edition_808/index.html
2026-09-02 23:20:57,815 - INFO - Product URL resolved: https://books.toscrape.com/catalogue/finders-keepers-bill-hodges-trilogy-2_807/index.html
2026-09-02 23:20:57,815 - INFO - Product URL resolved: https://books.toscrape.com/catalogue/fables-vol-1-legends-in-exile-fables-1_806/index.html
2026-09-02 23:20:57,815 - INFO - Product URL resolved: https://books.toscrape.com/catalogue/eureka-trivia-60_805/index.html
2026-09-02 23:20:57,815 - INFO - Product URL resolved: https://books.toscrape.com/catalogue/drive-the-surprising-truth-about-what-motivates-us_804/index.html
2026-09-02 23:20:57,815 - INFO - Product URL resolved: https://books.toscrape.com/catalogue/done-rubbed-out-reightman-bailey-1_803/index.html
2026-09-02 23:20:57,815 - INFO - Product URL resolved: https://books.toscrape.com/catalogue/doing-it-over-most-likely-to-1_802/index.html
2026-09-02 23:20:57,815 - INFO - Product URL resolved: https://books.toscrape.com/catalogue/deliciously-ella-every-day-quick-and-easy-recipes-for-gluten-free-snacks-packed-lunches-and-simple-meals_801/index.html
2026-09-02 23:20:57,815 - INFO - Successfully extracted 20 products.
2026-09-02 23:20:57,815 - INFO - Products found on page 10: 20
2026-09-02 23:20:57,815 - INFO - Matching products collected so far: 1
2026-09-02 23:20:57,815 - INFO - Scraping page 11: https://books.toscrape.com/catalogue/page-11.html
2026-09-02 23:20:57,815 - INFO - Checking robots.txt: https://books.toscrape.com/robots.txt
2026-09-02 23:20:58,556 - INFO - robots.txt allows access: https://books.toscrape.com/catalogue/page-11.html
2026-09-02 23:21:00,299 - INFO - Request successful: 200 - https://books.toscrape.com/catalogue/page-11.html
2026-09-02 23:21:00,315 - INFO - HTML parsed successfully.
2026-09-02 23:21:00,315 - INFO - Product elements found: 20
2026-09-02 23:21:00,315 - INFO - Product URL resolved: https://books.toscrape.com/catalogue/dark-notes_800/index.html
2026-09-02 23:21:00,315 - INFO - Product URL resolved: https://books.toscrape.com/catalogue/daring-greatly-how-the-courage-to-be-vulnerable-transforms-the-way-we-live-love-parent-and-lead_799/index.html
2026-09-02 23:21:00,318 - INFO - Product URL resolved: https://books.toscrape.com/catalogue/close-to-you_798/index.html
2026-09-02 23:21:00,318 - INFO - Product URL resolved: https://books.toscrape.com/catalogue/chasing-heaven-what-dying-taught-me-about-living_797/index.html
2026-09-02 23:21:00,318 - INFO - Product URL resolved: https://books.toscrape.com/catalogue/big-magic-creative-living-beyond-fear_796/index.html
2026-09-02 23:21:00,319 - INFO - Product URL resolved: https://books.toscrape.com/catalogue/becoming-wise-an-inquiry-into-the-mystery-and-art-of-living_795/index.html
2026-09-02 23:21:00,319 - INFO - Product URL resolved: https://books.toscrape.com/catalogue/beauty-restored-riley-family-legacy-novellas-3_794/index.html
2026-09-02 23:21:00,319 - INFO - Product URL resolved: https://books.toscrape.com/catalogue/batman-the-long-halloween-batman_793/index.html
2026-09-02 23:21:00,319 - INFO - Product URL resolved: https://books.toscrape.com/catalogue/batman-the-dark-knight-returns-batman_792/index.html
2026-09-02 23:21:00,320 - INFO - Product URL resolved: https://books.toscrape.com/catalogue/ayumis-violin_791/index.html
2026-09-02 23:21:00,320 - INFO - Product URL resolved: https://books.toscrape.com/catalogue/anonymous_790/index.html
2026-09-02 23:21:00,320 - INFO - Product URL resolved: https://books.toscrape.com/catalogue/amy-meets-the-saints-and-sages_789/index.html
2026-09-02 23:21:00,321 - INFO - Product URL resolved: https://books.toscrape.com/catalogue/amid-the-chaos_788/index.html
2026-09-02 23:21:00,321 - INFO - Product URL resolved: https://books.toscrape.com/catalogue/amatus_787/index.html
2026-09-02 23:21:00,321 - INFO - Product URL resolved: https://books.toscrape.com/catalogue/agnostic-a-spirited-manifesto_786/index.html
2026-09-02 23:21:00,321 - INFO - Product URL resolved: https://books.toscrape.com/catalogue/zealot-the-life-and-times-of-jesus-of-nazareth_785/index.html
2026-09-02 23:21:00,322 - INFO - Product URL resolved: https://books.toscrape.com/catalogue/you-you-1_784/index.html
2026-09-02 23:21:00,322 - INFO - Product URL resolved: https://books.toscrape.com/catalogue/wonder-woman-earth-one-volume-one-wonder-woman-earth-one-1_783/index.html
2026-09-02 23:21:00,322 - INFO - Product URL resolved: https://books.toscrape.com/catalogue/wild-swans_782/index.html
2026-09-02 23:21:00,322 - INFO - Product URL resolved: https://books.toscrape.com/catalogue/why-the-right-went-wrong-conservatism-from-goldwater-to-the-tea-party-and-beyond_781/index.html
2026-09-02 23:21:00,322 - INFO - Successfully extracted 20 products.
2026-09-02 23:21:00,322 - INFO - Products found on page 11: 20
2026-09-02 23:21:00,322 - INFO - Matching products collected so far: 1
2026-09-02 23:21:00,324 - INFO - Scraping page 12: https://books.toscrape.com/catalogue/page-12.html
2026-09-02 23:21:00,324 - INFO - Checking robots.txt: https://books.toscrape.com/robots.txt
2026-09-02 23:21:01,043 - INFO - robots.txt allows access: https://books.toscrape.com/catalogue/page-12.html
2026-09-02 23:21:02,756 - INFO - Request successful: 200 - https://books.toscrape.com/catalogue/page-12.html
2026-09-02 23:21:02,777 - INFO - HTML parsed successfully.
2026-09-02 23:21:02,781 - INFO - Product elements found: 20
2026-09-02 23:21:02,781 - INFO - Product URL resolved: https://books.toscrape.com/catalogue/whole-lotta-creativity-going-on-60-fun-and-unusual-exercises-to-awaken-and-strengthen-your-creativity_780/index.html
2026-09-02 23:21:02,782 - INFO - Product URL resolved: https://books.toscrape.com/catalogue/whats-it-like-in-space-stories-from-astronauts-whove-been-there_779/index.html
2026-09-02 23:21:02,782 - INFO - Product URL resolved: https://books.toscrape.com/catalogue/we-are-robin-vol-1-the-vigilante-business-we-are-robin-1_778/index.html
2026-09-02 23:21:02,782 - INFO - Product URL resolved: https://books.toscrape.com/catalogue/walt-disneys-alice-in-wonderland_777/index.html
2026-09-02 23:21:02,783 - INFO - Product URL resolved: https://books.toscrape.com/catalogue/v-for-vendetta-v-for-vendetta-complete_776/index.html
2026-09-02 23:21:02,783 - INFO - Product URL resolved: https://books.toscrape.com/catalogue/until-friday-night-the-field-party-1_775/index.html
2026-09-02 23:21:02,783 - INFO - Product URL resolved: https://books.toscrape.com/catalogue/unbroken-a-world-war-ii-story-of-survival-resilience-and-redemption_774/index.html
2026-09-02 23:21:02,783 - INFO - Product URL resolved: https://books.toscrape.com/catalogue/twenty-yawns_773/index.html
2026-09-02 23:21:02,784 - INFO - Product URL resolved: https://books.toscrape.com/catalogue/through-the-woods_772/index.html
2026-09-02 23:21:02,784 - INFO - Product URL resolved: https://books.toscrape.com/catalogue/this-is-where-it-ends_771/index.html
2026-09-02 23:21:02,784 - INFO - Product URL resolved: https://books.toscrape.com/catalogue/the-year-of-magical-thinking_770/index.html
2026-09-02 23:21:02,785 - INFO - Product URL resolved: https://books.toscrape.com/catalogue/the-wright-brothers_769/index.html
2026-09-02 23:21:02,785 - INFO - Product URL resolved: https://books.toscrape.com/catalogue/the-white-queen-the-cousins-war-1_768/index.html
2026-09-02 23:21:02,785 - INFO - Product URL resolved: https://books.toscrape.com/catalogue/the-wedding-pact-the-omalleys-2_767/index.html
2026-09-02 23:21:02,785 - INFO - Product URL resolved: https://books.toscrape.com/catalogue/the-time-keeper_766/index.html
2026-09-02 23:21:02,785 - INFO - Product URL resolved: https://books.toscrape.com/catalogue/the-testament-of-mary_765/index.html
2026-09-02 23:21:02,785 - INFO - Product URL resolved: https://books.toscrape.com/catalogue/the-star-touched-queen_764/index.html
2026-09-02 23:21:02,787 - INFO - Product URL resolved: https://books.toscrape.com/catalogue/the-songs-of-the-gods_763/index.html
2026-09-02 23:21:02,787 - INFO - Product URL resolved: https://books.toscrape.com/catalogue/the-song-of-achilles_762/index.html
2026-09-02 23:21:02,787 - INFO - Product URL resolved: https://books.toscrape.com/catalogue/the-rosie-project-don-tillman-1_761/index.html
2026-09-02 23:21:02,787 - INFO - Successfully extracted 20 products.
2026-09-02 23:21:02,787 - INFO - Products found on page 12: 20
2026-09-02 23:21:02,787 - INFO - Matching products collected so far: 1
2026-09-02 23:21:02,791 - INFO - Scraping page 13: https://books.toscrape.com/catalogue/page-13.html
2026-09-02 23:21:02,791 - INFO - Checking robots.txt: https://books.toscrape.com/robots.txt
2026-09-02 23:21:03,509 - INFO - robots.txt allows access: https://books.toscrape.com/catalogue/page-13.html
2026-09-02 23:21:05,233 - INFO - Request successful: 200 - https://books.toscrape.com/catalogue/page-13.html
2026-09-02 23:21:05,244 - INFO - HTML parsed successfully.
2026-09-02 23:21:05,244 - INFO - Product elements found: 20
2026-09-02 23:21:05,244 - INFO - Product URL resolved: https://books.toscrape.com/catalogue/the-power-of-habit-why-we-do-what-we-do-in-life-and-business_760/index.html
2026-09-02 23:21:05,244 - INFO - Product URL resolved: https://books.toscrape.com/catalogue/the-marriage-of-opposites_759/index.html
2026-09-02 23:21:05,244 - INFO - Product URL resolved: https://books.toscrape.com/catalogue/the-lucifer-effect-understanding-how-good-people-turn-evil_758/index.html
2026-09-02 23:21:05,244 - INFO - Product URL resolved: https://books.toscrape.com/catalogue/the-long-haul-diary-of-a-wimpy-kid-9_757/index.html
2026-09-02 23:21:05,244 - INFO - Product URL resolved: https://books.toscrape.com/catalogue/the-loney_756/index.html
2026-09-02 23:21:05,244 - INFO - Product URL resolved: https://books.toscrape.com/catalogue/the-literature-book-big-ideas-simply-explained_755/index.html
2026-09-02 23:21:05,244 - INFO - Product URL resolved: https://books.toscrape.com/catalogue/the-last-mile-amos-decker-2_754/index.html
2026-09-02 23:21:05,244 - INFO - Product URL resolved: https://books.toscrape.com/catalogue/the-immortal-life-of-henrietta-lacks_753/index.html
2026-09-02 23:21:05,244 - INFO - Product URL resolved: https://books.toscrape.com/catalogue/the-hidden-oracle-the-trials-of-apollo-1_752/index.html
2026-09-02 23:21:05,244 - INFO - Product URL resolved: https://books.toscrape.com/catalogue/the-help-yourself-cookbook-for-kids-60-easy-plant-based-recipes-kids-can-make-to-stay-healthy-and-save-the-earth_751/index.html
2026-09-02 23:21:05,244 - INFO - Product URL resolved: https://books.toscrape.com/catalogue/the-guilty-will-robie-4_750/index.html
2026-09-02 23:21:05,244 - INFO - Product URL resolved: https://books.toscrape.com/catalogue/the-first-hostage-jb-collins-2_749/index.html
2026-09-02 23:21:05,244 - INFO - Product URL resolved: https://books.toscrape.com/catalogue/the-dovekeepers_748/index.html
2026-09-02 23:21:05,244 - INFO - Product URL resolved: https://books.toscrape.com/catalogue/the-darkest-lie_747/index.html
2026-09-02 23:21:05,244 - INFO - Product URL resolved: https://books.toscrape.com/catalogue/the-bane-chronicles-the-bane-chronicles-1-11_746/index.html
2026-09-02 23:21:05,244 - INFO - Product URL resolved: https://books.toscrape.com/catalogue/the-bad-ass-librarians-of-timbuktu-and-their-race-to-save-the-worlds-most-precious-manuscripts_745/index.html
2026-09-02 23:21:05,244 - INFO - Product URL resolved: https://books.toscrape.com/catalogue/the-14th-colony-cotton-malone-11_744/index.html
2026-09-02 23:21:05,244 - INFO - Product URL resolved: https://books.toscrape.com/catalogue/that-darkness-gardiner-and-renner-1_743/index.html
2026-09-02 23:21:05,244 - INFO - Product URL resolved: https://books.toscrape.com/catalogue/tastes-like-fear-di-marnie-rome-3_742/index.html
2026-09-02 23:21:05,244 - INFO - Product URL resolved: https://books.toscrape.com/catalogue/take-me-with-you_741/index.html
2026-09-02 23:21:05,244 - INFO - Successfully extracted 20 products.
2026-09-02 23:21:05,244 - INFO - Products found on page 13: 20
2026-09-02 23:21:05,244 - INFO - Matching products collected so far: 1
2026-09-02 23:21:05,260 - INFO - Scraping page 14: https://books.toscrape.com/catalogue/page-14.html
2026-09-02 23:21:05,260 - INFO - Checking robots.txt: https://books.toscrape.com/robots.txt
2026-09-02 23:21:05,983 - INFO - robots.txt allows access: https://books.toscrape.com/catalogue/page-14.html
2026-09-02 23:21:07,705 - INFO - Request successful: 200 - https://books.toscrape.com/catalogue/page-14.html
2026-09-02 23:21:07,730 - INFO - HTML parsed successfully.
2026-09-02 23:21:07,732 - INFO - Product elements found: 20
2026-09-02 23:21:07,732 - INFO - Product URL resolved: https://books.toscrape.com/catalogue/swell-a-year-of-waves_740/index.html
2026-09-02 23:21:07,732 - INFO - Product URL resolved: https://books.toscrape.com/catalogue/superman-vol-1-before-truth-superman-by-gene-luen-yang-1_739/index.html
2026-09-02 23:21:07,732 - INFO - Product URL resolved: https://books.toscrape.com/catalogue/still-life-with-bread-crumbs_738/index.html
2026-09-02 23:21:07,734 - INFO - Product URL resolved: https://books.toscrape.com/catalogue/steve-jobs_737/index.html
2026-09-02 23:21:07,734 - INFO - Product URL resolved: https://books.toscrape.com/catalogue/sorting-the-beef-from-the-bull-the-science-of-food-fraud-forensics_736/index.html
2026-09-02 23:21:07,734 - INFO - Product URL resolved: https://books.toscrape.com/catalogue/someone-like-you-the-harrisons-2_735/index.html
2026-09-02 23:21:07,734 - INFO - Product URL resolved: https://books.toscrape.com/catalogue/so-cute-it-hurts-vol-6-so-cute-it-hurts-6_734/index.html
2026-09-02 23:21:07,734 - INFO - Product URL resolved: https://books.toscrape.com/catalogue/shtum_733/index.html
2026-09-02 23:21:07,735 - INFO - Product URL resolved: https://books.toscrape.com/catalogue/see-america-a-celebration-of-our-national-parks-treasured-sites_732/index.html
2026-09-02 23:21:07,735 - INFO - Product URL resolved: https://books.toscrape.com/catalogue/salt_731/index.html
2026-09-02 23:21:07,735 - INFO - Product URL resolved: https://books.toscrape.com/catalogue/robin-war_730/index.html
2026-09-02 23:21:07,735 - INFO - Product URL resolved: https://books.toscrape.com/catalogue/red-hoodarsenal-vol-1-open-for-business-red-hoodarsenal-1_729/index.html
2026-09-02 23:21:07,735 - INFO - Product URL resolved: https://books.toscrape.com/catalogue/rain-fish_728/index.html
2026-09-02 23:21:07,735 - INFO - Product URL resolved: https://books.toscrape.com/catalogue/quarter-life-poetry-poems-for-the-young-broke-and-hangry_727/index.html
2026-09-02 23:21:07,737 - INFO - Product URL resolved: https://books.toscrape.com/catalogue/pet-sematary_726/index.html
2026-09-02 23:21:07,737 - INFO - Product URL resolved: https://books.toscrape.com/catalogue/overload-how-to-unplug-unwind-and-unleash-yourself-from-the-pressure-of-stress_725/index.html
2026-09-02 23:21:07,737 - INFO - Product URL resolved: https://books.toscrape.com/catalogue/once-was-a-time_724/index.html
2026-09-02 23:21:07,737 - INFO - Product URL resolved: https://books.toscrape.com/catalogue/old-school-diary-of-a-wimpy-kid-10_723/index.html
2026-09-02 23:21:07,737 - INFO - Product URL resolved: https://books.toscrape.com/catalogue/no-dream-is-too-high-life-lessons-from-a-man-who-walked-on-the-moon_722/index.html
2026-09-02 23:21:07,737 - INFO - Product URL resolved: https://books.toscrape.com/catalogue/naruto-3-in-1-edition-vol-14-includes-vols-40-41-42-naruto-omnibus-14_721/index.html
2026-09-02 23:21:07,737 - INFO - Successfully extracted 20 products.
2026-09-02 23:21:07,737 - INFO - Products found on page 14: 20
2026-09-02 23:21:07,737 - INFO - Matching products collected so far: 1
2026-09-02 23:21:07,741 - INFO - Scraping page 15: https://books.toscrape.com/catalogue/page-15.html
2026-09-02 23:21:07,741 - INFO - Checking robots.txt: https://books.toscrape.com/robots.txt
2026-09-02 23:21:08,470 - INFO - robots.txt allows access: https://books.toscrape.com/catalogue/page-15.html
2026-09-02 23:21:10,195 - INFO - Request successful: 200 - https://books.toscrape.com/catalogue/page-15.html
2026-09-02 23:21:10,210 - INFO - HTML parsed successfully.
2026-09-02 23:21:10,210 - INFO - Product elements found: 20
2026-09-02 23:21:10,210 - INFO - Product URL resolved: https://books.toscrape.com/catalogue/my-name-is-lucy-barton_720/index.html
2026-09-02 23:21:10,210 - INFO - Product URL resolved: https://books.toscrape.com/catalogue/my-mrs-brown_719/index.html
2026-09-02 23:21:10,210 - INFO - Product URL resolved: https://books.toscrape.com/catalogue/my-kind-of-crazy_718/index.html
2026-09-02 23:21:10,210 - INFO - Product URL resolved: https://books.toscrape.com/catalogue/mr-mercedes-bill-hodges-trilogy-1_717/index.html
2026-09-02 23:21:10,210 - INFO - Product URL resolved: https://books.toscrape.com/catalogue/more-than-music-chasing-the-dream-1_716/index.html
2026-09-02 23:21:10,210 - INFO - Product URL resolved: https://books.toscrape.com/catalogue/made-to-stick-why-some-ideas-survive-and-others-die_715/index.html
2026-09-02 23:21:10,210 - INFO - Product URL resolved: https://books.toscrape.com/catalogue/luis-paints-the-world_714/index.html
2026-09-02 23:21:10,210 - INFO - Product URL resolved: https://books.toscrape.com/catalogue/luckiest-girl-alive_713/index.html
2026-09-02 23:21:10,210 - INFO - Product URL resolved: https://books.toscrape.com/catalogue/lowriders-to-the-center-of-the-earth-lowriders-in-space-2_712/index.html
2026-09-02 23:21:10,210 - INFO - Product URL resolved: https://books.toscrape.com/catalogue/love-is-a-mix-tape-music-1_711/index.html
2026-09-02 23:21:10,210 - INFO - Product URL resolved: https://books.toscrape.com/catalogue/looking-for-lovely-collecting-the-moments-that-matter_710/index.html
2026-09-02 23:21:10,210 - INFO - Product URL resolved: https://books.toscrape.com/catalogue/living-leadership-by-insight-a-good-leader-achieves-a-great-leader-builds-monuments_709/index.html
2026-09-02 23:21:10,210 - INFO - Product URL resolved: https://books.toscrape.com/catalogue/let-it-out-a-journey-through-journaling_708/index.html
2026-09-02 23:21:10,210 - INFO - Product URL resolved: https://books.toscrape.com/catalogue/lady-midnight-the-dark-artifices-1_707/index.html
2026-09-02 23:21:10,224 - INFO - Product URL resolved: https://books.toscrape.com/catalogue/its-all-easy-healthy-delicious-weeknight-meals-in-under-30-minutes_706/index.html
2026-09-02 23:21:10,224 - INFO - Product URL resolved: https://books.toscrape.com/catalogue/island-of-dragons-unwanteds-7_705/index.html
2026-09-02 23:21:10,224 - INFO - Product URL resolved: https://books.toscrape.com/catalogue/i-know-what-im-doing-and-other-lies-i-tell-myself-dispatches-from-a-life-under-construction_704/index.html
2026-09-02 23:21:10,224 - INFO - Product URL resolved: https://books.toscrape.com/catalogue/i-am-pilgrim-pilgrim-1_703/index.html
2026-09-02 23:21:10,224 - INFO - Product URL resolved: https://books.toscrape.com/catalogue/hyperbole-and-a-half-unfortunate-situations-flawed-coping-mechanisms-mayhem-and-other-things-that-happened_702/index.html
2026-09-02 23:21:10,224 - INFO - Product URL resolved: https://books.toscrape.com/catalogue/hush-hush-hush-hush-1_701/index.html
2026-09-02 23:21:10,224 - INFO - Successfully extracted 20 products.
2026-09-02 23:21:10,224 - INFO - Products found on page 15: 20
2026-09-02 23:21:10,224 - INFO - Matching products collected so far: 1
2026-09-02 23:21:10,224 - INFO - Scraping page 16: https://books.toscrape.com/catalogue/page-16.html
2026-09-02 23:21:10,224 - INFO - Checking robots.txt: https://books.toscrape.com/robots.txt
2026-09-02 23:21:10,951 - INFO - robots.txt allows access: https://books.toscrape.com/catalogue/page-16.html
2026-09-02 23:21:12,666 - INFO - Request successful: 200 - https://books.toscrape.com/catalogue/page-16.html
2026-09-02 23:21:12,693 - INFO - HTML parsed successfully.
2026-09-02 23:21:12,693 - INFO - Product elements found: 20
2026-09-02 23:21:12,693 - INFO - Product URL resolved: https://books.toscrape.com/catalogue/hold-your-breath-search-and-rescue-1_700/index.html
2026-09-02 23:21:12,694 - INFO - Product URL resolved: https://books.toscrape.com/catalogue/hamilton-the-revolution_699/index.html
2026-09-02 23:21:12,694 - INFO - Product URL resolved: https://books.toscrape.com/catalogue/greek-mythic-history_698/index.html
2026-09-02 23:21:12,694 - INFO - Product URL resolved: https://books.toscrape.com/catalogue/god-the-most-unpleasant-character-in-all-fiction_697/index.html
2026-09-02 23:21:12,694 - INFO - Product URL resolved: https://books.toscrape.com/catalogue/glory-over-everything-beyond-the-kitchen-house_696/index.html
2026-09-02 23:21:12,696 - INFO - Product URL resolved: https://books.toscrape.com/catalogue/feathers-displays-of-brilliant-plumage_695/index.html
2026-09-02 23:21:12,696 - INFO - Product URL resolved: https://books.toscrape.com/catalogue/far-away-places-on-the-brink-of-change-seven-continents-twenty-five-years_694/index.html
2026-09-02 23:21:12,696 - INFO - Product URL resolved: https://books.toscrape.com/catalogue/every-last-word_693/index.html
2026-09-02 23:21:12,696 - INFO - Product URL resolved: https://books.toscrape.com/catalogue/eligible-the-austen-project-4_692/index.html
2026-09-02 23:21:12,696 - INFO - Product URL resolved: https://books.toscrape.com/catalogue/el-deafo_691/index.html
2026-09-02 23:21:12,696 - INFO - Product URL resolved: https://books.toscrape.com/catalogue/eight-hundred-grapes_690/index.html
2026-09-02 23:21:12,696 - INFO - Product URL resolved: https://books.toscrape.com/catalogue/eaternity-more-than-150-deliciously-easy-vegan-recipes-for-a-long-healthy-satisfied-joyful-life_689/index.html
2026-09-02 23:21:12,696 - INFO - Product URL resolved: https://books.toscrape.com/catalogue/eat-fat-get-thin_688/index.html
2026-09-02 23:21:12,696 - INFO - Product URL resolved: https://books.toscrape.com/catalogue/dont-get-caught_687/index.html
2026-09-02 23:21:12,696 - INFO - Product URL resolved: https://books.toscrape.com/catalogue/doctor-sleep-the-shining-2_686/index.html
2026-09-02 23:21:12,696 - INFO - Product URL resolved: https://books.toscrape.com/catalogue/demigods-magicians-percy-and-annabeth-meet-the-kanes-percy-jackson-kane-chronicles-crossover-1-3_685/index.html
2026-09-02 23:21:12,696 - INFO - Product URL resolved: https://books.toscrape.com/catalogue/dear-mr-knightley_684/index.html
2026-09-02 23:21:12,696 - INFO - Product URL resolved: https://books.toscrape.com/catalogue/daily-fantasy-sports_683/index.html
2026-09-02 23:21:12,696 - INFO - Product URL resolved: https://books.toscrape.com/catalogue/crazy-love-overwhelmed-by-a-relentless-god_682/index.html
2026-09-02 23:21:12,696 - INFO - Product URL resolved: https://books.toscrape.com/catalogue/cometh-the-hour-the-clifton-chronicles-6_681/index.html
2026-09-02 23:21:12,696 - INFO - Successfully extracted 20 products.
2026-09-02 23:21:12,696 - INFO - Products found on page 16: 20
2026-09-02 23:21:12,696 - INFO - Matching products collected so far: 1
2026-09-02 23:21:12,696 - INFO - Scraping page 17: https://books.toscrape.com/catalogue/page-17.html
2026-09-02 23:21:12,696 - INFO - Checking robots.txt: https://books.toscrape.com/robots.txt
2026-09-02 23:21:13,426 - INFO - robots.txt allows access: https://books.toscrape.com/catalogue/page-17.html
2026-09-02 23:21:15,151 - INFO - Request successful: 200 - https://books.toscrape.com/catalogue/page-17.html
2026-09-02 23:21:15,167 - INFO - HTML parsed successfully.
2026-09-02 23:21:15,167 - INFO - Product elements found: 20
2026-09-02 23:21:15,167 - INFO - Product URL resolved: https://books.toscrape.com/catalogue/code-name-verity-code-name-verity-1_680/index.html
2026-09-02 23:21:15,183 - INFO - Product URL resolved: https://books.toscrape.com/catalogue/clockwork-angel-the-infernal-devices-1_679/index.html
2026-09-02 23:21:15,183 - INFO - Product URL resolved: https://books.toscrape.com/catalogue/city-of-glass-the-mortal-instruments-3_678/index.html
2026-09-02 23:21:15,183 - INFO - Product URL resolved: https://books.toscrape.com/catalogue/city-of-fallen-angels-the-mortal-instruments-4_677/index.html
2026-09-02 23:21:15,183 - INFO - Product URL resolved: https://books.toscrape.com/catalogue/city-of-bones-the-mortal-instruments-1_676/index.html
2026-09-02 23:21:15,183 - INFO - Product URL resolved: https://books.toscrape.com/catalogue/city-of-ashes-the-mortal-instruments-2_675/index.html
2026-09-02 23:21:15,183 - INFO - Product URL resolved: https://books.toscrape.com/catalogue/cell_674/index.html
2026-09-02 23:21:15,183 - INFO - Product URL resolved: https://books.toscrape.com/catalogue/catching-jordan-hundred-oaks_673/index.html
2026-09-02 23:21:15,183 - INFO - Product URL resolved: https://books.toscrape.com/catalogue/carry-on-warrior-thoughts-on-life-unarmed_672/index.html
2026-09-02 23:21:15,183 - INFO - Product URL resolved: https://books.toscrape.com/catalogue/carrie_671/index.html
2026-09-02 23:21:15,183 - INFO - Product URL resolved: https://books.toscrape.com/catalogue/buying-in-the-secret-dialogue-between-what-we-buy-and-who-we-are_670/index.html
2026-09-02 23:21:15,183 - INFO - Product URL resolved: https://books.toscrape.com/catalogue/brain-on-fire-my-month-of-madness_669/index.html
2026-09-02 23:21:15,183 - INFO - Product URL resolved: https://books.toscrape.com/catalogue/batman-europa_668/index.html
2026-09-02 23:21:15,183 - INFO - Product URL resolved: https://books.toscrape.com/catalogue/barefoot-contessa-back-to-basics_667/index.html
2026-09-02 23:21:15,183 - INFO - Product URL resolved: https://books.toscrape.com/catalogue/barefoot-contessa-at-home-everyday-recipes-youll-make-over-and-over-again_666/index.html
2026-09-02 23:21:15,183 - INFO - Product URL resolved: https://books.toscrape.com/catalogue/balloon-animals_665/index.html
2026-09-02 23:21:15,183 - INFO - Product URL resolved: https://books.toscrape.com/catalogue/art-ops-vol-1_664/index.html
2026-09-02 23:21:15,183 - INFO - Product URL resolved: https://books.toscrape.com/catalogue/aristotle-and-dante-discover-the-secrets-of-the-universe-aristotle-and-dante-discover-the-secrets-of-the-universe-1_663/index.html
2026-09-02 23:21:15,183 - INFO - Product URL resolved: https://books.toscrape.com/catalogue/angels-walking-angels-walking-1_662/index.html
2026-09-02 23:21:15,183 - INFO - Product URL resolved: https://books.toscrape.com/catalogue/angels-demons-robert-langdon-1_661/index.html
2026-09-02 23:21:15,183 - INFO - Successfully extracted 20 products.
2026-09-02 23:21:15,183 - INFO - Products found on page 17: 20
2026-09-02 23:21:15,183 - INFO - Matching products collected so far: 1
2026-09-02 23:21:15,183 - INFO - Scraping page 18: https://books.toscrape.com/catalogue/page-18.html
2026-09-02 23:21:15,183 - INFO - Checking robots.txt: https://books.toscrape.com/robots.txt
2026-09-02 23:21:15,915 - INFO - robots.txt allows access: https://books.toscrape.com/catalogue/page-18.html
2026-09-02 23:21:17,637 - INFO - Request successful: 200 - https://books.toscrape.com/catalogue/page-18.html
2026-09-02 23:21:17,655 - INFO - HTML parsed successfully.
2026-09-02 23:21:17,656 - INFO - Product elements found: 20
2026-09-02 23:21:17,657 - INFO - Product URL resolved: https://books.toscrape.com/catalogue/all-the-light-we-cannot-see_660/index.html
2026-09-02 23:21:17,657 - INFO - Product URL resolved: https://books.toscrape.com/catalogue/adulthood-is-a-myth-a-sarahs-scribbles-collection_659/index.html
2026-09-02 23:21:17,657 - INFO - Product URL resolved: https://books.toscrape.com/catalogue/abstract-city_658/index.html
2026-09-02 23:21:17,657 - INFO - Product URL resolved: https://books.toscrape.com/catalogue/a-time-of-torment-charlie-parker-14_657/index.html
2026-09-02 23:21:17,658 - INFO - Product URL resolved: https://books.toscrape.com/catalogue/a-study-in-scarlet-sherlock-holmes-1_656/index.html
2026-09-02 23:21:17,658 - INFO - Product URL resolved: https://books.toscrape.com/catalogue/a-series-of-catastrophes-and-miracles-a-true-story-of-love-science-and-cancer_655/index.html
2026-09-02 23:21:17,658 - INFO - Product URL resolved: https://books.toscrape.com/catalogue/a-peoples-history-of-the-united-states_654/index.html
2026-09-02 23:21:17,659 - INFO - Product URL resolved: https://books.toscrape.com/catalogue/a-man-called-ove_653/index.html
2026-09-02 23:21:17,659 - INFO - Product URL resolved: https://books.toscrape.com/catalogue/a-distant-mirror-the-calamitous-14th-century_652/index.html
2026-09-02 23:21:17,659 - INFO - Product URL resolved: https://books.toscrape.com/catalogue/a-brush-of-wings-angels-walking-3_651/index.html
2026-09-02 23:21:17,660 - INFO - Product URL resolved: https://books.toscrape.com/catalogue/1491-new-revelations-of-the-americas-before-columbus_650/index.html
2026-09-02 23:21:17,660 - INFO - Product URL resolved: https://books.toscrape.com/catalogue/the-three-searches-meaning-and-the-story_649/index.html
2026-09-02 23:21:17,660 - INFO - Product URL resolved: https://books.toscrape.com/catalogue/searching-for-meaning-in-gailana_648/index.html
2026-09-02 23:21:17,660 - INFO - Product URL resolved: https://books.toscrape.com/catalogue/rook_647/index.html
2026-09-02 23:21:17,661 - INFO - Product URL resolved: https://books.toscrape.com/catalogue/my-kitchen-year-136-recipes-that-saved-my-life_646/index.html
2026-09-02 23:21:17,661 - INFO - Product URL resolved: https://books.toscrape.com/catalogue/13-hours-the-inside-account-of-what-really-happened-in-benghazi_645/index.html
2026-09-02 23:21:17,661 - INFO - Product URL resolved: https://books.toscrape.com/catalogue/will-you-wont-you-want-me_644/index.html
2026-09-02 23:21:17,662 - INFO - Product URL resolved: https://books.toscrape.com/catalogue/tipping-point-for-planet-earth-how-close-are-we-to-the-edge_643/index.html
2026-09-02 23:21:17,662 - INFO - Product URL resolved: https://books.toscrape.com/catalogue/the-star-touched-queen_642/index.html
2026-09-02 23:21:17,662 - INFO - Product URL resolved: https://books.toscrape.com/catalogue/the-silent-sister-riley-macpherson-1_641/index.html
2026-09-02 23:21:17,662 - INFO - Successfully extracted 20 products.
2026-09-02 23:21:17,662 - INFO - Products found on page 18: 20
2026-09-02 23:21:17,662 - INFO - Product matched query: All the Light We Cannot See
2026-09-02 23:21:17,662 - INFO - Matching products collected so far: 2
2026-09-02 23:21:17,662 - INFO - Search filtering completed. Matching products: 2
2026-09-02 23:21:17,662 - INFO - Fetching product details: https://books.toscrape.com/catalogue/a-light-in-the-attic_1000/index.html
2026-09-02 23:21:17,663 - INFO - Checking robots.txt: https://books.toscrape.com/robots.txt
2026-09-02 23:21:18,385 - INFO - robots.txt allows access: https://books.toscrape.com/catalogue/a-light-in-the-attic_1000/index.html
2026-09-02 23:21:19,636 - INFO - Request successful: 200 - https://books.toscrape.com/catalogue/a-light-in-the-attic_1000/index.html
2026-09-02 23:21:19,640 - INFO - HTML parsed successfully.
2026-09-02 23:21:19,640 - INFO - Duplicated description prefix removed.
2026-09-02 23:21:19,640 - INFO - Product details extracted successfully.
2026-09-02 23:21:19,640 - INFO - Fetching product details: https://books.toscrape.com/catalogue/all-the-light-we-cannot-see_660/index.html
2026-09-02 23:21:19,640 - INFO - Checking robots.txt: https://books.toscrape.com/robots.txt
2026-09-02 23:21:20,358 - INFO - robots.txt allows access: https://books.toscrape.com/catalogue/all-the-light-we-cannot-see_660/index.html
2026-09-02 23:21:21,843 - INFO - Request successful: 200 - https://books.toscrape.com/catalogue/all-the-light-we-cannot-see_660/index.html
2026-09-02 23:21:21,857 - INFO - HTML parsed successfully.
2026-09-02 23:21:21,857 - INFO - Duplicated description prefix removed.
2026-09-02 23:21:21,857 - INFO - Product details extracted successfully.
2026-09-02 23:21:21,857 - INFO - Search completed. Products collected: 2
2026-09-02 23:21:21,857 - INFO - books: 2 products found.
2026-09-02 23:21:21,857 - INFO - Searching amazon...
2026-09-02 23:21:21,857 - INFO - Amazon search requested: 'light'
2026-09-02 23:21:21,857 - INFO - Maximum products requested: 2
2026-09-02 23:21:21,857 - WARNING - Amazon data source is not configured.
2026-09-02 23:21:21,857 - WARNING - Use an authorized Amazon API or approved data-access method.
2026-09-02 23:21:21,857 - INFO - amazon: No products found.
2026-09-02 23:21:21,857 - INFO - Searching alibaba...
2026-09-02 23:21:21,857 - INFO - Alibaba search requested: 'light'
2026-09-02 23:21:21,857 - INFO - Maximum products requested: 2
2026-09-02 23:21:21,857 - WARNING - Alibaba data source is not configured.
2026-09-02 23:21:21,857 - WARNING - Use an authorized Alibaba API or approved data-access method.
2026-09-02 23:21:21,857 - INFO - alibaba: No products found.
2026-09-02 23:21:21,857 - INFO - Searching flipkart...
2026-09-02 23:21:21,857 - INFO - Flipkart search requested: 'light'
2026-09-02 23:21:21,857 - INFO - Maximum products requested: 2
2026-09-02 23:21:21,857 - WARNING - Flipkart data source is not configured.
2026-09-02 23:21:21,857 - WARNING - Use an authorized Flipkart API or approved data-access method.
2026-09-02 23:21:21,857 - INFO - flipkart: No products found.
2026-09-02 23:21:21,857 - INFO - Multi-website search completed. Total products: 2
2026-09-02 23:21:22,076 - ERROR - Visualization failed: plot_price_distribution() missing 1 required positional argument: 'ax'
2026-09-02 23:23:15,849 - INFO - Amazon scraper initialized.
2026-09-02 23:23:15,849 - INFO - Alibaba scraper initialized.
2026-09-02 23:23:15,849 - INFO - Flipkart scraper initialized.
2026-09-02 23:23:15,849 - INFO - Starting multi-website search...
2026-09-02 23:23:15,849 - INFO - Multi-website search started: 'light'
2026-09-02 23:23:15,849 - INFO - Websites selected: ['books']
2026-09-02 23:23:15,849 - INFO - Searching books...
2026-09-02 23:23:15,849 - INFO - Searching for products with query: 'light'
2026-09-02 23:23:15,849 - INFO - Scraping page 1: https://books.toscrape.com/
2026-09-02 23:23:15,849 - INFO - Checking robots.txt: https://books.toscrape.com/robots.txt
2026-09-02 23:23:16,596 - INFO - robots.txt allows access: https://books.toscrape.com/
2026-09-02 23:23:19,011 - INFO - Request successful: 200 - https://books.toscrape.com/
2026-09-02 23:23:19,030 - INFO - HTML parsed successfully.
2026-09-02 23:23:19,030 - INFO - Product elements found: 20
2026-09-02 23:23:19,030 - INFO - Product URL resolved: https://books.toscrape.com/catalogue/a-light-in-the-attic_1000/index.html
2026-09-02 23:23:19,030 - INFO - Product URL resolved: https://books.toscrape.com/catalogue/tipping-the-velvet_999/index.html
2026-09-02 23:23:19,040 - INFO - Product URL resolved: https://books.toscrape.com/catalogue/soumission_998/index.html
2026-09-02 23:23:19,040 - INFO - Product URL resolved: https://books.toscrape.com/catalogue/sharp-objects_997/index.html
2026-09-02 23:23:19,040 - INFO - Product URL resolved: https://books.toscrape.com/catalogue/sapiens-a-brief-history-of-humankind_996/index.html
2026-09-02 23:23:19,040 - INFO - Product URL resolved: https://books.toscrape.com/catalogue/the-requiem-red_995/index.html
2026-09-02 23:23:19,041 - INFO - Product URL resolved: https://books.toscrape.com/catalogue/the-dirty-little-secrets-of-getting-your-dream-job_994/index.html
2026-09-02 23:23:19,041 - INFO - Product URL resolved: https://books.toscrape.com/catalogue/the-coming-woman-a-novel-based-on-the-life-of-the-infamous-feminist-victoria-woodhull_993/index.html
2026-09-02 23:23:19,041 - INFO - Product URL resolved: https://books.toscrape.com/catalogue/the-boys-in-the-boat-nine-americans-and-their-epic-quest-for-gold-at-the-1936-berlin-olympics_992/index.html
2026-09-02 23:23:19,042 - INFO - Product URL resolved: https://books.toscrape.com/catalogue/the-black-maria_991/index.html
2026-09-02 23:23:19,042 - INFO - Product URL resolved: https://books.toscrape.com/catalogue/starving-hearts-triangular-trade-trilogy-1_990/index.html
2026-09-02 23:23:19,042 - INFO - Product URL resolved: https://books.toscrape.com/catalogue/shakespeares-sonnets_989/index.html
2026-09-02 23:23:19,043 - INFO - Product URL resolved: https://books.toscrape.com/catalogue/set-me-free_988/index.html
2026-09-02 23:23:19,043 - INFO - Product URL resolved: https://books.toscrape.com/catalogue/scott-pilgrims-precious-little-life-scott-pilgrim-1_987/index.html
2026-09-02 23:23:19,043 - INFO - Product URL resolved: https://books.toscrape.com/catalogue/rip-it-up-and-start-again_986/index.html
2026-09-02 23:23:19,044 - INFO - Product URL resolved: https://books.toscrape.com/catalogue/our-band-could-be-your-life-scenes-from-the-american-indie-underground-1981-1991_985/index.html
2026-09-02 23:23:19,044 - INFO - Product URL resolved: https://books.toscrape.com/catalogue/olio_984/index.html
2026-09-02 23:23:19,044 - INFO - Product URL resolved: https://books.toscrape.com/catalogue/mesaerion-the-best-science-fiction-stories-1800-1849_983/index.html
2026-09-02 23:23:19,045 - INFO - Product URL resolved: https://books.toscrape.com/catalogue/libertarianism-for-beginners_982/index.html
2026-09-02 23:23:19,045 - INFO - Product URL resolved: https://books.toscrape.com/catalogue/its-only-the-himalayas_981/index.html
2026-09-02 23:23:19,045 - INFO - Successfully extracted 20 products.
2026-09-02 23:23:19,045 - INFO - Products found on page 1: 20
2026-09-02 23:23:19,045 - INFO - Product matched query: A Light in the Attic
2026-09-02 23:23:19,045 - INFO - Matching products collected so far: 1
2026-09-02 23:23:19,046 - INFO - Scraping page 2: https://books.toscrape.com/catalogue/page-2.html
2026-09-02 23:23:19,046 - INFO - Checking robots.txt: https://books.toscrape.com/robots.txt
2026-09-02 23:23:19,770 - INFO - robots.txt allows access: https://books.toscrape.com/catalogue/page-2.html
2026-09-02 23:23:21,508 - INFO - Request successful: 200 - https://books.toscrape.com/catalogue/page-2.html
2026-09-02 23:23:21,526 - INFO - HTML parsed successfully.
2026-09-02 23:23:21,527 - INFO - Product elements found: 20
2026-09-02 23:23:21,527 - INFO - Product URL resolved: https://books.toscrape.com/catalogue/in-her-wake_980/index.html
2026-09-02 23:23:21,527 - INFO - Product URL resolved: https://books.toscrape.com/catalogue/how-music-works_979/index.html
2026-09-02 23:23:21,528 - INFO - Product URL resolved: https://books.toscrape.com/catalogue/foolproof-preserving-a-guide-to-small-batch-jams-jellies-pickles-condiments-and-more-a-foolproof-guide-to-making-small-batch-jams-jellies-pickles-condiments-and-more_978/index.html
2026-09-02 23:23:21,528 - INFO - Product URL resolved: https://books.toscrape.com/catalogue/chase-me-paris-nights-2_977/index.html
2026-09-02 23:23:21,528 - INFO - Product URL resolved: https://books.toscrape.com/catalogue/black-dust_976/index.html
2026-09-02 23:23:21,529 - INFO - Product URL resolved: https://books.toscrape.com/catalogue/birdsong-a-story-in-pictures_975/index.html
2026-09-02 23:23:21,529 - INFO - Product URL resolved: https://books.toscrape.com/catalogue/americas-cradle-of-quarterbacks-western-pennsylvanias-football-factory-from-johnny-unitas-to-joe-montana_974/index.html
2026-09-02 23:23:21,529 - INFO - Product URL resolved: https://books.toscrape.com/catalogue/aladdin-and-his-wonderful-lamp_973/index.html
2026-09-02 23:23:21,529 - INFO - Product URL resolved: https://books.toscrape.com/catalogue/worlds-elsewhere-journeys-around-shakespeares-globe_972/index.html
2026-09-02 23:23:21,530 - INFO - Product URL resolved: https://books.toscrape.com/catalogue/wall-and-piece_971/index.html
2026-09-02 23:23:21,530 - INFO - Product URL resolved: https://books.toscrape.com/catalogue/the-four-agreements-a-practical-guide-to-personal-freedom_970/index.html
2026-09-02 23:23:21,530 - INFO - Product URL resolved: https://books.toscrape.com/catalogue/the-five-love-languages-how-to-express-heartfelt-commitment-to-your-mate_969/index.html
2026-09-02 23:23:21,531 - INFO - Product URL resolved: https://books.toscrape.com/catalogue/the-elephant-tree_968/index.html
2026-09-02 23:23:21,531 - INFO - Product URL resolved: https://books.toscrape.com/catalogue/the-bear-and-the-piano_967/index.html
2026-09-02 23:23:21,531 - INFO - Product URL resolved: https://books.toscrape.com/catalogue/sophies-world_966/index.html
2026-09-02 23:23:21,532 - INFO - Product URL resolved: https://books.toscrape.com/catalogue/penny-maybe_965/index.html
2026-09-02 23:23:21,532 - INFO - Product URL resolved: https://books.toscrape.com/catalogue/maude-1883-1993she-grew-up-with-the-country_964/index.html
2026-09-02 23:23:21,532 - INFO - Product URL resolved: https://books.toscrape.com/catalogue/in-a-dark-dark-wood_963/index.html
2026-09-02 23:23:21,533 - INFO - Product URL resolved: https://books.toscrape.com/catalogue/behind-closed-doors_962/index.html
2026-09-02 23:23:21,533 - INFO - Product URL resolved: https://books.toscrape.com/catalogue/you-cant-bury-them-all-poems_961/index.html
2026-09-02 23:23:21,533 - INFO - Successfully extracted 20 products.
2026-09-02 23:23:21,533 - INFO - Products found on page 2: 20
2026-09-02 23:23:21,533 - INFO - Matching products collected so far: 1
2026-09-02 23:23:21,536 - INFO - Scraping page 3: https://books.toscrape.com/catalogue/page-3.html
2026-09-02 23:23:21,536 - INFO - Checking robots.txt: https://books.toscrape.com/robots.txt
2026-09-02 23:23:22,261 - INFO - robots.txt allows access: https://books.toscrape.com/catalogue/page-3.html
2026-09-02 23:23:23,990 - INFO - Request successful: 200 - https://books.toscrape.com/catalogue/page-3.html
2026-09-02 23:23:24,024 - INFO - HTML parsed successfully.
2026-09-02 23:23:24,024 - INFO - Product elements found: 20
2026-09-02 23:23:24,024 - INFO - Product URL resolved: https://books.toscrape.com/catalogue/slow-states-of-collapse-poems_960/index.html
2026-09-02 23:23:24,024 - INFO - Product URL resolved: https://books.toscrape.com/catalogue/reasons-to-stay-alive_959/index.html
2026-09-02 23:23:24,024 - INFO - Product URL resolved: https://books.toscrape.com/catalogue/private-paris-private-10_958/index.html
2026-09-02 23:23:24,024 - INFO - Product URL resolved: https://books.toscrape.com/catalogue/higherselfie-wake-up-your-life-free-your-soul-find-your-tribe_957/index.html
2026-09-02 23:23:24,024 - INFO - Product URL resolved: https://books.toscrape.com/catalogue/without-borders-wanderlove-1_956/index.html
2026-09-02 23:23:24,024 - INFO - Product URL resolved: https://books.toscrape.com/catalogue/when-we-collided_955/index.html
2026-09-02 23:23:24,024 - INFO - Product URL resolved: https://books.toscrape.com/catalogue/we-love-you-charlie-freeman_954/index.html
2026-09-02 23:23:24,024 - INFO - Product URL resolved: https://books.toscrape.com/catalogue/untitled-collection-sabbath-poems-2014_953/index.html
2026-09-02 23:23:24,024 - INFO - Product URL resolved: https://books.toscrape.com/catalogue/unseen-city-the-majesty-of-pigeons-the-discreet-charm-of-snails-other-wonders-of-the-urban-wilderness_952/index.html
2026-09-02 23:23:24,024 - INFO - Product URL resolved: https://books.toscrape.com/catalogue/unicorn-tracks_951/index.html
2026-09-02 23:23:24,024 - INFO - Product URL resolved: https://books.toscrape.com/catalogue/unbound-how-eight-technologies-made-us-human-transformed-society-and-brought-our-world-to-the-brink_950/index.html
2026-09-02 23:23:24,024 - INFO - Product URL resolved: https://books.toscrape.com/catalogue/tsubasa-world-chronicle-2-tsubasa-world-chronicle-2_949/index.html
2026-09-02 23:23:24,024 - INFO - Product URL resolved: https://books.toscrape.com/catalogue/throwing-rocks-at-the-google-bus-how-growth-became-the-enemy-of-prosperity_948/index.html
2026-09-02 23:23:24,024 - INFO - Product URL resolved: https://books.toscrape.com/catalogue/this-one-summer_947/index.html
2026-09-02 23:23:24,024 - INFO - Product URL resolved: https://books.toscrape.com/catalogue/thirst_946/index.html
2026-09-02 23:23:24,024 - INFO - Product URL resolved: https://books.toscrape.com/catalogue/the-torch-is-passed-a-harding-family-story_945/index.html
2026-09-02 23:23:24,039 - INFO - Product URL resolved: https://books.toscrape.com/catalogue/the-secret-of-dreadwillow-carse_944/index.html
2026-09-02 23:23:24,039 - INFO - Product URL resolved: https://books.toscrape.com/catalogue/the-pioneer-woman-cooks-dinnertime-comfort-classics-freezer-food-16-minute-meals-and-other-delicious-ways-to-solve-supper_943/index.html
2026-09-02 23:23:24,039 - INFO - Product URL resolved: https://books.toscrape.com/catalogue/the-past-never-ends_942/index.html
2026-09-02 23:23:24,040 - INFO - Product URL resolved: https://books.toscrape.com/catalogue/the-natural-history-of-us-the-fine-art-of-pretending-2_941/index.html
2026-09-02 23:23:24,040 - INFO - Successfully extracted 20 products.
2026-09-02 23:23:24,040 - INFO - Products found on page 3: 20
2026-09-02 23:23:24,040 - INFO - Matching products collected so far: 1
2026-09-02 23:23:24,043 - INFO - Scraping page 4: https://books.toscrape.com/catalogue/page-4.html
2026-09-02 23:23:24,043 - INFO - Checking robots.txt: https://books.toscrape.com/robots.txt
2026-09-02 23:23:24,777 - INFO - robots.txt allows access: https://books.toscrape.com/catalogue/page-4.html
2026-09-02 23:23:26,506 - INFO - Request successful: 200 - https://books.toscrape.com/catalogue/page-4.html
2026-09-02 23:23:26,521 - INFO - HTML parsed successfully.
2026-09-02 23:23:26,521 - INFO - Product elements found: 20
2026-09-02 23:23:26,521 - INFO - Product URL resolved: https://books.toscrape.com/catalogue/the-nameless-city-the-nameless-city-1_940/index.html
2026-09-02 23:23:26,521 - INFO - Product URL resolved: https://books.toscrape.com/catalogue/the-murder-that-never-was-forensic-instincts-5_939/index.html
2026-09-02 23:23:26,521 - INFO - Product URL resolved: https://books.toscrape.com/catalogue/the-most-perfect-thing-inside-and-outside-a-birds-egg_938/index.html
2026-09-02 23:23:26,521 - INFO - Product URL resolved: https://books.toscrape.com/catalogue/the-mindfulness-and-acceptance-workbook-for-anxiety-a-guide-to-breaking-free-from-anxiety-phobias-and-worry-using-acceptance-and-commitment-therapy_937/index.html
2026-09-02 23:23:26,521 - INFO - Product URL resolved: https://books.toscrape.com/catalogue/the-life-changing-magic-of-tidying-up-the-japanese-art-of-decluttering-and-organizing_936/index.html
2026-09-02 23:23:26,521 - INFO - Product URL resolved: https://books.toscrape.com/catalogue/the-inefficiency-assassin-time-management-tactics-for-working-smarter-not-longer_935/index.html
2026-09-02 23:23:26,521 - INFO - Product URL resolved: https://books.toscrape.com/catalogue/the-gutsy-girl-escapades-for-your-life-of-epic-adventure_934/index.html
2026-09-02 23:23:26,521 - INFO - Product URL resolved: https://books.toscrape.com/catalogue/the-electric-pencil-drawings-from-inside-state-hospital-no-3_933/index.html
2026-09-02 23:23:26,521 - INFO - Product URL resolved: https://books.toscrape.com/catalogue/the-death-of-humanity-and-the-case-for-life_932/index.html
2026-09-02 23:23:26,521 - INFO - Product URL resolved: https://books.toscrape.com/catalogue/the-bulletproof-diet-lose-up-to-a-pound-a-day-reclaim-energy-and-focus-upgrade-your-life_931/index.html
2026-09-02 23:23:26,521 - INFO - Product URL resolved: https://books.toscrape.com/catalogue/the-art-forger_930/index.html
2026-09-02 23:23:26,521 - INFO - Product URL resolved: https://books.toscrape.com/catalogue/the-age-of-genius-the-seventeenth-century-and-the-birth-of-the-modern-mind_929/index.html
2026-09-02 23:23:26,521 - INFO - Product URL resolved: https://books.toscrape.com/catalogue/the-activists-tao-te-ching-ancient-advice-for-a-modern-revolution_928/index.html
2026-09-02 23:23:26,521 - INFO - Product URL resolved: https://books.toscrape.com/catalogue/spark-joy-an-illustrated-master-class-on-the-art-of-organizing-and-tidying-up_927/index.html
2026-09-02 23:23:26,521 - INFO - Product URL resolved: https://books.toscrape.com/catalogue/soul-reader_926/index.html
2026-09-02 23:23:26,521 - INFO - Product URL resolved: https://books.toscrape.com/catalogue/security_925/index.html
2026-09-02 23:23:26,521 - INFO - Product URL resolved: https://books.toscrape.com/catalogue/saga-volume-6-saga-collected-editions-6_924/index.html
2026-09-02 23:23:26,521 - INFO - Product URL resolved: https://books.toscrape.com/catalogue/saga-volume-5-saga-collected-editions-5_923/index.html
2026-09-02 23:23:26,521 - INFO - Product URL resolved: https://books.toscrape.com/catalogue/reskilling-america-learning-to-labor-in-the-twenty-first-century_922/index.html
2026-09-02 23:23:26,521 - INFO - Product URL resolved: https://books.toscrape.com/catalogue/rat-queens-vol-3-demons-rat-queens-collected-editions-11-15_921/index.html
2026-09-02 23:23:26,521 - INFO - Successfully extracted 20 products.
2026-09-02 23:23:26,521 - INFO - Products found on page 4: 20
2026-09-02 23:23:26,521 - INFO - Matching products collected so far: 1
2026-09-02 23:23:26,521 - INFO - Scraping page 5: https://books.toscrape.com/catalogue/page-5.html
2026-09-02 23:23:26,521 - INFO - Checking robots.txt: https://books.toscrape.com/robots.txt
2026-09-02 23:23:27,257 - INFO - robots.txt allows access: https://books.toscrape.com/catalogue/page-5.html
2026-09-02 23:23:28,978 - INFO - Request successful: 200 - https://books.toscrape.com/catalogue/page-5.html
2026-09-02 23:23:28,994 - INFO - HTML parsed successfully.
2026-09-02 23:23:28,995 - INFO - Product elements found: 20
2026-09-02 23:23:28,996 - INFO - Product URL resolved: https://books.toscrape.com/catalogue/princess-jellyfish-2-in-1-omnibus-vol-01-princess-jellyfish-2-in-1-omnibus-1_920/index.html
2026-09-02 23:23:28,996 - INFO - Product URL resolved: https://books.toscrape.com/catalogue/princess-between-worlds-wide-awake-princess-5_919/index.html
2026-09-02 23:23:28,996 - INFO - Product URL resolved: https://books.toscrape.com/catalogue/pop-gun-war-volume-1-gift_918/index.html
2026-09-02 23:23:28,997 - INFO - Product URL resolved: https://books.toscrape.com/catalogue/political-suicide-missteps-peccadilloes-bad-calls-backroom-hijinx-sordid-pasts-rotten-breaks-and-just-plain-dumb-mistakes-in-the-annals-of-american-politics_917/index.html
2026-09-02 23:23:28,997 - INFO - Product URL resolved: https://books.toscrape.com/catalogue/patience_916/index.html
2026-09-02 23:23:28,997 - INFO - Product URL resolved: https://books.toscrape.com/catalogue/outcast-vol-1-a-darkness-surrounds-him-outcast-1_915/index.html
2026-09-02 23:23:28,997 - INFO - Product URL resolved: https://books.toscrape.com/catalogue/orange-the-complete-collection-1-orange-the-complete-collection-1_914/index.html
2026-09-02 23:23:28,997 - INFO - Product URL resolved: https://books.toscrape.com/catalogue/online-marketing-for-busy-authors-a-step-by-step-guide_913/index.html
2026-09-02 23:23:28,998 - INFO - Product URL resolved: https://books.toscrape.com/catalogue/on-a-midnight-clear_912/index.html
2026-09-02 23:23:28,998 - INFO - Product URL resolved: https://books.toscrape.com/catalogue/obsidian-lux-1_911/index.html
2026-09-02 23:23:28,998 - INFO - Product URL resolved: https://books.toscrape.com/catalogue/my-paris-kitchen-recipes-and-stories_910/index.html
2026-09-02 23:23:28,999 - INFO - Product URL resolved: https://books.toscrape.com/catalogue/masks-and-shadows_909/index.html
2026-09-02 23:23:28,999 - INFO - Product URL resolved: https://books.toscrape.com/catalogue/mama-tried-traditional-italian-cooking-for-the-screwed-crude-vegan-and-tattooed_908/index.html
2026-09-02 23:23:28,999 - INFO - Product URL resolved: https://books.toscrape.com/catalogue/lumberjanes-vol-2-friendship-to-the-max-lumberjanes-5-8_907/index.html
2026-09-02 23:23:29,000 - INFO - Product URL resolved: https://books.toscrape.com/catalogue/lumberjanes-vol-1-beware-the-kitten-holy-lumberjanes-1-4_906/index.html
2026-09-02 23:23:29,000 - INFO - Product URL resolved: https://books.toscrape.com/catalogue/lumberjanes-vol-3-a-terrible-plan-lumberjanes-9-12_905/index.html
2026-09-02 23:23:29,000 - INFO - Product URL resolved: https://books.toscrape.com/catalogue/layered-baking-building-and-styling-spectacular-cakes_904/index.html
2026-09-02 23:23:29,001 - INFO - Product URL resolved: https://books.toscrape.com/catalogue/judo-seven-steps-to-black-belt-an-introductory-guide-for-beginners_903/index.html
2026-09-02 23:23:29,001 - INFO - Product URL resolved: https://books.toscrape.com/catalogue/join_902/index.html
2026-09-02 23:23:29,001 - INFO - Product URL resolved: https://books.toscrape.com/catalogue/in-the-country-we-love-my-family-divided_901/index.html
2026-09-02 23:23:29,001 - INFO - Successfully extracted 20 products.
2026-09-02 23:23:29,001 - INFO - Products found on page 5: 20
2026-09-02 23:23:29,001 - INFO - Matching products collected so far: 1
2026-09-02 23:23:29,004 - INFO - Scraping page 6: https://books.toscrape.com/catalogue/page-6.html
2026-09-02 23:23:29,004 - INFO - Checking robots.txt: https://books.toscrape.com/robots.txt
2026-09-02 23:23:29,716 - INFO - robots.txt allows access: https://books.toscrape.com/catalogue/page-6.html
2026-09-02 23:23:31,457 - INFO - Request successful: 200 - https://books.toscrape.com/catalogue/page-6.html
2026-09-02 23:23:31,474 - INFO - HTML parsed successfully.
2026-09-02 23:23:31,474 - INFO - Product elements found: 20
2026-09-02 23:23:31,475 - INFO - Product URL resolved: https://books.toscrape.com/catalogue/immunity-how-elie-metchnikoff-changed-the-course-of-modern-medicine_900/index.html
2026-09-02 23:23:31,475 - INFO - Product URL resolved: https://books.toscrape.com/catalogue/i-hate-fairyland-vol-1-madly-ever-after-i-hate-fairyland-compilations-1-5_899/index.html
2026-09-02 23:23:31,475 - INFO - Product URL resolved: https://books.toscrape.com/catalogue/i-am-a-hero-omnibus-volume-1_898/index.html
2026-09-02 23:23:31,475 - INFO - Product URL resolved: https://books.toscrape.com/catalogue/how-to-be-miserable-40-strategies-you-already-use_897/index.html
2026-09-02 23:23:31,475 - INFO - Product URL resolved: https://books.toscrape.com/catalogue/her-backup-boyfriend-the-sorensen-family-1_896/index.html
2026-09-02 23:23:31,475 - INFO - Product URL resolved: https://books.toscrape.com/catalogue/giant-days-vol-2-giant-days-5-8_895/index.html
2026-09-02 23:23:31,475 - INFO - Product URL resolved: https://books.toscrape.com/catalogue/forever-and-forever-the-courtship-of-henry-longfellow-and-fanny-appleton_894/index.html
2026-09-02 23:23:31,475 - INFO - Product URL resolved: https://books.toscrape.com/catalogue/first-and-first-five-boroughs-3_893/index.html
2026-09-02 23:23:31,475 - INFO - Product URL resolved: https://books.toscrape.com/catalogue/fifty-shades-darker-fifty-shades-2_892/index.html
2026-09-02 23:23:31,475 - INFO - Product URL resolved: https://books.toscrape.com/catalogue/everydata-the-misinformation-hidden-in-the-little-data-you-consume-every-day_891/index.html
2026-09-02 23:23:31,475 - INFO - Product URL resolved: https://books.toscrape.com/catalogue/dont-be-a-jerk-and-other-practical-advice-from-dogen-japans-greatest-zen-master_890/index.html
2026-09-02 23:23:31,475 - INFO - Product URL resolved: https://books.toscrape.com/catalogue/danganronpa-volume-1_889/index.html
2026-09-02 23:23:31,475 - INFO - Product URL resolved: https://books.toscrape.com/catalogue/crown-of-midnight-throne-of-glass-2_888/index.html
2026-09-02 23:23:31,475 - INFO - Product URL resolved: https://books.toscrape.com/catalogue/codename-baboushka-volume-1-the-conclave-of-death_887/index.html
2026-09-02 23:23:31,475 - INFO - Product URL resolved: https://books.toscrape.com/catalogue/camp-midnight_886/index.html
2026-09-02 23:23:31,475 - INFO - Product URL resolved: https://books.toscrape.com/catalogue/call-the-nurse-true-stories-of-a-country-nurse-on-a-scottish-isle_885/index.html
2026-09-02 23:23:31,475 - INFO - Product URL resolved: https://books.toscrape.com/catalogue/burning_884/index.html
2026-09-02 23:23:31,475 - INFO - Product URL resolved: https://books.toscrape.com/catalogue/bossypants_883/index.html
2026-09-02 23:23:31,475 - INFO - Product URL resolved: https://books.toscrape.com/catalogue/bitch-planet-vol-1-extraordinary-machine-bitch-planet-collected-editions_882/index.html
2026-09-02 23:23:31,475 - INFO - Product URL resolved: https://books.toscrape.com/catalogue/avatar-the-last-airbender-smoke-and-shadow-part-3-smoke-and-shadow-3_881/index.html
2026-09-02 23:23:31,475 - INFO - Successfully extracted 20 products.
2026-09-02 23:23:31,475 - INFO - Products found on page 6: 20
2026-09-02 23:23:31,475 - INFO - Matching products collected so far: 1
2026-09-02 23:23:31,475 - INFO - Scraping page 7: https://books.toscrape.com/catalogue/page-7.html
2026-09-02 23:23:31,475 - INFO - Checking robots.txt: https://books.toscrape.com/robots.txt
2026-09-02 23:23:32,194 - INFO - robots.txt allows access: https://books.toscrape.com/catalogue/page-7.html
2026-09-02 23:23:33,918 - INFO - Request successful: 200 - https://books.toscrape.com/catalogue/page-7.html
2026-09-02 23:23:33,932 - INFO - HTML parsed successfully.
2026-09-02 23:23:33,932 - INFO - Product elements found: 20
2026-09-02 23:23:33,932 - INFO - Product URL resolved: https://books.toscrape.com/catalogue/algorithms-to-live-by-the-computer-science-of-human-decisions_880/index.html
2026-09-02 23:23:33,932 - INFO - Product URL resolved: https://books.toscrape.com/catalogue/a-world-of-flavor-your-gluten-free-passport_879/index.html
2026-09-02 23:23:33,932 - INFO - Product URL resolved: https://books.toscrape.com/catalogue/a-piece-of-sky-a-grain-of-rice-a-memoir-in-four-meditations_878/index.html
2026-09-02 23:23:33,932 - INFO - Product URL resolved: https://books.toscrape.com/catalogue/a-murder-in-time_877/index.html
2026-09-02 23:23:33,932 - INFO - Product URL resolved: https://books.toscrape.com/catalogue/a-flight-of-arrows-the-pathfinders-2_876/index.html
2026-09-02 23:23:33,932 - INFO - Product URL resolved: https://books.toscrape.com/catalogue/a-fierce-and-subtle-poison_875/index.html
2026-09-02 23:23:33,932 - INFO - Product URL resolved: https://books.toscrape.com/catalogue/a-court-of-thorns-and-roses-a-court-of-thorns-and-roses-1_874/index.html
2026-09-02 23:23:33,932 - INFO - Product URL resolved: https://books.toscrape.com/catalogue/unqualified-how-god-uses-broken-people-to-do-big-things_873/index.html
2026-09-02 23:23:33,932 - INFO - Product URL resolved: https://books.toscrape.com/catalogue/you-are-what-you-love-the-spiritual-power-of-habit_872/index.html
2026-09-02 23:23:33,932 - INFO - Product URL resolved: https://books.toscrape.com/catalogue/william-shakespeares-star-wars-verily-a-new-hope-william-shakespeares-star-wars-4_871/index.html
2026-09-02 23:23:33,947 - INFO - Product URL resolved: https://books.toscrape.com/catalogue/tuesday-nights-in-1980_870/index.html
2026-09-02 23:23:33,947 - INFO - Product URL resolved: https://books.toscrape.com/catalogue/tracing-numbers-on-a-train_869/index.html
2026-09-02 23:23:33,947 - INFO - Product URL resolved: https://books.toscrape.com/catalogue/throne-of-glass-throne-of-glass-1_868/index.html
2026-09-02 23:23:33,947 - INFO - Product URL resolved: https://books.toscrape.com/catalogue/thomas-jefferson-and-the-tripoli-pirates-the-forgotten-war-that-changed-american-history_867/index.html
2026-09-02 23:23:33,947 - INFO - Product URL resolved: https://books.toscrape.com/catalogue/thirteen-reasons-why_866/index.html
2026-09-02 23:23:33,947 - INFO - Product URL resolved: https://books.toscrape.com/catalogue/the-white-cat-and-the-monk-a-retelling-of-the-poem-pangur-ban_865/index.html
2026-09-02 23:23:33,947 - INFO - Product URL resolved: https://books.toscrape.com/catalogue/the-wedding-dress_864/index.html
2026-09-02 23:23:33,947 - INFO - Product URL resolved: https://books.toscrape.com/catalogue/the-vacationers_863/index.html
2026-09-02 23:23:33,947 - INFO - Product URL resolved: https://books.toscrape.com/catalogue/the-third-wave-an-entrepreneurs-vision-of-the-future_862/index.html
2026-09-02 23:23:33,947 - INFO - Product URL resolved: https://books.toscrape.com/catalogue/the-stranger_861/index.html
2026-09-02 23:23:33,947 - INFO - Successfully extracted 20 products.
2026-09-02 23:23:33,947 - INFO - Products found on page 7: 20
2026-09-02 23:23:33,947 - INFO - Matching products collected so far: 1
2026-09-02 23:23:33,947 - INFO - Scraping page 8: https://books.toscrape.com/catalogue/page-8.html
2026-09-02 23:23:33,947 - INFO - Checking robots.txt: https://books.toscrape.com/robots.txt
2026-09-02 23:23:34,679 - INFO - robots.txt allows access: https://books.toscrape.com/catalogue/page-8.html
2026-09-02 23:23:36,455 - INFO - Request successful: 200 - https://books.toscrape.com/catalogue/page-8.html
2026-09-02 23:23:36,487 - INFO - HTML parsed successfully.
2026-09-02 23:23:36,487 - INFO - Product elements found: 20
2026-09-02 23:23:36,487 - INFO - Product URL resolved: https://books.toscrape.com/catalogue/the-shadow-hero-the-shadow-hero_860/index.html
2026-09-02 23:23:36,487 - INFO - Product URL resolved: https://books.toscrape.com/catalogue/the-secret-the-secret-1_859/index.html
2026-09-02 23:23:36,487 - INFO - Product URL resolved: https://books.toscrape.com/catalogue/the-regional-office-is-under-attack_858/index.html
2026-09-02 23:23:36,487 - INFO - Product URL resolved: https://books.toscrape.com/catalogue/the-psychopath-test-a-journey-through-the-madness-industry_857/index.html
2026-09-02 23:23:36,487 - INFO - Product URL resolved: https://books.toscrape.com/catalogue/the-project_856/index.html
2026-09-02 23:23:36,487 - INFO - Product URL resolved: https://books.toscrape.com/catalogue/the-power-of-now-a-guide-to-spiritual-enlightenment_855/index.html
2026-09-02 23:23:36,487 - INFO - Product URL resolved: https://books.toscrape.com/catalogue/the-omnivores-dilemma-a-natural-history-of-four-meals_854/index.html
2026-09-02 23:23:36,487 - INFO - Product URL resolved: https://books.toscrape.com/catalogue/the-nerdy-nummies-cookbook-sweet-treats-for-the-geek-in-all-of-us_853/index.html
2026-09-02 23:23:36,487 - INFO - Product URL resolved: https://books.toscrape.com/catalogue/the-murder-of-roger-ackroyd-hercule-poirot-4_852/index.html
2026-09-02 23:23:36,487 - INFO - Product URL resolved: https://books.toscrape.com/catalogue/the-mistake-off-campus-2_851/index.html
2026-09-02 23:23:36,487 - INFO - Product URL resolved: https://books.toscrape.com/catalogue/the-matchmakers-playbook-wingmen-inc-1_850/index.html
2026-09-02 23:23:36,487 - INFO - Product URL resolved: https://books.toscrape.com/catalogue/the-love-and-lemons-cookbook-an-apple-to-zucchini-celebration-of-impromptu-cooking_849/index.html
2026-09-02 23:23:36,487 - INFO - Product URL resolved: https://books.toscrape.com/catalogue/the-long-shadow-of-small-ghosts-murder-and-memory-in-an-american-city_848/index.html
2026-09-02 23:23:36,487 - INFO - Product URL resolved: https://books.toscrape.com/catalogue/the-kite-runner_847/index.html
2026-09-02 23:23:36,487 - INFO - Product URL resolved: https://books.toscrape.com/catalogue/the-house-by-the-lake_846/index.html
2026-09-02 23:23:36,487 - INFO - Product URL resolved: https://books.toscrape.com/catalogue/the-glittering-court-the-glittering-court-1_845/index.html
2026-09-02 23:23:36,487 - INFO - Product URL resolved: https://books.toscrape.com/catalogue/the-girl-on-the-train_844/index.html
2026-09-02 23:23:36,487 - INFO - Product URL resolved: https://books.toscrape.com/catalogue/the-genius-of-birds_843/index.html
2026-09-02 23:23:36,487 - INFO - Product URL resolved: https://books.toscrape.com/catalogue/the-emerald-mystery_842/index.html
2026-09-02 23:23:36,487 - INFO - Product URL resolved: https://books.toscrape.com/catalogue/the-cookies-cups-cookbook-125-sweet-savory-recipes-reminding-you-to-always-eat-dessert-first_841/index.html
2026-09-02 23:23:36,487 - INFO - Successfully extracted 20 products.
2026-09-02 23:23:36,487 - INFO - Products found on page 8: 20
2026-09-02 23:23:36,487 - INFO - Matching products collected so far: 1
2026-09-02 23:23:36,487 - INFO - Scraping page 9: https://books.toscrape.com/catalogue/page-9.html
2026-09-02 23:23:36,487 - INFO - Checking robots.txt: https://books.toscrape.com/robots.txt
2026-09-02 23:23:37,215 - INFO - robots.txt allows access: https://books.toscrape.com/catalogue/page-9.html
2026-09-02 23:23:38,935 - INFO - Request successful: 200 - https://books.toscrape.com/catalogue/page-9.html
2026-09-02 23:23:38,942 - INFO - HTML parsed successfully.
2026-09-02 23:23:38,957 - INFO - Product elements found: 20
2026-09-02 23:23:38,957 - INFO - Product URL resolved: https://books.toscrape.com/catalogue/the-bridge-to-consciousness-im-writing-the-bridge-between-science-and-our-old-and-new-beliefs_840/index.html
2026-09-02 23:23:38,957 - INFO - Product URL resolved: https://books.toscrape.com/catalogue/the-artists-way-a-spiritual-path-to-higher-creativity_839/index.html
2026-09-02 23:23:38,957 - INFO - Product URL resolved: https://books.toscrape.com/catalogue/the-art-of-war_838/index.html
2026-09-02 23:23:38,957 - INFO - Product URL resolved: https://books.toscrape.com/catalogue/the-argonauts_837/index.html
2026-09-02 23:23:38,957 - INFO - Product URL resolved: https://books.toscrape.com/catalogue/the-10-entrepreneur-live-your-startup-dream-without-quitting-your-day-job_836/index.html
2026-09-02 23:23:38,957 - INFO - Product URL resolved: https://books.toscrape.com/catalogue/suddenly-in-love-lake-haven-1_835/index.html
2026-09-02 23:23:38,957 - INFO - Product URL resolved: https://books.toscrape.com/catalogue/something-more-than-this_834/index.html
2026-09-02 23:23:38,957 - INFO - Product URL resolved: https://books.toscrape.com/catalogue/soft-apocalypse_833/index.html
2026-09-02 23:23:38,957 - INFO - Product URL resolved: https://books.toscrape.com/catalogue/so-youve-been-publicly-shamed_832/index.html
2026-09-02 23:23:38,957 - INFO - Product URL resolved: https://books.toscrape.com/catalogue/shoe-dog-a-memoir-by-the-creator-of-nike_831/index.html
2026-09-02 23:23:38,957 - INFO - Product URL resolved: https://books.toscrape.com/catalogue/shobu-samurai-project-aryoku-3_830/index.html
2026-09-02 23:23:38,957 - INFO - Product URL resolved: https://books.toscrape.com/catalogue/secrets-and-lace-fatal-hearts-1_829/index.html
2026-09-02 23:23:38,957 - INFO - Product URL resolved: https://books.toscrape.com/catalogue/scarlett-epstein-hates-it-here_828/index.html
2026-09-02 23:23:38,957 - INFO - Product URL resolved: https://books.toscrape.com/catalogue/romero-and-juliet-a-tragic-tale-of-love-and-zombies_827/index.html
2026-09-02 23:23:38,957 - INFO - Product URL resolved: https://books.toscrape.com/catalogue/redeeming-love_826/index.html
2026-09-02 23:23:38,957 - INFO - Product URL resolved: https://books.toscrape.com/catalogue/poses-for-artists-volume-1-dynamic-and-sitting-poses-an-essential-reference-for-figure-drawing-and-the-human-form_825/index.html
2026-09-02 23:23:38,957 - INFO - Product URL resolved: https://books.toscrape.com/catalogue/poems-that-make-grown-women-cry_824/index.html
2026-09-02 23:23:38,957 - INFO - Product URL resolved: https://books.toscrape.com/catalogue/nightingale-sing_823/index.html
2026-09-02 23:23:38,957 - INFO - Product URL resolved: https://books.toscrape.com/catalogue/night-sky-with-exit-wounds_822/index.html
2026-09-02 23:23:38,957 - INFO - Product URL resolved: https://books.toscrape.com/catalogue/mrs-houdini_821/index.html
2026-09-02 23:23:38,957 - INFO - Successfully extracted 20 products.
2026-09-02 23:23:38,957 - INFO - Products found on page 9: 20
2026-09-02 23:23:38,957 - INFO - Matching products collected so far: 1
2026-09-02 23:23:38,957 - INFO - Scraping page 10: https://books.toscrape.com/catalogue/page-10.html
2026-09-02 23:23:38,957 - INFO - Checking robots.txt: https://books.toscrape.com/robots.txt
2026-09-02 23:23:39,670 - INFO - robots.txt allows access: https://books.toscrape.com/catalogue/page-10.html
2026-09-02 23:23:41,399 - INFO - Request successful: 200 - https://books.toscrape.com/catalogue/page-10.html
2026-09-02 23:23:41,415 - INFO - HTML parsed successfully.
2026-09-02 23:23:41,415 - INFO - Product elements found: 20
2026-09-02 23:23:41,415 - INFO - Product URL resolved: https://books.toscrape.com/catalogue/modern-romance_820/index.html
2026-09-02 23:23:41,415 - INFO - Product URL resolved: https://books.toscrape.com/catalogue/miss-peregrines-home-for-peculiar-children-miss-peregrines-peculiar-children-1_819/index.html
2026-09-02 23:23:41,415 - INFO - Product URL resolved: https://books.toscrape.com/catalogue/louisa-the-extraordinary-life-of-mrs-adams_818/index.html
2026-09-02 23:23:41,415 - INFO - Product URL resolved: https://books.toscrape.com/catalogue/little-red_817/index.html
2026-09-02 23:23:41,415 - INFO - Product URL resolved: https://books.toscrape.com/catalogue/library-of-souls-miss-peregrines-peculiar-children-3_816/index.html
2026-09-02 23:23:41,415 - INFO - Product URL resolved: https://books.toscrape.com/catalogue/large-print-heart-of-the-pride_815/index.html
2026-09-02 23:23:41,415 - INFO - Product URL resolved: https://books.toscrape.com/catalogue/i-had-a-nice-time-and-other-lies-how-to-find-love-sht-like-that_814/index.html
2026-09-02 23:23:41,415 - INFO - Product URL resolved: https://books.toscrape.com/catalogue/hollow-city-miss-peregrines-peculiar-children-2_813/index.html
2026-09-02 23:23:41,415 - INFO - Product URL resolved: https://books.toscrape.com/catalogue/grumbles_812/index.html
2026-09-02 23:23:41,415 - INFO - Product URL resolved: https://books.toscrape.com/catalogue/full-moon-over-noahs-ark-an-odyssey-to-mount-ararat-and-beyond_811/index.html
2026-09-02 23:23:41,415 - INFO - Product URL resolved: https://books.toscrape.com/catalogue/frostbite-vampire-academy-2_810/index.html
2026-09-02 23:23:41,415 - INFO - Product URL resolved: https://books.toscrape.com/catalogue/follow-you-home_809/index.html
2026-09-02 23:23:41,415 - INFO - Product URL resolved: https://books.toscrape.com/catalogue/first-steps-for-new-christians-print-edition_808/index.html
2026-09-02 23:23:41,415 - INFO - Product URL resolved: https://books.toscrape.com/catalogue/finders-keepers-bill-hodges-trilogy-2_807/index.html
2026-09-02 23:23:41,415 - INFO - Product URL resolved: https://books.toscrape.com/catalogue/fables-vol-1-legends-in-exile-fables-1_806/index.html
2026-09-02 23:23:41,415 - INFO - Product URL resolved: https://books.toscrape.com/catalogue/eureka-trivia-60_805/index.html
2026-09-02 23:23:41,415 - INFO - Product URL resolved: https://books.toscrape.com/catalogue/drive-the-surprising-truth-about-what-motivates-us_804/index.html
2026-09-02 23:23:41,415 - INFO - Product URL resolved: https://books.toscrape.com/catalogue/done-rubbed-out-reightman-bailey-1_803/index.html
2026-09-02 23:23:41,415 - INFO - Product URL resolved: https://books.toscrape.com/catalogue/doing-it-over-most-likely-to-1_802/index.html
2026-09-02 23:23:41,415 - INFO - Product URL resolved: https://books.toscrape.com/catalogue/deliciously-ella-every-day-quick-and-easy-recipes-for-gluten-free-snacks-packed-lunches-and-simple-meals_801/index.html
2026-09-02 23:23:41,415 - INFO - Successfully extracted 20 products.
2026-09-02 23:23:41,415 - INFO - Products found on page 10: 20
2026-09-02 23:23:41,415 - INFO - Matching products collected so far: 1
2026-09-02 23:23:41,425 - INFO - Scraping page 11: https://books.toscrape.com/catalogue/page-11.html
2026-09-02 23:23:41,425 - INFO - Checking robots.txt: https://books.toscrape.com/robots.txt
2026-09-02 23:23:42,140 - INFO - robots.txt allows access: https://books.toscrape.com/catalogue/page-11.html
2026-09-02 23:23:43,877 - INFO - Request successful: 200 - https://books.toscrape.com/catalogue/page-11.html
2026-09-02 23:23:43,889 - INFO - HTML parsed successfully.
2026-09-02 23:23:43,889 - INFO - Product elements found: 20
2026-09-02 23:23:43,889 - INFO - Product URL resolved: https://books.toscrape.com/catalogue/dark-notes_800/index.html
2026-09-02 23:23:43,889 - INFO - Product URL resolved: https://books.toscrape.com/catalogue/daring-greatly-how-the-courage-to-be-vulnerable-transforms-the-way-we-live-love-parent-and-lead_799/index.html
2026-09-02 23:23:43,889 - INFO - Product URL resolved: https://books.toscrape.com/catalogue/close-to-you_798/index.html
2026-09-02 23:23:43,889 - INFO - Product URL resolved: https://books.toscrape.com/catalogue/chasing-heaven-what-dying-taught-me-about-living_797/index.html
2026-09-02 23:23:43,889 - INFO - Product URL resolved: https://books.toscrape.com/catalogue/big-magic-creative-living-beyond-fear_796/index.html
2026-09-02 23:23:43,889 - INFO - Product URL resolved: https://books.toscrape.com/catalogue/becoming-wise-an-inquiry-into-the-mystery-and-art-of-living_795/index.html
2026-09-02 23:23:43,889 - INFO - Product URL resolved: https://books.toscrape.com/catalogue/beauty-restored-riley-family-legacy-novellas-3_794/index.html
2026-09-02 23:23:43,889 - INFO - Product URL resolved: https://books.toscrape.com/catalogue/batman-the-long-halloween-batman_793/index.html
2026-09-02 23:23:43,889 - INFO - Product URL resolved: https://books.toscrape.com/catalogue/batman-the-dark-knight-returns-batman_792/index.html
2026-09-02 23:23:43,889 - INFO - Product URL resolved: https://books.toscrape.com/catalogue/ayumis-violin_791/index.html
2026-09-02 23:23:43,889 - INFO - Product URL resolved: https://books.toscrape.com/catalogue/anonymous_790/index.html
2026-09-02 23:23:43,889 - INFO - Product URL resolved: https://books.toscrape.com/catalogue/amy-meets-the-saints-and-sages_789/index.html
2026-09-02 23:23:43,889 - INFO - Product URL resolved: https://books.toscrape.com/catalogue/amid-the-chaos_788/index.html
2026-09-02 23:23:43,889 - INFO - Product URL resolved: https://books.toscrape.com/catalogue/amatus_787/index.html
2026-09-02 23:23:43,889 - INFO - Product URL resolved: https://books.toscrape.com/catalogue/agnostic-a-spirited-manifesto_786/index.html
2026-09-02 23:23:43,889 - INFO - Product URL resolved: https://books.toscrape.com/catalogue/zealot-the-life-and-times-of-jesus-of-nazareth_785/index.html
2026-09-02 23:23:43,889 - INFO - Product URL resolved: https://books.toscrape.com/catalogue/you-you-1_784/index.html
2026-09-02 23:23:43,889 - INFO - Product URL resolved: https://books.toscrape.com/catalogue/wonder-woman-earth-one-volume-one-wonder-woman-earth-one-1_783/index.html
2026-09-02 23:23:43,889 - INFO - Product URL resolved: https://books.toscrape.com/catalogue/wild-swans_782/index.html
2026-09-02 23:23:43,889 - INFO - Product URL resolved: https://books.toscrape.com/catalogue/why-the-right-went-wrong-conservatism-from-goldwater-to-the-tea-party-and-beyond_781/index.html
2026-09-02 23:23:43,889 - INFO - Successfully extracted 20 products.
2026-09-02 23:23:43,889 - INFO - Products found on page 11: 20
2026-09-02 23:23:43,889 - INFO - Matching products collected so far: 1
2026-09-02 23:23:43,905 - INFO - Scraping page 12: https://books.toscrape.com/catalogue/page-12.html
2026-09-02 23:23:43,905 - INFO - Checking robots.txt: https://books.toscrape.com/robots.txt
2026-09-02 23:23:44,631 - INFO - robots.txt allows access: https://books.toscrape.com/catalogue/page-12.html
2026-09-02 23:23:46,347 - INFO - Request successful: 200 - https://books.toscrape.com/catalogue/page-12.html
2026-09-02 23:23:46,374 - INFO - HTML parsed successfully.
2026-09-02 23:23:46,374 - INFO - Product elements found: 20
2026-09-02 23:23:46,374 - INFO - Product URL resolved: https://books.toscrape.com/catalogue/whole-lotta-creativity-going-on-60-fun-and-unusual-exercises-to-awaken-and-strengthen-your-creativity_780/index.html
2026-09-02 23:23:46,374 - INFO - Product URL resolved: https://books.toscrape.com/catalogue/whats-it-like-in-space-stories-from-astronauts-whove-been-there_779/index.html
2026-09-02 23:23:46,374 - INFO - Product URL resolved: https://books.toscrape.com/catalogue/we-are-robin-vol-1-the-vigilante-business-we-are-robin-1_778/index.html
2026-09-02 23:23:46,374 - INFO - Product URL resolved: https://books.toscrape.com/catalogue/walt-disneys-alice-in-wonderland_777/index.html
2026-09-02 23:23:46,378 - INFO - Product URL resolved: https://books.toscrape.com/catalogue/v-for-vendetta-v-for-vendetta-complete_776/index.html
2026-09-02 23:23:46,378 - INFO - Product URL resolved: https://books.toscrape.com/catalogue/until-friday-night-the-field-party-1_775/index.html
2026-09-02 23:23:46,378 - INFO - Product URL resolved: https://books.toscrape.com/catalogue/unbroken-a-world-war-ii-story-of-survival-resilience-and-redemption_774/index.html
2026-09-02 23:23:46,378 - INFO - Product URL resolved: https://books.toscrape.com/catalogue/twenty-yawns_773/index.html
2026-09-02 23:23:46,378 - INFO - Product URL resolved: https://books.toscrape.com/catalogue/through-the-woods_772/index.html
2026-09-02 23:23:46,378 - INFO - Product URL resolved: https://books.toscrape.com/catalogue/this-is-where-it-ends_771/index.html
2026-09-02 23:23:46,378 - INFO - Product URL resolved: https://books.toscrape.com/catalogue/the-year-of-magical-thinking_770/index.html
2026-09-02 23:23:46,378 - INFO - Product URL resolved: https://books.toscrape.com/catalogue/the-wright-brothers_769/index.html
2026-09-02 23:23:46,378 - INFO - Product URL resolved: https://books.toscrape.com/catalogue/the-white-queen-the-cousins-war-1_768/index.html
2026-09-02 23:23:46,378 - INFO - Product URL resolved: https://books.toscrape.com/catalogue/the-wedding-pact-the-omalleys-2_767/index.html
2026-09-02 23:23:46,378 - INFO - Product URL resolved: https://books.toscrape.com/catalogue/the-time-keeper_766/index.html
2026-09-02 23:23:46,378 - INFO - Product URL resolved: https://books.toscrape.com/catalogue/the-testament-of-mary_765/index.html
2026-09-02 23:23:46,378 - INFO - Product URL resolved: https://books.toscrape.com/catalogue/the-star-touched-queen_764/index.html
2026-09-02 23:23:46,378 - INFO - Product URL resolved: https://books.toscrape.com/catalogue/the-songs-of-the-gods_763/index.html
2026-09-02 23:23:46,378 - INFO - Product URL resolved: https://books.toscrape.com/catalogue/the-song-of-achilles_762/index.html
2026-09-02 23:23:46,378 - INFO - Product URL resolved: https://books.toscrape.com/catalogue/the-rosie-project-don-tillman-1_761/index.html
2026-09-02 23:23:46,378 - INFO - Successfully extracted 20 products.
2026-09-02 23:23:46,378 - INFO - Products found on page 12: 20
2026-09-02 23:23:46,378 - INFO - Matching products collected so far: 1
2026-09-02 23:23:46,378 - INFO - Scraping page 13: https://books.toscrape.com/catalogue/page-13.html
2026-09-02 23:23:46,378 - INFO - Checking robots.txt: https://books.toscrape.com/robots.txt
2026-09-02 23:23:47,112 - INFO - robots.txt allows access: https://books.toscrape.com/catalogue/page-13.html
2026-09-02 23:23:48,847 - INFO - Request successful: 200 - https://books.toscrape.com/catalogue/page-13.html
2026-09-02 23:23:48,864 - INFO - HTML parsed successfully.
2026-09-02 23:23:48,864 - INFO - Product elements found: 20
2026-09-02 23:23:48,864 - INFO - Product URL resolved: https://books.toscrape.com/catalogue/the-power-of-habit-why-we-do-what-we-do-in-life-and-business_760/index.html
2026-09-02 23:23:48,864 - INFO - Product URL resolved: https://books.toscrape.com/catalogue/the-marriage-of-opposites_759/index.html
2026-09-02 23:23:48,878 - INFO - Product URL resolved: https://books.toscrape.com/catalogue/the-lucifer-effect-understanding-how-good-people-turn-evil_758/index.html
2026-09-02 23:23:48,878 - INFO - Product URL resolved: https://books.toscrape.com/catalogue/the-long-haul-diary-of-a-wimpy-kid-9_757/index.html
2026-09-02 23:23:48,878 - INFO - Product URL resolved: https://books.toscrape.com/catalogue/the-loney_756/index.html
2026-09-02 23:23:48,878 - INFO - Product URL resolved: https://books.toscrape.com/catalogue/the-literature-book-big-ideas-simply-explained_755/index.html
2026-09-02 23:23:48,878 - INFO - Product URL resolved: https://books.toscrape.com/catalogue/the-last-mile-amos-decker-2_754/index.html
2026-09-02 23:23:48,878 - INFO - Product URL resolved: https://books.toscrape.com/catalogue/the-immortal-life-of-henrietta-lacks_753/index.html
2026-09-02 23:23:48,888 - INFO - Product URL resolved: https://books.toscrape.com/catalogue/the-hidden-oracle-the-trials-of-apollo-1_752/index.html
2026-09-02 23:23:48,888 - INFO - Product URL resolved: https://books.toscrape.com/catalogue/the-help-yourself-cookbook-for-kids-60-easy-plant-based-recipes-kids-can-make-to-stay-healthy-and-save-the-earth_751/index.html
2026-09-02 23:23:48,890 - INFO - Product URL resolved: https://books.toscrape.com/catalogue/the-guilty-will-robie-4_750/index.html
2026-09-02 23:23:48,890 - INFO - Product URL resolved: https://books.toscrape.com/catalogue/the-first-hostage-jb-collins-2_749/index.html
2026-09-02 23:23:48,890 - INFO - Product URL resolved: https://books.toscrape.com/catalogue/the-dovekeepers_748/index.html
2026-09-02 23:23:48,890 - INFO - Product URL resolved: https://books.toscrape.com/catalogue/the-darkest-lie_747/index.html
2026-09-02 23:23:48,890 - INFO - Product URL resolved: https://books.toscrape.com/catalogue/the-bane-chronicles-the-bane-chronicles-1-11_746/index.html
2026-09-02 23:23:48,890 - INFO - Product URL resolved: https://books.toscrape.com/catalogue/the-bad-ass-librarians-of-timbuktu-and-their-race-to-save-the-worlds-most-precious-manuscripts_745/index.html
2026-09-02 23:23:48,890 - INFO - Product URL resolved: https://books.toscrape.com/catalogue/the-14th-colony-cotton-malone-11_744/index.html
2026-09-02 23:23:48,892 - INFO - Product URL resolved: https://books.toscrape.com/catalogue/that-darkness-gardiner-and-renner-1_743/index.html
2026-09-02 23:23:48,892 - INFO - Product URL resolved: https://books.toscrape.com/catalogue/tastes-like-fear-di-marnie-rome-3_742/index.html
2026-09-02 23:23:48,892 - INFO - Product URL resolved: https://books.toscrape.com/catalogue/take-me-with-you_741/index.html
2026-09-02 23:23:48,892 - INFO - Successfully extracted 20 products.
2026-09-02 23:23:48,892 - INFO - Products found on page 13: 20
2026-09-02 23:23:48,892 - INFO - Matching products collected so far: 1
2026-09-02 23:23:48,896 - INFO - Scraping page 14: https://books.toscrape.com/catalogue/page-14.html
2026-09-02 23:23:48,896 - INFO - Checking robots.txt: https://books.toscrape.com/robots.txt
2026-09-02 23:23:49,619 - INFO - robots.txt allows access: https://books.toscrape.com/catalogue/page-14.html
2026-09-02 23:23:51,361 - INFO - Request successful: 200 - https://books.toscrape.com/catalogue/page-14.html
2026-09-02 23:23:51,378 - INFO - HTML parsed successfully.
2026-09-02 23:23:51,379 - INFO - Product elements found: 20
2026-09-02 23:23:51,379 - INFO - Product URL resolved: https://books.toscrape.com/catalogue/swell-a-year-of-waves_740/index.html
2026-09-02 23:23:51,379 - INFO - Product URL resolved: https://books.toscrape.com/catalogue/superman-vol-1-before-truth-superman-by-gene-luen-yang-1_739/index.html
2026-09-02 23:23:51,380 - INFO - Product URL resolved: https://books.toscrape.com/catalogue/still-life-with-bread-crumbs_738/index.html
2026-09-02 23:23:51,380 - INFO - Product URL resolved: https://books.toscrape.com/catalogue/steve-jobs_737/index.html
2026-09-02 23:23:51,380 - INFO - Product URL resolved: https://books.toscrape.com/catalogue/sorting-the-beef-from-the-bull-the-science-of-food-fraud-forensics_736/index.html
2026-09-02 23:23:51,381 - INFO - Product URL resolved: https://books.toscrape.com/catalogue/someone-like-you-the-harrisons-2_735/index.html
2026-09-02 23:23:51,381 - INFO - Product URL resolved: https://books.toscrape.com/catalogue/so-cute-it-hurts-vol-6-so-cute-it-hurts-6_734/index.html
2026-09-02 23:23:51,381 - INFO - Product URL resolved: https://books.toscrape.com/catalogue/shtum_733/index.html
2026-09-02 23:23:51,381 - INFO - Product URL resolved: https://books.toscrape.com/catalogue/see-america-a-celebration-of-our-national-parks-treasured-sites_732/index.html
2026-09-02 23:23:51,382 - INFO - Product URL resolved: https://books.toscrape.com/catalogue/salt_731/index.html
2026-09-02 23:23:51,382 - INFO - Product URL resolved: https://books.toscrape.com/catalogue/robin-war_730/index.html
2026-09-02 23:23:51,382 - INFO - Product URL resolved: https://books.toscrape.com/catalogue/red-hoodarsenal-vol-1-open-for-business-red-hoodarsenal-1_729/index.html
2026-09-02 23:23:51,383 - INFO - Product URL resolved: https://books.toscrape.com/catalogue/rain-fish_728/index.html
2026-09-02 23:23:51,383 - INFO - Product URL resolved: https://books.toscrape.com/catalogue/quarter-life-poetry-poems-for-the-young-broke-and-hangry_727/index.html
2026-09-02 23:23:51,383 - INFO - Product URL resolved: https://books.toscrape.com/catalogue/pet-sematary_726/index.html
2026-09-02 23:23:51,383 - INFO - Product URL resolved: https://books.toscrape.com/catalogue/overload-how-to-unplug-unwind-and-unleash-yourself-from-the-pressure-of-stress_725/index.html
2026-09-02 23:23:51,384 - INFO - Product URL resolved: https://books.toscrape.com/catalogue/once-was-a-time_724/index.html
2026-09-02 23:23:51,384 - INFO - Product URL resolved: https://books.toscrape.com/catalogue/old-school-diary-of-a-wimpy-kid-10_723/index.html
2026-09-02 23:23:51,384 - INFO - Product URL resolved: https://books.toscrape.com/catalogue/no-dream-is-too-high-life-lessons-from-a-man-who-walked-on-the-moon_722/index.html
2026-09-02 23:23:51,385 - INFO - Product URL resolved: https://books.toscrape.com/catalogue/naruto-3-in-1-edition-vol-14-includes-vols-40-41-42-naruto-omnibus-14_721/index.html
2026-09-02 23:23:51,385 - INFO - Successfully extracted 20 products.
2026-09-02 23:23:51,385 - INFO - Products found on page 14: 20
2026-09-02 23:23:51,385 - INFO - Matching products collected so far: 1
2026-09-02 23:23:51,387 - INFO - Scraping page 15: https://books.toscrape.com/catalogue/page-15.html
2026-09-02 23:23:51,388 - INFO - Checking robots.txt: https://books.toscrape.com/robots.txt
2026-09-02 23:23:52,111 - INFO - robots.txt allows access: https://books.toscrape.com/catalogue/page-15.html
2026-09-02 23:23:53,824 - INFO - Request successful: 200 - https://books.toscrape.com/catalogue/page-15.html
2026-09-02 23:23:53,845 - INFO - HTML parsed successfully.
2026-09-02 23:23:53,845 - INFO - Product elements found: 20
2026-09-02 23:23:53,845 - INFO - Product URL resolved: https://books.toscrape.com/catalogue/my-name-is-lucy-barton_720/index.html
2026-09-02 23:23:53,845 - INFO - Product URL resolved: https://books.toscrape.com/catalogue/my-mrs-brown_719/index.html
2026-09-02 23:23:53,845 - INFO - Product URL resolved: https://books.toscrape.com/catalogue/my-kind-of-crazy_718/index.html
2026-09-02 23:23:53,845 - INFO - Product URL resolved: https://books.toscrape.com/catalogue/mr-mercedes-bill-hodges-trilogy-1_717/index.html
2026-09-02 23:23:53,845 - INFO - Product URL resolved: https://books.toscrape.com/catalogue/more-than-music-chasing-the-dream-1_716/index.html
2026-09-02 23:23:53,845 - INFO - Product URL resolved: https://books.toscrape.com/catalogue/made-to-stick-why-some-ideas-survive-and-others-die_715/index.html
2026-09-02 23:23:53,845 - INFO - Product URL resolved: https://books.toscrape.com/catalogue/luis-paints-the-world_714/index.html
2026-09-02 23:23:53,845 - INFO - Product URL resolved: https://books.toscrape.com/catalogue/luckiest-girl-alive_713/index.html
2026-09-02 23:23:53,845 - INFO - Product URL resolved: https://books.toscrape.com/catalogue/lowriders-to-the-center-of-the-earth-lowriders-in-space-2_712/index.html
2026-09-02 23:23:53,845 - INFO - Product URL resolved: https://books.toscrape.com/catalogue/love-is-a-mix-tape-music-1_711/index.html
2026-09-02 23:23:53,845 - INFO - Product URL resolved: https://books.toscrape.com/catalogue/looking-for-lovely-collecting-the-moments-that-matter_710/index.html
2026-09-02 23:23:53,845 - INFO - Product URL resolved: https://books.toscrape.com/catalogue/living-leadership-by-insight-a-good-leader-achieves-a-great-leader-builds-monuments_709/index.html
2026-09-02 23:23:53,845 - INFO - Product URL resolved: https://books.toscrape.com/catalogue/let-it-out-a-journey-through-journaling_708/index.html
2026-09-02 23:23:53,857 - INFO - Product URL resolved: https://books.toscrape.com/catalogue/lady-midnight-the-dark-artifices-1_707/index.html
2026-09-02 23:23:53,857 - INFO - Product URL resolved: https://books.toscrape.com/catalogue/its-all-easy-healthy-delicious-weeknight-meals-in-under-30-minutes_706/index.html
2026-09-02 23:23:53,857 - INFO - Product URL resolved: https://books.toscrape.com/catalogue/island-of-dragons-unwanteds-7_705/index.html
2026-09-02 23:23:53,857 - INFO - Product URL resolved: https://books.toscrape.com/catalogue/i-know-what-im-doing-and-other-lies-i-tell-myself-dispatches-from-a-life-under-construction_704/index.html
2026-09-02 23:23:53,857 - INFO - Product URL resolved: https://books.toscrape.com/catalogue/i-am-pilgrim-pilgrim-1_703/index.html
2026-09-02 23:23:53,858 - INFO - Product URL resolved: https://books.toscrape.com/catalogue/hyperbole-and-a-half-unfortunate-situations-flawed-coping-mechanisms-mayhem-and-other-things-that-happened_702/index.html
2026-09-02 23:23:53,858 - INFO - Product URL resolved: https://books.toscrape.com/catalogue/hush-hush-hush-hush-1_701/index.html
2026-09-02 23:23:53,858 - INFO - Successfully extracted 20 products.
2026-09-02 23:23:53,858 - INFO - Products found on page 15: 20
2026-09-02 23:23:53,858 - INFO - Matching products collected so far: 1
2026-09-02 23:23:53,861 - INFO - Scraping page 16: https://books.toscrape.com/catalogue/page-16.html
2026-09-02 23:23:53,861 - INFO - Checking robots.txt: https://books.toscrape.com/robots.txt
2026-09-02 23:23:54,585 - INFO - robots.txt allows access: https://books.toscrape.com/catalogue/page-16.html
2026-09-02 23:23:56,296 - INFO - Request successful: 200 - https://books.toscrape.com/catalogue/page-16.html
2026-09-02 23:23:56,327 - INFO - HTML parsed successfully.
2026-09-02 23:23:56,327 - INFO - Product elements found: 20
2026-09-02 23:23:56,327 - INFO - Product URL resolved: https://books.toscrape.com/catalogue/hold-your-breath-search-and-rescue-1_700/index.html
2026-09-02 23:23:56,327 - INFO - Product URL resolved: https://books.toscrape.com/catalogue/hamilton-the-revolution_699/index.html
2026-09-02 23:23:56,327 - INFO - Product URL resolved: https://books.toscrape.com/catalogue/greek-mythic-history_698/index.html
2026-09-02 23:23:56,327 - INFO - Product URL resolved: https://books.toscrape.com/catalogue/god-the-most-unpleasant-character-in-all-fiction_697/index.html
2026-09-02 23:23:56,327 - INFO - Product URL resolved: https://books.toscrape.com/catalogue/glory-over-everything-beyond-the-kitchen-house_696/index.html
2026-09-02 23:23:56,327 - INFO - Product URL resolved: https://books.toscrape.com/catalogue/feathers-displays-of-brilliant-plumage_695/index.html
2026-09-02 23:23:56,327 - INFO - Product URL resolved: https://books.toscrape.com/catalogue/far-away-places-on-the-brink-of-change-seven-continents-twenty-five-years_694/index.html
2026-09-02 23:23:56,327 - INFO - Product URL resolved: https://books.toscrape.com/catalogue/every-last-word_693/index.html
2026-09-02 23:23:56,327 - INFO - Product URL resolved: https://books.toscrape.com/catalogue/eligible-the-austen-project-4_692/index.html
2026-09-02 23:23:56,327 - INFO - Product URL resolved: https://books.toscrape.com/catalogue/el-deafo_691/index.html
2026-09-02 23:23:56,327 - INFO - Product URL resolved: https://books.toscrape.com/catalogue/eight-hundred-grapes_690/index.html
2026-09-02 23:23:56,327 - INFO - Product URL resolved: https://books.toscrape.com/catalogue/eaternity-more-than-150-deliciously-easy-vegan-recipes-for-a-long-healthy-satisfied-joyful-life_689/index.html
2026-09-02 23:23:56,327 - INFO - Product URL resolved: https://books.toscrape.com/catalogue/eat-fat-get-thin_688/index.html
2026-09-02 23:23:56,327 - INFO - Product URL resolved: https://books.toscrape.com/catalogue/dont-get-caught_687/index.html
2026-09-02 23:23:56,327 - INFO - Product URL resolved: https://books.toscrape.com/catalogue/doctor-sleep-the-shining-2_686/index.html
2026-09-02 23:23:56,327 - INFO - Product URL resolved: https://books.toscrape.com/catalogue/demigods-magicians-percy-and-annabeth-meet-the-kanes-percy-jackson-kane-chronicles-crossover-1-3_685/index.html
2026-09-02 23:23:56,327 - INFO - Product URL resolved: https://books.toscrape.com/catalogue/dear-mr-knightley_684/index.html
2026-09-02 23:23:56,327 - INFO - Product URL resolved: https://books.toscrape.com/catalogue/daily-fantasy-sports_683/index.html
2026-09-02 23:23:56,327 - INFO - Product URL resolved: https://books.toscrape.com/catalogue/crazy-love-overwhelmed-by-a-relentless-god_682/index.html
2026-09-02 23:23:56,327 - INFO - Product URL resolved: https://books.toscrape.com/catalogue/cometh-the-hour-the-clifton-chronicles-6_681/index.html
2026-09-02 23:23:56,327 - INFO - Successfully extracted 20 products.
2026-09-02 23:23:56,327 - INFO - Products found on page 16: 20
2026-09-02 23:23:56,327 - INFO - Matching products collected so far: 1
2026-09-02 23:23:56,327 - INFO - Scraping page 17: https://books.toscrape.com/catalogue/page-17.html
2026-09-02 23:23:56,327 - INFO - Checking robots.txt: https://books.toscrape.com/robots.txt
2026-09-02 23:23:57,060 - INFO - robots.txt allows access: https://books.toscrape.com/catalogue/page-17.html
2026-09-02 23:23:58,796 - INFO - Request successful: 200 - https://books.toscrape.com/catalogue/page-17.html
2026-09-02 23:23:58,802 - INFO - HTML parsed successfully.
2026-09-02 23:23:58,802 - INFO - Product elements found: 20
2026-09-02 23:23:58,802 - INFO - Product URL resolved: https://books.toscrape.com/catalogue/code-name-verity-code-name-verity-1_680/index.html
2026-09-02 23:23:58,802 - INFO - Product URL resolved: https://books.toscrape.com/catalogue/clockwork-angel-the-infernal-devices-1_679/index.html
2026-09-02 23:23:58,802 - INFO - Product URL resolved: https://books.toscrape.com/catalogue/city-of-glass-the-mortal-instruments-3_678/index.html
2026-09-02 23:23:58,802 - INFO - Product URL resolved: https://books.toscrape.com/catalogue/city-of-fallen-angels-the-mortal-instruments-4_677/index.html
2026-09-02 23:23:58,802 - INFO - Product URL resolved: https://books.toscrape.com/catalogue/city-of-bones-the-mortal-instruments-1_676/index.html
2026-09-02 23:23:58,802 - INFO - Product URL resolved: https://books.toscrape.com/catalogue/city-of-ashes-the-mortal-instruments-2_675/index.html
2026-09-02 23:23:58,802 - INFO - Product URL resolved: https://books.toscrape.com/catalogue/cell_674/index.html
2026-09-02 23:23:58,818 - INFO - Product URL resolved: https://books.toscrape.com/catalogue/catching-jordan-hundred-oaks_673/index.html
2026-09-02 23:23:58,818 - INFO - Product URL resolved: https://books.toscrape.com/catalogue/carry-on-warrior-thoughts-on-life-unarmed_672/index.html
2026-09-02 23:23:58,818 - INFO - Product URL resolved: https://books.toscrape.com/catalogue/carrie_671/index.html
2026-09-02 23:23:58,818 - INFO - Product URL resolved: https://books.toscrape.com/catalogue/buying-in-the-secret-dialogue-between-what-we-buy-and-who-we-are_670/index.html
2026-09-02 23:23:58,818 - INFO - Product URL resolved: https://books.toscrape.com/catalogue/brain-on-fire-my-month-of-madness_669/index.html
2026-09-02 23:23:58,818 - INFO - Product URL resolved: https://books.toscrape.com/catalogue/batman-europa_668/index.html
2026-09-02 23:23:58,818 - INFO - Product URL resolved: https://books.toscrape.com/catalogue/barefoot-contessa-back-to-basics_667/index.html
2026-09-02 23:23:58,818 - INFO - Product URL resolved: https://books.toscrape.com/catalogue/barefoot-contessa-at-home-everyday-recipes-youll-make-over-and-over-again_666/index.html
2026-09-02 23:23:58,818 - INFO - Product URL resolved: https://books.toscrape.com/catalogue/balloon-animals_665/index.html
2026-09-02 23:23:58,818 - INFO - Product URL resolved: https://books.toscrape.com/catalogue/art-ops-vol-1_664/index.html
2026-09-02 23:23:58,818 - INFO - Product URL resolved: https://books.toscrape.com/catalogue/aristotle-and-dante-discover-the-secrets-of-the-universe-aristotle-and-dante-discover-the-secrets-of-the-universe-1_663/index.html
2026-09-02 23:23:58,818 - INFO - Product URL resolved: https://books.toscrape.com/catalogue/angels-walking-angels-walking-1_662/index.html
2026-09-02 23:23:58,818 - INFO - Product URL resolved: https://books.toscrape.com/catalogue/angels-demons-robert-langdon-1_661/index.html
2026-09-02 23:23:58,818 - INFO - Successfully extracted 20 products.
2026-09-02 23:23:58,818 - INFO - Products found on page 17: 20
2026-09-02 23:23:58,818 - INFO - Matching products collected so far: 1
2026-09-02 23:23:58,818 - INFO - Scraping page 18: https://books.toscrape.com/catalogue/page-18.html
2026-09-02 23:23:58,818 - INFO - Checking robots.txt: https://books.toscrape.com/robots.txt
2026-09-02 23:23:59,543 - INFO - robots.txt allows access: https://books.toscrape.com/catalogue/page-18.html
2026-09-02 23:24:01,278 - INFO - Request successful: 200 - https://books.toscrape.com/catalogue/page-18.html
2026-09-02 23:24:01,303 - INFO - HTML parsed successfully.
2026-09-02 23:24:01,304 - INFO - Product elements found: 20
2026-09-02 23:24:01,304 - INFO - Product URL resolved: https://books.toscrape.com/catalogue/all-the-light-we-cannot-see_660/index.html
2026-09-02 23:24:01,305 - INFO - Product URL resolved: https://books.toscrape.com/catalogue/adulthood-is-a-myth-a-sarahs-scribbles-collection_659/index.html
2026-09-02 23:24:01,305 - INFO - Product URL resolved: https://books.toscrape.com/catalogue/abstract-city_658/index.html
2026-09-02 23:24:01,305 - INFO - Product URL resolved: https://books.toscrape.com/catalogue/a-time-of-torment-charlie-parker-14_657/index.html
2026-09-02 23:24:01,306 - INFO - Product URL resolved: https://books.toscrape.com/catalogue/a-study-in-scarlet-sherlock-holmes-1_656/index.html
2026-09-02 23:24:01,306 - INFO - Product URL resolved: https://books.toscrape.com/catalogue/a-series-of-catastrophes-and-miracles-a-true-story-of-love-science-and-cancer_655/index.html
2026-09-02 23:24:01,307 - INFO - Product URL resolved: https://books.toscrape.com/catalogue/a-peoples-history-of-the-united-states_654/index.html
2026-09-02 23:24:01,307 - INFO - Product URL resolved: https://books.toscrape.com/catalogue/a-man-called-ove_653/index.html
2026-09-02 23:24:01,307 - INFO - Product URL resolved: https://books.toscrape.com/catalogue/a-distant-mirror-the-calamitous-14th-century_652/index.html
2026-09-02 23:24:01,307 - INFO - Product URL resolved: https://books.toscrape.com/catalogue/a-brush-of-wings-angels-walking-3_651/index.html
2026-09-02 23:24:01,307 - INFO - Product URL resolved: https://books.toscrape.com/catalogue/1491-new-revelations-of-the-americas-before-columbus_650/index.html
2026-09-02 23:24:01,307 - INFO - Product URL resolved: https://books.toscrape.com/catalogue/the-three-searches-meaning-and-the-story_649/index.html
2026-09-02 23:24:01,307 - INFO - Product URL resolved: https://books.toscrape.com/catalogue/searching-for-meaning-in-gailana_648/index.html
2026-09-02 23:24:01,307 - INFO - Product URL resolved: https://books.toscrape.com/catalogue/rook_647/index.html
2026-09-02 23:24:01,307 - INFO - Product URL resolved: https://books.toscrape.com/catalogue/my-kitchen-year-136-recipes-that-saved-my-life_646/index.html
2026-09-02 23:24:01,310 - INFO - Product URL resolved: https://books.toscrape.com/catalogue/13-hours-the-inside-account-of-what-really-happened-in-benghazi_645/index.html
2026-09-02 23:24:01,310 - INFO - Product URL resolved: https://books.toscrape.com/catalogue/will-you-wont-you-want-me_644/index.html
2026-09-02 23:24:01,310 - INFO - Product URL resolved: https://books.toscrape.com/catalogue/tipping-point-for-planet-earth-how-close-are-we-to-the-edge_643/index.html
2026-09-02 23:24:01,310 - INFO - Product URL resolved: https://books.toscrape.com/catalogue/the-star-touched-queen_642/index.html
2026-09-02 23:24:01,310 - INFO - Product URL resolved: https://books.toscrape.com/catalogue/the-silent-sister-riley-macpherson-1_641/index.html
2026-09-02 23:24:01,310 - INFO - Successfully extracted 20 products.
2026-09-02 23:24:01,310 - INFO - Products found on page 18: 20
2026-09-02 23:24:01,310 - INFO - Product matched query: All the Light We Cannot See
2026-09-02 23:24:01,310 - INFO - Matching products collected so far: 2
2026-09-02 23:24:01,310 - INFO - Search filtering completed. Matching products: 2
2026-09-02 23:24:01,310 - INFO - Fetching product details: https://books.toscrape.com/catalogue/a-light-in-the-attic_1000/index.html
2026-09-02 23:24:01,310 - INFO - Checking robots.txt: https://books.toscrape.com/robots.txt
2026-09-02 23:24:02,037 - INFO - robots.txt allows access: https://books.toscrape.com/catalogue/a-light-in-the-attic_1000/index.html
2026-09-02 23:24:03,292 - INFO - Request successful: 200 - https://books.toscrape.com/catalogue/a-light-in-the-attic_1000/index.html
2026-09-02 23:24:03,292 - INFO - HTML parsed successfully.
2026-09-02 23:24:03,292 - INFO - Duplicated description prefix removed.
2026-09-02 23:24:03,292 - INFO - Product details extracted successfully.
2026-09-02 23:24:03,292 - INFO - Fetching product details: https://books.toscrape.com/catalogue/all-the-light-we-cannot-see_660/index.html
2026-09-02 23:24:03,292 - INFO - Checking robots.txt: https://books.toscrape.com/robots.txt
2026-09-02 23:24:04,020 - INFO - robots.txt allows access: https://books.toscrape.com/catalogue/all-the-light-we-cannot-see_660/index.html
2026-09-02 23:24:05,501 - INFO - Request successful: 200 - https://books.toscrape.com/catalogue/all-the-light-we-cannot-see_660/index.html
2026-09-02 23:24:05,509 - INFO - HTML parsed successfully.
2026-09-02 23:24:05,510 - INFO - Duplicated description prefix removed.
2026-09-02 23:24:05,510 - INFO - Product details extracted successfully.
2026-09-02 23:24:05,510 - INFO - Search completed. Products collected: 2
2026-09-02 23:24:05,510 - INFO - books: 2 products found.
2026-09-02 23:24:05,510 - INFO - Multi-website search completed. Total products: 2
2026-09-02 23:24:24,082 - INFO - Amazon scraper initialized.
2026-09-02 23:24:24,082 - INFO - Alibaba scraper initialized.
2026-09-02 23:24:24,082 - INFO - Flipkart scraper initialized.
2026-09-02 23:24:24,082 - INFO - Starting multi-website search...
2026-09-02 23:24:24,082 - INFO - Multi-website search started: 'light'
2026-09-02 23:24:24,083 - INFO - Websites selected: ['books', 'amazon', 'alibaba', 'flipkart']
2026-09-02 23:24:24,083 - INFO - Searching books...
2026-09-02 23:24:24,083 - INFO - Searching for products with query: 'light'
2026-09-02 23:24:24,083 - INFO - Scraping page 1: https://books.toscrape.com/
2026-09-02 23:24:24,083 - INFO - Checking robots.txt: https://books.toscrape.com/robots.txt
2026-09-02 23:24:24,824 - INFO - robots.txt allows access: https://books.toscrape.com/
2026-09-02 23:24:27,227 - INFO - Request successful: 200 - https://books.toscrape.com/
2026-09-02 23:24:27,243 - INFO - HTML parsed successfully.
2026-09-02 23:24:27,243 - INFO - Product elements found: 20
2026-09-02 23:24:27,243 - INFO - Product URL resolved: https://books.toscrape.com/catalogue/a-light-in-the-attic_1000/index.html
2026-09-02 23:24:27,243 - INFO - Product URL resolved: https://books.toscrape.com/catalogue/tipping-the-velvet_999/index.html
2026-09-02 23:24:27,243 - INFO - Product URL resolved: https://books.toscrape.com/catalogue/soumission_998/index.html
2026-09-02 23:24:27,243 - INFO - Product URL resolved: https://books.toscrape.com/catalogue/sharp-objects_997/index.html
2026-09-02 23:24:27,243 - INFO - Product URL resolved: https://books.toscrape.com/catalogue/sapiens-a-brief-history-of-humankind_996/index.html
2026-09-02 23:24:27,243 - INFO - Product URL resolved: https://books.toscrape.com/catalogue/the-requiem-red_995/index.html
2026-09-02 23:24:27,243 - INFO - Product URL resolved: https://books.toscrape.com/catalogue/the-dirty-little-secrets-of-getting-your-dream-job_994/index.html
2026-09-02 23:24:27,243 - INFO - Product URL resolved: https://books.toscrape.com/catalogue/the-coming-woman-a-novel-based-on-the-life-of-the-infamous-feminist-victoria-woodhull_993/index.html
2026-09-02 23:24:27,243 - INFO - Product URL resolved: https://books.toscrape.com/catalogue/the-boys-in-the-boat-nine-americans-and-their-epic-quest-for-gold-at-the-1936-berlin-olympics_992/index.html
2026-09-02 23:24:27,243 - INFO - Product URL resolved: https://books.toscrape.com/catalogue/the-black-maria_991/index.html
2026-09-02 23:24:27,243 - INFO - Product URL resolved: https://books.toscrape.com/catalogue/starving-hearts-triangular-trade-trilogy-1_990/index.html
2026-09-02 23:24:27,243 - INFO - Product URL resolved: https://books.toscrape.com/catalogue/shakespeares-sonnets_989/index.html
2026-09-02 23:24:27,243 - INFO - Product URL resolved: https://books.toscrape.com/catalogue/set-me-free_988/index.html
2026-09-02 23:24:27,243 - INFO - Product URL resolved: https://books.toscrape.com/catalogue/scott-pilgrims-precious-little-life-scott-pilgrim-1_987/index.html
2026-09-02 23:24:27,243 - INFO - Product URL resolved: https://books.toscrape.com/catalogue/rip-it-up-and-start-again_986/index.html
2026-09-02 23:24:27,243 - INFO - Product URL resolved: https://books.toscrape.com/catalogue/our-band-could-be-your-life-scenes-from-the-american-indie-underground-1981-1991_985/index.html
2026-09-02 23:24:27,258 - INFO - Product URL resolved: https://books.toscrape.com/catalogue/olio_984/index.html
2026-09-02 23:24:27,258 - INFO - Product URL resolved: https://books.toscrape.com/catalogue/mesaerion-the-best-science-fiction-stories-1800-1849_983/index.html
2026-09-02 23:24:27,258 - INFO - Product URL resolved: https://books.toscrape.com/catalogue/libertarianism-for-beginners_982/index.html
2026-09-02 23:24:27,258 - INFO - Product URL resolved: https://books.toscrape.com/catalogue/its-only-the-himalayas_981/index.html
2026-09-02 23:24:27,258 - INFO - Successfully extracted 20 products.
2026-09-02 23:24:27,258 - INFO - Products found on page 1: 20
2026-09-02 23:24:27,258 - INFO - Product matched query: A Light in the Attic
2026-09-02 23:24:27,258 - INFO - Matching products collected so far: 1
2026-09-02 23:24:27,258 - INFO - Scraping page 2: https://books.toscrape.com/catalogue/page-2.html
2026-09-02 23:24:27,258 - INFO - Checking robots.txt: https://books.toscrape.com/robots.txt
2026-09-02 23:24:27,978 - INFO - robots.txt allows access: https://books.toscrape.com/catalogue/page-2.html
2026-09-02 23:24:29,711 - INFO - Request successful: 200 - https://books.toscrape.com/catalogue/page-2.html
2026-09-02 23:24:29,717 - INFO - HTML parsed successfully.
2026-09-02 23:24:29,717 - INFO - Product elements found: 20
2026-09-02 23:24:29,717 - INFO - Product URL resolved: https://books.toscrape.com/catalogue/in-her-wake_980/index.html
2026-09-02 23:24:29,717 - INFO - Product URL resolved: https://books.toscrape.com/catalogue/how-music-works_979/index.html
2026-09-02 23:24:29,717 - INFO - Product URL resolved: https://books.toscrape.com/catalogue/foolproof-preserving-a-guide-to-small-batch-jams-jellies-pickles-condiments-and-more-a-foolproof-guide-to-making-small-batch-jams-jellies-pickles-condiments-and-more_978/index.html
2026-09-02 23:24:29,732 - INFO - Product URL resolved: https://books.toscrape.com/catalogue/chase-me-paris-nights-2_977/index.html
2026-09-02 23:24:29,732 - INFO - Product URL resolved: https://books.toscrape.com/catalogue/black-dust_976/index.html
2026-09-02 23:24:29,732 - INFO - Product URL resolved: https://books.toscrape.com/catalogue/birdsong-a-story-in-pictures_975/index.html
2026-09-02 23:24:29,732 - INFO - Product URL resolved: https://books.toscrape.com/catalogue/americas-cradle-of-quarterbacks-western-pennsylvanias-football-factory-from-johnny-unitas-to-joe-montana_974/index.html
2026-09-02 23:24:29,732 - INFO - Product URL resolved: https://books.toscrape.com/catalogue/aladdin-and-his-wonderful-lamp_973/index.html
2026-09-02 23:24:29,732 - INFO - Product URL resolved: https://books.toscrape.com/catalogue/worlds-elsewhere-journeys-around-shakespeares-globe_972/index.html
2026-09-02 23:24:29,732 - INFO - Product URL resolved: https://books.toscrape.com/catalogue/wall-and-piece_971/index.html
2026-09-02 23:24:29,732 - INFO - Product URL resolved: https://books.toscrape.com/catalogue/the-four-agreements-a-practical-guide-to-personal-freedom_970/index.html
2026-09-02 23:24:29,732 - INFO - Product URL resolved: https://books.toscrape.com/catalogue/the-five-love-languages-how-to-express-heartfelt-commitment-to-your-mate_969/index.html
2026-09-02 23:24:29,732 - INFO - Product URL resolved: https://books.toscrape.com/catalogue/the-elephant-tree_968/index.html
2026-09-02 23:24:29,732 - INFO - Product URL resolved: https://books.toscrape.com/catalogue/the-bear-and-the-piano_967/index.html
2026-09-02 23:24:29,732 - INFO - Product URL resolved: https://books.toscrape.com/catalogue/sophies-world_966/index.html
2026-09-02 23:24:29,732 - INFO - Product URL resolved: https://books.toscrape.com/catalogue/penny-maybe_965/index.html
2026-09-02 23:24:29,732 - INFO - Product URL resolved: https://books.toscrape.com/catalogue/maude-1883-1993she-grew-up-with-the-country_964/index.html
2026-09-02 23:24:29,732 - INFO - Product URL resolved: https://books.toscrape.com/catalogue/in-a-dark-dark-wood_963/index.html
2026-09-02 23:24:29,732 - INFO - Product URL resolved: https://books.toscrape.com/catalogue/behind-closed-doors_962/index.html
2026-09-02 23:24:29,732 - INFO - Product URL resolved: https://books.toscrape.com/catalogue/you-cant-bury-them-all-poems_961/index.html
2026-09-02 23:24:29,732 - INFO - Successfully extracted 20 products.
2026-09-02 23:24:29,732 - INFO - Products found on page 2: 20
2026-09-02 23:24:29,732 - INFO - Matching products collected so far: 1
2026-09-02 23:24:29,732 - INFO - Scraping page 3: https://books.toscrape.com/catalogue/page-3.html
2026-09-02 23:24:29,732 - INFO - Checking robots.txt: https://books.toscrape.com/robots.txt
2026-09-02 23:24:30,457 - INFO - robots.txt allows access: https://books.toscrape.com/catalogue/page-3.html
2026-09-02 23:24:32,196 - INFO - Request successful: 200 - https://books.toscrape.com/catalogue/page-3.html
2026-09-02 23:24:32,233 - INFO - HTML parsed successfully.
2026-09-02 23:24:32,233 - INFO - Product elements found: 20
2026-09-02 23:24:32,233 - INFO - Product URL resolved: https://books.toscrape.com/catalogue/slow-states-of-collapse-poems_960/index.html
2026-09-02 23:24:32,233 - INFO - Product URL resolved: https://books.toscrape.com/catalogue/reasons-to-stay-alive_959/index.html
2026-09-02 23:24:32,233 - INFO - Product URL resolved: https://books.toscrape.com/catalogue/private-paris-private-10_958/index.html
2026-09-02 23:24:32,233 - INFO - Product URL resolved: https://books.toscrape.com/catalogue/higherselfie-wake-up-your-life-free-your-soul-find-your-tribe_957/index.html
2026-09-02 23:24:32,233 - INFO - Product URL resolved: https://books.toscrape.com/catalogue/without-borders-wanderlove-1_956/index.html
2026-09-02 23:24:32,233 - INFO - Product URL resolved: https://books.toscrape.com/catalogue/when-we-collided_955/index.html
2026-09-02 23:24:32,233 - INFO - Product URL resolved: https://books.toscrape.com/catalogue/we-love-you-charlie-freeman_954/index.html
2026-09-02 23:24:32,233 - INFO - Product URL resolved: https://books.toscrape.com/catalogue/untitled-collection-sabbath-poems-2014_953/index.html
2026-09-02 23:24:32,233 - INFO - Product URL resolved: https://books.toscrape.com/catalogue/unseen-city-the-majesty-of-pigeons-the-discreet-charm-of-snails-other-wonders-of-the-urban-wilderness_952/index.html
2026-09-02 23:24:32,233 - INFO - Product URL resolved: https://books.toscrape.com/catalogue/unicorn-tracks_951/index.html
2026-09-02 23:24:32,233 - INFO - Product URL resolved: https://books.toscrape.com/catalogue/unbound-how-eight-technologies-made-us-human-transformed-society-and-brought-our-world-to-the-brink_950/index.html
2026-09-02 23:24:32,233 - INFO - Product URL resolved: https://books.toscrape.com/catalogue/tsubasa-world-chronicle-2-tsubasa-world-chronicle-2_949/index.html
2026-09-02 23:24:32,233 - INFO - Product URL resolved: https://books.toscrape.com/catalogue/throwing-rocks-at-the-google-bus-how-growth-became-the-enemy-of-prosperity_948/index.html
2026-09-02 23:24:32,233 - INFO - Product URL resolved: https://books.toscrape.com/catalogue/this-one-summer_947/index.html
2026-09-02 23:24:32,233 - INFO - Product URL resolved: https://books.toscrape.com/catalogue/thirst_946/index.html
2026-09-02 23:24:32,233 - INFO - Product URL resolved: https://books.toscrape.com/catalogue/the-torch-is-passed-a-harding-family-story_945/index.html
2026-09-02 23:24:32,233 - INFO - Product URL resolved: https://books.toscrape.com/catalogue/the-secret-of-dreadwillow-carse_944/index.html
2026-09-02 23:24:32,233 - INFO - Product URL resolved: https://books.toscrape.com/catalogue/the-pioneer-woman-cooks-dinnertime-comfort-classics-freezer-food-16-minute-meals-and-other-delicious-ways-to-solve-supper_943/index.html
2026-09-02 23:24:32,243 - INFO - Product URL resolved: https://books.toscrape.com/catalogue/the-past-never-ends_942/index.html
2026-09-02 23:24:32,243 - INFO - Product URL resolved: https://books.toscrape.com/catalogue/the-natural-history-of-us-the-fine-art-of-pretending-2_941/index.html
2026-09-02 23:24:32,243 - INFO - Successfully extracted 20 products.
2026-09-02 23:24:32,243 - INFO - Products found on page 3: 20
2026-09-02 23:24:32,243 - INFO - Matching products collected so far: 1
2026-09-02 23:24:32,243 - INFO - Scraping page 4: https://books.toscrape.com/catalogue/page-4.html
2026-09-02 23:24:32,243 - INFO - Checking robots.txt: https://books.toscrape.com/robots.txt
2026-09-02 23:24:32,977 - INFO - robots.txt allows access: https://books.toscrape.com/catalogue/page-4.html
2026-09-02 23:24:34,709 - INFO - Request successful: 200 - https://books.toscrape.com/catalogue/page-4.html
2026-09-02 23:24:34,726 - INFO - HTML parsed successfully.
2026-09-02 23:24:34,727 - INFO - Product elements found: 20
2026-09-02 23:24:34,729 - INFO - Product URL resolved: https://books.toscrape.com/catalogue/the-nameless-city-the-nameless-city-1_940/index.html
2026-09-02 23:24:34,729 - INFO - Product URL resolved: https://books.toscrape.com/catalogue/the-murder-that-never-was-forensic-instincts-5_939/index.html
2026-09-02 23:24:34,730 - INFO - Product URL resolved: https://books.toscrape.com/catalogue/the-most-perfect-thing-inside-and-outside-a-birds-egg_938/index.html
2026-09-02 23:24:34,730 - INFO - Product URL resolved: https://books.toscrape.com/catalogue/the-mindfulness-and-acceptance-workbook-for-anxiety-a-guide-to-breaking-free-from-anxiety-phobias-and-worry-using-acceptance-and-commitment-therapy_937/index.html
2026-09-02 23:24:34,731 - INFO - Product URL resolved: https://books.toscrape.com/catalogue/the-life-changing-magic-of-tidying-up-the-japanese-art-of-decluttering-and-organizing_936/index.html
2026-09-02 23:24:34,731 - INFO - Product URL resolved: https://books.toscrape.com/catalogue/the-inefficiency-assassin-time-management-tactics-for-working-smarter-not-longer_935/index.html
2026-09-02 23:24:34,732 - INFO - Product URL resolved: https://books.toscrape.com/catalogue/the-gutsy-girl-escapades-for-your-life-of-epic-adventure_934/index.html
2026-09-02 23:24:34,732 - INFO - Product URL resolved: https://books.toscrape.com/catalogue/the-electric-pencil-drawings-from-inside-state-hospital-no-3_933/index.html
2026-09-02 23:24:34,732 - INFO - Product URL resolved: https://books.toscrape.com/catalogue/the-death-of-humanity-and-the-case-for-life_932/index.html
2026-09-02 23:24:34,733 - INFO - Product URL resolved: https://books.toscrape.com/catalogue/the-bulletproof-diet-lose-up-to-a-pound-a-day-reclaim-energy-and-focus-upgrade-your-life_931/index.html
2026-09-02 23:24:34,733 - INFO - Product URL resolved: https://books.toscrape.com/catalogue/the-art-forger_930/index.html
2026-09-02 23:24:34,734 - INFO - Product URL resolved: https://books.toscrape.com/catalogue/the-age-of-genius-the-seventeenth-century-and-the-birth-of-the-modern-mind_929/index.html
2026-09-02 23:24:34,734 - INFO - Product URL resolved: https://books.toscrape.com/catalogue/the-activists-tao-te-ching-ancient-advice-for-a-modern-revolution_928/index.html
2026-09-02 23:24:34,735 - INFO - Product URL resolved: https://books.toscrape.com/catalogue/spark-joy-an-illustrated-master-class-on-the-art-of-organizing-and-tidying-up_927/index.html
2026-09-02 23:24:34,735 - INFO - Product URL resolved: https://books.toscrape.com/catalogue/soul-reader_926/index.html
2026-09-02 23:24:34,735 - INFO - Product URL resolved: https://books.toscrape.com/catalogue/security_925/index.html
2026-09-02 23:24:34,736 - INFO - Product URL resolved: https://books.toscrape.com/catalogue/saga-volume-6-saga-collected-editions-6_924/index.html
2026-09-02 23:24:34,736 - INFO - Product URL resolved: https://books.toscrape.com/catalogue/saga-volume-5-saga-collected-editions-5_923/index.html
2026-09-02 23:24:34,737 - INFO - Product URL resolved: https://books.toscrape.com/catalogue/reskilling-america-learning-to-labor-in-the-twenty-first-century_922/index.html
2026-09-02 23:24:34,737 - INFO - Product URL resolved: https://books.toscrape.com/catalogue/rat-queens-vol-3-demons-rat-queens-collected-editions-11-15_921/index.html
2026-09-02 23:24:34,737 - INFO - Successfully extracted 20 products.
2026-09-02 23:24:34,737 - INFO - Products found on page 4: 20
2026-09-02 23:24:34,737 - INFO - Matching products collected so far: 1
2026-09-02 23:24:34,743 - INFO - Scraping page 5: https://books.toscrape.com/catalogue/page-5.html
2026-09-02 23:24:34,743 - INFO - Checking robots.txt: https://books.toscrape.com/robots.txt
2026-09-02 23:24:35,469 - INFO - robots.txt allows access: https://books.toscrape.com/catalogue/page-5.html
2026-09-02 23:24:37,194 - INFO - Request successful: 200 - https://books.toscrape.com/catalogue/page-5.html
2026-09-02 23:24:37,227 - INFO - HTML parsed successfully.
2026-09-02 23:24:37,227 - INFO - Product elements found: 20
2026-09-02 23:24:37,227 - INFO - Product URL resolved: https://books.toscrape.com/catalogue/princess-jellyfish-2-in-1-omnibus-vol-01-princess-jellyfish-2-in-1-omnibus-1_920/index.html
2026-09-02 23:24:37,227 - INFO - Product URL resolved: https://books.toscrape.com/catalogue/princess-between-worlds-wide-awake-princess-5_919/index.html
2026-09-02 23:24:37,227 - INFO - Product URL resolved: https://books.toscrape.com/catalogue/pop-gun-war-volume-1-gift_918/index.html
2026-09-02 23:24:37,227 - INFO - Product URL resolved: https://books.toscrape.com/catalogue/political-suicide-missteps-peccadilloes-bad-calls-backroom-hijinx-sordid-pasts-rotten-breaks-and-just-plain-dumb-mistakes-in-the-annals-of-american-politics_917/index.html
2026-09-02 23:24:37,227 - INFO - Product URL resolved: https://books.toscrape.com/catalogue/patience_916/index.html
2026-09-02 23:24:37,227 - INFO - Product URL resolved: https://books.toscrape.com/catalogue/outcast-vol-1-a-darkness-surrounds-him-outcast-1_915/index.html
2026-09-02 23:24:37,227 - INFO - Product URL resolved: https://books.toscrape.com/catalogue/orange-the-complete-collection-1-orange-the-complete-collection-1_914/index.html
2026-09-02 23:24:37,227 - INFO - Product URL resolved: https://books.toscrape.com/catalogue/online-marketing-for-busy-authors-a-step-by-step-guide_913/index.html
2026-09-02 23:24:37,227 - INFO - Product URL resolved: https://books.toscrape.com/catalogue/on-a-midnight-clear_912/index.html
2026-09-02 23:24:37,227 - INFO - Product URL resolved: https://books.toscrape.com/catalogue/obsidian-lux-1_911/index.html
2026-09-02 23:24:37,227 - INFO - Product URL resolved: https://books.toscrape.com/catalogue/my-paris-kitchen-recipes-and-stories_910/index.html
2026-09-02 23:24:37,227 - INFO - Product URL resolved: https://books.toscrape.com/catalogue/masks-and-shadows_909/index.html
2026-09-02 23:24:37,227 - INFO - Product URL resolved: https://books.toscrape.com/catalogue/mama-tried-traditional-italian-cooking-for-the-screwed-crude-vegan-and-tattooed_908/index.html
2026-09-02 23:24:37,227 - INFO - Product URL resolved: https://books.toscrape.com/catalogue/lumberjanes-vol-2-friendship-to-the-max-lumberjanes-5-8_907/index.html
2026-09-02 23:24:37,227 - INFO - Product URL resolved: https://books.toscrape.com/catalogue/lumberjanes-vol-1-beware-the-kitten-holy-lumberjanes-1-4_906/index.html
2026-09-02 23:24:37,227 - INFO - Product URL resolved: https://books.toscrape.com/catalogue/lumberjanes-vol-3-a-terrible-plan-lumberjanes-9-12_905/index.html
2026-09-02 23:24:37,227 - INFO - Product URL resolved: https://books.toscrape.com/catalogue/layered-baking-building-and-styling-spectacular-cakes_904/index.html
2026-09-02 23:24:37,227 - INFO - Product URL resolved: https://books.toscrape.com/catalogue/judo-seven-steps-to-black-belt-an-introductory-guide-for-beginners_903/index.html
2026-09-02 23:24:37,227 - INFO - Product URL resolved: https://books.toscrape.com/catalogue/join_902/index.html
2026-09-02 23:24:37,227 - INFO - Product URL resolved: https://books.toscrape.com/catalogue/in-the-country-we-love-my-family-divided_901/index.html
2026-09-02 23:24:37,227 - INFO - Successfully extracted 20 products.
2026-09-02 23:24:37,227 - INFO - Products found on page 5: 20
2026-09-02 23:24:37,227 - INFO - Matching products collected so far: 1
2026-09-02 23:24:37,227 - INFO - Scraping page 6: https://books.toscrape.com/catalogue/page-6.html
2026-09-02 23:24:37,227 - INFO - Checking robots.txt: https://books.toscrape.com/robots.txt
2026-09-02 23:24:37,951 - INFO - robots.txt allows access: https://books.toscrape.com/catalogue/page-6.html
2026-09-02 23:24:39,696 - INFO - Request successful: 200 - https://books.toscrape.com/catalogue/page-6.html
2026-09-02 23:24:39,712 - INFO - HTML parsed successfully.
2026-09-02 23:24:39,712 - INFO - Product elements found: 20
2026-09-02 23:24:39,712 - INFO - Product URL resolved: https://books.toscrape.com/catalogue/immunity-how-elie-metchnikoff-changed-the-course-of-modern-medicine_900/index.html
2026-09-02 23:24:39,712 - INFO - Product URL resolved: https://books.toscrape.com/catalogue/i-hate-fairyland-vol-1-madly-ever-after-i-hate-fairyland-compilations-1-5_899/index.html
2026-09-02 23:24:39,712 - INFO - Product URL resolved: https://books.toscrape.com/catalogue/i-am-a-hero-omnibus-volume-1_898/index.html
2026-09-02 23:24:39,712 - INFO - Product URL resolved: https://books.toscrape.com/catalogue/how-to-be-miserable-40-strategies-you-already-use_897/index.html
2026-09-02 23:24:39,712 - INFO - Product URL resolved: https://books.toscrape.com/catalogue/her-backup-boyfriend-the-sorensen-family-1_896/index.html
2026-09-02 23:24:39,712 - INFO - Product URL resolved: https://books.toscrape.com/catalogue/giant-days-vol-2-giant-days-5-8_895/index.html
2026-09-02 23:24:39,712 - INFO - Product URL resolved: https://books.toscrape.com/catalogue/forever-and-forever-the-courtship-of-henry-longfellow-and-fanny-appleton_894/index.html
2026-09-02 23:24:39,712 - INFO - Product URL resolved: https://books.toscrape.com/catalogue/first-and-first-five-boroughs-3_893/index.html
2026-09-02 23:24:39,712 - INFO - Product URL resolved: https://books.toscrape.com/catalogue/fifty-shades-darker-fifty-shades-2_892/index.html
2026-09-02 23:24:39,712 - INFO - Product URL resolved: https://books.toscrape.com/catalogue/everydata-the-misinformation-hidden-in-the-little-data-you-consume-every-day_891/index.html
2026-09-02 23:24:39,712 - INFO - Product URL resolved: https://books.toscrape.com/catalogue/dont-be-a-jerk-and-other-practical-advice-from-dogen-japans-greatest-zen-master_890/index.html
2026-09-02 23:24:39,712 - INFO - Product URL resolved: https://books.toscrape.com/catalogue/danganronpa-volume-1_889/index.html
2026-09-02 23:24:39,712 - INFO - Product URL resolved: https://books.toscrape.com/catalogue/crown-of-midnight-throne-of-glass-2_888/index.html
2026-09-02 23:24:39,712 - INFO - Product URL resolved: https://books.toscrape.com/catalogue/codename-baboushka-volume-1-the-conclave-of-death_887/index.html
2026-09-02 23:24:39,712 - INFO - Product URL resolved: https://books.toscrape.com/catalogue/camp-midnight_886/index.html
2026-09-02 23:24:39,712 - INFO - Product URL resolved: https://books.toscrape.com/catalogue/call-the-nurse-true-stories-of-a-country-nurse-on-a-scottish-isle_885/index.html
2026-09-02 23:24:39,712 - INFO - Product URL resolved: https://books.toscrape.com/catalogue/burning_884/index.html
2026-09-02 23:24:39,712 - INFO - Product URL resolved: https://books.toscrape.com/catalogue/bossypants_883/index.html
2026-09-02 23:24:39,712 - INFO - Product URL resolved: https://books.toscrape.com/catalogue/bitch-planet-vol-1-extraordinary-machine-bitch-planet-collected-editions_882/index.html
2026-09-02 23:24:39,712 - INFO - Product URL resolved: https://books.toscrape.com/catalogue/avatar-the-last-airbender-smoke-and-shadow-part-3-smoke-and-shadow-3_881/index.html
2026-09-02 23:24:39,712 - INFO - Successfully extracted 20 products.
2026-09-02 23:24:39,712 - INFO - Products found on page 6: 20
2026-09-02 23:24:39,712 - INFO - Matching products collected so far: 1
2026-09-02 23:24:39,712 - INFO - Scraping page 7: https://books.toscrape.com/catalogue/page-7.html
2026-09-02 23:24:39,712 - INFO - Checking robots.txt: https://books.toscrape.com/robots.txt
2026-09-02 23:24:40,437 - INFO - robots.txt allows access: https://books.toscrape.com/catalogue/page-7.html
2026-09-02 23:24:42,180 - INFO - Request successful: 200 - https://books.toscrape.com/catalogue/page-7.html
2026-09-02 23:24:42,200 - INFO - HTML parsed successfully.
2026-09-02 23:24:42,201 - INFO - Product elements found: 20
2026-09-02 23:24:42,201 - INFO - Product URL resolved: https://books.toscrape.com/catalogue/algorithms-to-live-by-the-computer-science-of-human-decisions_880/index.html
2026-09-02 23:24:42,202 - INFO - Product URL resolved: https://books.toscrape.com/catalogue/a-world-of-flavor-your-gluten-free-passport_879/index.html
2026-09-02 23:24:42,202 - INFO - Product URL resolved: https://books.toscrape.com/catalogue/a-piece-of-sky-a-grain-of-rice-a-memoir-in-four-meditations_878/index.html
2026-09-02 23:24:42,202 - INFO - Product URL resolved: https://books.toscrape.com/catalogue/a-murder-in-time_877/index.html
2026-09-02 23:24:42,203 - INFO - Product URL resolved: https://books.toscrape.com/catalogue/a-flight-of-arrows-the-pathfinders-2_876/index.html
2026-09-02 23:24:42,203 - INFO - Product URL resolved: https://books.toscrape.com/catalogue/a-fierce-and-subtle-poison_875/index.html
2026-09-02 23:24:42,203 - INFO - Product URL resolved: https://books.toscrape.com/catalogue/a-court-of-thorns-and-roses-a-court-of-thorns-and-roses-1_874/index.html
2026-09-02 23:24:42,203 - INFO - Product URL resolved: https://books.toscrape.com/catalogue/unqualified-how-god-uses-broken-people-to-do-big-things_873/index.html
2026-09-02 23:24:42,204 - INFO - Product URL resolved: https://books.toscrape.com/catalogue/you-are-what-you-love-the-spiritual-power-of-habit_872/index.html
2026-09-02 23:24:42,204 - INFO - Product URL resolved: https://books.toscrape.com/catalogue/william-shakespeares-star-wars-verily-a-new-hope-william-shakespeares-star-wars-4_871/index.html
2026-09-02 23:24:42,204 - INFO - Product URL resolved: https://books.toscrape.com/catalogue/tuesday-nights-in-1980_870/index.html
2026-09-02 23:24:42,205 - INFO - Product URL resolved: https://books.toscrape.com/catalogue/tracing-numbers-on-a-train_869/index.html
2026-09-02 23:24:42,205 - INFO - Product URL resolved: https://books.toscrape.com/catalogue/throne-of-glass-throne-of-glass-1_868/index.html
2026-09-02 23:24:42,205 - INFO - Product URL resolved: https://books.toscrape.com/catalogue/thomas-jefferson-and-the-tripoli-pirates-the-forgotten-war-that-changed-american-history_867/index.html
2026-09-02 23:24:42,206 - INFO - Product URL resolved: https://books.toscrape.com/catalogue/thirteen-reasons-why_866/index.html
2026-09-02 23:24:42,206 - INFO - Product URL resolved: https://books.toscrape.com/catalogue/the-white-cat-and-the-monk-a-retelling-of-the-poem-pangur-ban_865/index.html
2026-09-02 23:24:42,206 - INFO - Product URL resolved: https://books.toscrape.com/catalogue/the-wedding-dress_864/index.html
2026-09-02 23:24:42,207 - INFO - Product URL resolved: https://books.toscrape.com/catalogue/the-vacationers_863/index.html
2026-09-02 23:24:42,207 - INFO - Product URL resolved: https://books.toscrape.com/catalogue/the-third-wave-an-entrepreneurs-vision-of-the-future_862/index.html
2026-09-02 23:24:42,207 - INFO - Product URL resolved: https://books.toscrape.com/catalogue/the-stranger_861/index.html
2026-09-02 23:24:42,207 - INFO - Successfully extracted 20 products.
2026-09-02 23:24:42,207 - INFO - Products found on page 7: 20
2026-09-02 23:24:42,207 - INFO - Matching products collected so far: 1
2026-09-02 23:24:42,211 - INFO - Scraping page 8: https://books.toscrape.com/catalogue/page-8.html
2026-09-02 23:24:42,211 - INFO - Checking robots.txt: https://books.toscrape.com/robots.txt
2026-09-02 23:24:42,938 - INFO - robots.txt allows access: https://books.toscrape.com/catalogue/page-8.html
2026-09-02 23:24:44,674 - INFO - Request successful: 200 - https://books.toscrape.com/catalogue/page-8.html
2026-09-02 23:24:44,698 - INFO - HTML parsed successfully.
2026-09-02 23:24:44,707 - INFO - Product elements found: 20
2026-09-02 23:24:44,707 - INFO - Product URL resolved: https://books.toscrape.com/catalogue/the-shadow-hero-the-shadow-hero_860/index.html
2026-09-02 23:24:44,707 - INFO - Product URL resolved: https://books.toscrape.com/catalogue/the-secret-the-secret-1_859/index.html
2026-09-02 23:24:44,707 - INFO - Product URL resolved: https://books.toscrape.com/catalogue/the-regional-office-is-under-attack_858/index.html
2026-09-02 23:24:44,708 - INFO - Product URL resolved: https://books.toscrape.com/catalogue/the-psychopath-test-a-journey-through-the-madness-industry_857/index.html
2026-09-02 23:24:44,708 - INFO - Product URL resolved: https://books.toscrape.com/catalogue/the-project_856/index.html
2026-09-02 23:24:44,708 - INFO - Product URL resolved: https://books.toscrape.com/catalogue/the-power-of-now-a-guide-to-spiritual-enlightenment_855/index.html
2026-09-02 23:24:44,708 - INFO - Product URL resolved: https://books.toscrape.com/catalogue/the-omnivores-dilemma-a-natural-history-of-four-meals_854/index.html
2026-09-02 23:24:44,708 - INFO - Product URL resolved: https://books.toscrape.com/catalogue/the-nerdy-nummies-cookbook-sweet-treats-for-the-geek-in-all-of-us_853/index.html
2026-09-02 23:24:44,708 - INFO - Product URL resolved: https://books.toscrape.com/catalogue/the-murder-of-roger-ackroyd-hercule-poirot-4_852/index.html
2026-09-02 23:24:44,708 - INFO - Product URL resolved: https://books.toscrape.com/catalogue/the-mistake-off-campus-2_851/index.html
2026-09-02 23:24:44,708 - INFO - Product URL resolved: https://books.toscrape.com/catalogue/the-matchmakers-playbook-wingmen-inc-1_850/index.html
2026-09-02 23:24:44,708 - INFO - Product URL resolved: https://books.toscrape.com/catalogue/the-love-and-lemons-cookbook-an-apple-to-zucchini-celebration-of-impromptu-cooking_849/index.html
2026-09-02 23:24:44,708 - INFO - Product URL resolved: https://books.toscrape.com/catalogue/the-long-shadow-of-small-ghosts-murder-and-memory-in-an-american-city_848/index.html
2026-09-02 23:24:44,708 - INFO - Product URL resolved: https://books.toscrape.com/catalogue/the-kite-runner_847/index.html
2026-09-02 23:24:44,708 - INFO - Product URL resolved: https://books.toscrape.com/catalogue/the-house-by-the-lake_846/index.html
2026-09-02 23:24:44,708 - INFO - Product URL resolved: https://books.toscrape.com/catalogue/the-glittering-court-the-glittering-court-1_845/index.html
2026-09-02 23:24:44,708 - INFO - Product URL resolved: https://books.toscrape.com/catalogue/the-girl-on-the-train_844/index.html
2026-09-02 23:24:44,708 - INFO - Product URL resolved: https://books.toscrape.com/catalogue/the-genius-of-birds_843/index.html
2026-09-02 23:24:44,708 - INFO - Product URL resolved: https://books.toscrape.com/catalogue/the-emerald-mystery_842/index.html
2026-09-02 23:24:44,708 - INFO - Product URL resolved: https://books.toscrape.com/catalogue/the-cookies-cups-cookbook-125-sweet-savory-recipes-reminding-you-to-always-eat-dessert-first_841/index.html
2026-09-02 23:24:44,708 - INFO - Successfully extracted 20 products.
2026-09-02 23:24:44,708 - INFO - Products found on page 8: 20
2026-09-02 23:24:44,708 - INFO - Matching products collected so far: 1
2026-09-02 23:24:44,708 - INFO - Scraping page 9: https://books.toscrape.com/catalogue/page-9.html
2026-09-02 23:24:44,708 - INFO - Checking robots.txt: https://books.toscrape.com/robots.txt
2026-09-02 23:24:45,445 - INFO - robots.txt allows access: https://books.toscrape.com/catalogue/page-9.html
2026-09-02 23:24:47,170 - INFO - Request successful: 200 - https://books.toscrape.com/catalogue/page-9.html
2026-09-02 23:24:47,198 - INFO - HTML parsed successfully.
2026-09-02 23:24:47,198 - INFO - Product elements found: 20
2026-09-02 23:24:47,198 - INFO - Product URL resolved: https://books.toscrape.com/catalogue/the-bridge-to-consciousness-im-writing-the-bridge-between-science-and-our-old-and-new-beliefs_840/index.html
2026-09-02 23:24:47,198 - INFO - Product URL resolved: https://books.toscrape.com/catalogue/the-artists-way-a-spiritual-path-to-higher-creativity_839/index.html
2026-09-02 23:24:47,198 - INFO - Product URL resolved: https://books.toscrape.com/catalogue/the-art-of-war_838/index.html
2026-09-02 23:24:47,198 - INFO - Product URL resolved: https://books.toscrape.com/catalogue/the-argonauts_837/index.html
2026-09-02 23:24:47,198 - INFO - Product URL resolved: https://books.toscrape.com/catalogue/the-10-entrepreneur-live-your-startup-dream-without-quitting-your-day-job_836/index.html
2026-09-02 23:24:47,198 - INFO - Product URL resolved: https://books.toscrape.com/catalogue/suddenly-in-love-lake-haven-1_835/index.html
2026-09-02 23:24:47,198 - INFO - Product URL resolved: https://books.toscrape.com/catalogue/something-more-than-this_834/index.html
2026-09-02 23:24:47,198 - INFO - Product URL resolved: https://books.toscrape.com/catalogue/soft-apocalypse_833/index.html
2026-09-02 23:24:47,198 - INFO - Product URL resolved: https://books.toscrape.com/catalogue/so-youve-been-publicly-shamed_832/index.html
2026-09-02 23:24:47,198 - INFO - Product URL resolved: https://books.toscrape.com/catalogue/shoe-dog-a-memoir-by-the-creator-of-nike_831/index.html
2026-09-02 23:24:47,198 - INFO - Product URL resolved: https://books.toscrape.com/catalogue/shobu-samurai-project-aryoku-3_830/index.html
2026-09-02 23:24:47,198 - INFO - Product URL resolved: https://books.toscrape.com/catalogue/secrets-and-lace-fatal-hearts-1_829/index.html
2026-09-02 23:24:47,198 - INFO - Product URL resolved: https://books.toscrape.com/catalogue/scarlett-epstein-hates-it-here_828/index.html
2026-09-02 23:24:47,198 - INFO - Product URL resolved: https://books.toscrape.com/catalogue/romero-and-juliet-a-tragic-tale-of-love-and-zombies_827/index.html
2026-09-02 23:24:47,198 - INFO - Product URL resolved: https://books.toscrape.com/catalogue/redeeming-love_826/index.html
2026-09-02 23:24:47,198 - INFO - Product URL resolved: https://books.toscrape.com/catalogue/poses-for-artists-volume-1-dynamic-and-sitting-poses-an-essential-reference-for-figure-drawing-and-the-human-form_825/index.html
2026-09-02 23:24:47,198 - INFO - Product URL resolved: https://books.toscrape.com/catalogue/poems-that-make-grown-women-cry_824/index.html
2026-09-02 23:24:47,198 - INFO - Product URL resolved: https://books.toscrape.com/catalogue/nightingale-sing_823/index.html
2026-09-02 23:24:47,198 - INFO - Product URL resolved: https://books.toscrape.com/catalogue/night-sky-with-exit-wounds_822/index.html
2026-09-02 23:24:47,198 - INFO - Product URL resolved: https://books.toscrape.com/catalogue/mrs-houdini_821/index.html
2026-09-02 23:24:47,198 - INFO - Successfully extracted 20 products.
2026-09-02 23:24:47,198 - INFO - Products found on page 9: 20
2026-09-02 23:24:47,198 - INFO - Matching products collected so far: 1
2026-09-02 23:24:47,198 - INFO - Scraping page 10: https://books.toscrape.com/catalogue/page-10.html
2026-09-02 23:24:47,198 - INFO - Checking robots.txt: https://books.toscrape.com/robots.txt
2026-09-02 23:24:47,924 - INFO - robots.txt allows access: https://books.toscrape.com/catalogue/page-10.html
2026-09-02 23:24:49,671 - INFO - Request successful: 200 - https://books.toscrape.com/catalogue/page-10.html
2026-09-02 23:24:49,687 - INFO - HTML parsed successfully.
2026-09-02 23:24:49,687 - INFO - Product elements found: 20
2026-09-02 23:24:49,687 - INFO - Product URL resolved: https://books.toscrape.com/catalogue/modern-romance_820/index.html
2026-09-02 23:24:49,687 - INFO - Product URL resolved: https://books.toscrape.com/catalogue/miss-peregrines-home-for-peculiar-children-miss-peregrines-peculiar-children-1_819/index.html
2026-09-02 23:24:49,687 - INFO - Product URL resolved: https://books.toscrape.com/catalogue/louisa-the-extraordinary-life-of-mrs-adams_818/index.html
2026-09-02 23:24:49,687 - INFO - Product URL resolved: https://books.toscrape.com/catalogue/little-red_817/index.html
2026-09-02 23:24:49,687 - INFO - Product URL resolved: https://books.toscrape.com/catalogue/library-of-souls-miss-peregrines-peculiar-children-3_816/index.html
2026-09-02 23:24:49,687 - INFO - Product URL resolved: https://books.toscrape.com/catalogue/large-print-heart-of-the-pride_815/index.html
2026-09-02 23:24:49,687 - INFO - Product URL resolved: https://books.toscrape.com/catalogue/i-had-a-nice-time-and-other-lies-how-to-find-love-sht-like-that_814/index.html
2026-09-02 23:24:49,687 - INFO - Product URL resolved: https://books.toscrape.com/catalogue/hollow-city-miss-peregrines-peculiar-children-2_813/index.html
2026-09-02 23:24:49,687 - INFO - Product URL resolved: https://books.toscrape.com/catalogue/grumbles_812/index.html
2026-09-02 23:24:49,687 - INFO - Product URL resolved: https://books.toscrape.com/catalogue/full-moon-over-noahs-ark-an-odyssey-to-mount-ararat-and-beyond_811/index.html
2026-09-02 23:24:49,687 - INFO - Product URL resolved: https://books.toscrape.com/catalogue/frostbite-vampire-academy-2_810/index.html
2026-09-02 23:24:49,687 - INFO - Product URL resolved: https://books.toscrape.com/catalogue/follow-you-home_809/index.html
2026-09-02 23:24:49,687 - INFO - Product URL resolved: https://books.toscrape.com/catalogue/first-steps-for-new-christians-print-edition_808/index.html
2026-09-02 23:24:49,687 - INFO - Product URL resolved: https://books.toscrape.com/catalogue/finders-keepers-bill-hodges-trilogy-2_807/index.html
2026-09-02 23:24:49,687 - INFO - Product URL resolved: https://books.toscrape.com/catalogue/fables-vol-1-legends-in-exile-fables-1_806/index.html
2026-09-02 23:24:49,687 - INFO - Product URL resolved: https://books.toscrape.com/catalogue/eureka-trivia-60_805/index.html
2026-09-02 23:24:49,687 - INFO - Product URL resolved: https://books.toscrape.com/catalogue/drive-the-surprising-truth-about-what-motivates-us_804/index.html
2026-09-02 23:24:49,687 - INFO - Product URL resolved: https://books.toscrape.com/catalogue/done-rubbed-out-reightman-bailey-1_803/index.html
2026-09-02 23:24:49,687 - INFO - Product URL resolved: https://books.toscrape.com/catalogue/doing-it-over-most-likely-to-1_802/index.html
2026-09-02 23:24:49,687 - INFO - Product URL resolved: https://books.toscrape.com/catalogue/deliciously-ella-every-day-quick-and-easy-recipes-for-gluten-free-snacks-packed-lunches-and-simple-meals_801/index.html
2026-09-02 23:24:49,687 - INFO - Successfully extracted 20 products.
2026-09-02 23:24:49,687 - INFO - Products found on page 10: 20
2026-09-02 23:24:49,687 - INFO - Matching products collected so far: 1
2026-09-02 23:24:49,687 - INFO - Scraping page 11: https://books.toscrape.com/catalogue/page-11.html
2026-09-02 23:24:49,687 - INFO - Checking robots.txt: https://books.toscrape.com/robots.txt
2026-09-02 23:24:50,418 - INFO - robots.txt allows access: https://books.toscrape.com/catalogue/page-11.html
2026-09-02 23:24:52,142 - INFO - Request successful: 200 - https://books.toscrape.com/catalogue/page-11.html
2026-09-02 23:24:52,170 - INFO - HTML parsed successfully.
2026-09-02 23:24:52,170 - INFO - Product elements found: 20
2026-09-02 23:24:52,174 - INFO - Product URL resolved: https://books.toscrape.com/catalogue/dark-notes_800/index.html
2026-09-02 23:24:52,174 - INFO - Product URL resolved: https://books.toscrape.com/catalogue/daring-greatly-how-the-courage-to-be-vulnerable-transforms-the-way-we-live-love-parent-and-lead_799/index.html
2026-09-02 23:24:52,174 - INFO - Product URL resolved: https://books.toscrape.com/catalogue/close-to-you_798/index.html
2026-09-02 23:24:52,174 - INFO - Product URL resolved: https://books.toscrape.com/catalogue/chasing-heaven-what-dying-taught-me-about-living_797/index.html
2026-09-02 23:24:52,174 - INFO - Product URL resolved: https://books.toscrape.com/catalogue/big-magic-creative-living-beyond-fear_796/index.html
2026-09-02 23:24:52,174 - INFO - Product URL resolved: https://books.toscrape.com/catalogue/becoming-wise-an-inquiry-into-the-mystery-and-art-of-living_795/index.html
2026-09-02 23:24:52,174 - INFO - Product URL resolved: https://books.toscrape.com/catalogue/beauty-restored-riley-family-legacy-novellas-3_794/index.html
2026-09-02 23:24:52,174 - INFO - Product URL resolved: https://books.toscrape.com/catalogue/batman-the-long-halloween-batman_793/index.html
2026-09-02 23:24:52,174 - INFO - Product URL resolved: https://books.toscrape.com/catalogue/batman-the-dark-knight-returns-batman_792/index.html
2026-09-02 23:24:52,174 - INFO - Product URL resolved: https://books.toscrape.com/catalogue/ayumis-violin_791/index.html
2026-09-02 23:24:52,174 - INFO - Product URL resolved: https://books.toscrape.com/catalogue/anonymous_790/index.html
2026-09-02 23:24:52,174 - INFO - Product URL resolved: https://books.toscrape.com/catalogue/amy-meets-the-saints-and-sages_789/index.html
2026-09-02 23:24:52,174 - INFO - Product URL resolved: https://books.toscrape.com/catalogue/amid-the-chaos_788/index.html
2026-09-02 23:24:52,174 - INFO - Product URL resolved: https://books.toscrape.com/catalogue/amatus_787/index.html
2026-09-02 23:24:52,174 - INFO - Product URL resolved: https://books.toscrape.com/catalogue/agnostic-a-spirited-manifesto_786/index.html
2026-09-02 23:24:52,174 - INFO - Product URL resolved: https://books.toscrape.com/catalogue/zealot-the-life-and-times-of-jesus-of-nazareth_785/index.html
2026-09-02 23:24:52,174 - INFO - Product URL resolved: https://books.toscrape.com/catalogue/you-you-1_784/index.html
2026-09-02 23:24:52,174 - INFO - Product URL resolved: https://books.toscrape.com/catalogue/wonder-woman-earth-one-volume-one-wonder-woman-earth-one-1_783/index.html
2026-09-02 23:24:52,174 - INFO - Product URL resolved: https://books.toscrape.com/catalogue/wild-swans_782/index.html
2026-09-02 23:24:52,174 - INFO - Product URL resolved: https://books.toscrape.com/catalogue/why-the-right-went-wrong-conservatism-from-goldwater-to-the-tea-party-and-beyond_781/index.html
2026-09-02 23:24:52,174 - INFO - Successfully extracted 20 products.
2026-09-02 23:24:52,174 - INFO - Products found on page 11: 20
2026-09-02 23:24:52,174 - INFO - Matching products collected so far: 1
2026-09-02 23:24:52,174 - INFO - Scraping page 12: https://books.toscrape.com/catalogue/page-12.html
2026-09-02 23:24:52,174 - INFO - Checking robots.txt: https://books.toscrape.com/robots.txt
2026-09-02 23:24:52,912 - INFO - robots.txt allows access: https://books.toscrape.com/catalogue/page-12.html
2026-09-02 23:24:54,635 - INFO - Request successful: 200 - https://books.toscrape.com/catalogue/page-12.html
2026-09-02 23:24:54,648 - INFO - HTML parsed successfully.
2026-09-02 23:24:54,648 - INFO - Product elements found: 20
2026-09-02 23:24:54,648 - INFO - Product URL resolved: https://books.toscrape.com/catalogue/whole-lotta-creativity-going-on-60-fun-and-unusual-exercises-to-awaken-and-strengthen-your-creativity_780/index.html
2026-09-02 23:24:54,648 - INFO - Product URL resolved: https://books.toscrape.com/catalogue/whats-it-like-in-space-stories-from-astronauts-whove-been-there_779/index.html
2026-09-02 23:24:54,648 - INFO - Product URL resolved: https://books.toscrape.com/catalogue/we-are-robin-vol-1-the-vigilante-business-we-are-robin-1_778/index.html
2026-09-02 23:24:54,663 - INFO - Product URL resolved: https://books.toscrape.com/catalogue/walt-disneys-alice-in-wonderland_777/index.html
2026-09-02 23:24:54,663 - INFO - Product URL resolved: https://books.toscrape.com/catalogue/v-for-vendetta-v-for-vendetta-complete_776/index.html
2026-09-02 23:24:54,663 - INFO - Product URL resolved: https://books.toscrape.com/catalogue/until-friday-night-the-field-party-1_775/index.html
2026-09-02 23:24:54,663 - INFO - Product URL resolved: https://books.toscrape.com/catalogue/unbroken-a-world-war-ii-story-of-survival-resilience-and-redemption_774/index.html
2026-09-02 23:24:54,663 - INFO - Product URL resolved: https://books.toscrape.com/catalogue/twenty-yawns_773/index.html
2026-09-02 23:24:54,663 - INFO - Product URL resolved: https://books.toscrape.com/catalogue/through-the-woods_772/index.html
2026-09-02 23:24:54,663 - INFO - Product URL resolved: https://books.toscrape.com/catalogue/this-is-where-it-ends_771/index.html
2026-09-02 23:24:54,663 - INFO - Product URL resolved: https://books.toscrape.com/catalogue/the-year-of-magical-thinking_770/index.html
2026-09-02 23:24:54,663 - INFO - Product URL resolved: https://books.toscrape.com/catalogue/the-wright-brothers_769/index.html
2026-09-02 23:24:54,663 - INFO - Product URL resolved: https://books.toscrape.com/catalogue/the-white-queen-the-cousins-war-1_768/index.html
2026-09-02 23:24:54,663 - INFO - Product URL resolved: https://books.toscrape.com/catalogue/the-wedding-pact-the-omalleys-2_767/index.html
2026-09-02 23:24:54,663 - INFO - Product URL resolved: https://books.toscrape.com/catalogue/the-time-keeper_766/index.html
2026-09-02 23:24:54,663 - INFO - Product URL resolved: https://books.toscrape.com/catalogue/the-testament-of-mary_765/index.html
2026-09-02 23:24:54,663 - INFO - Product URL resolved: https://books.toscrape.com/catalogue/the-star-touched-queen_764/index.html
2026-09-02 23:24:54,663 - INFO - Product URL resolved: https://books.toscrape.com/catalogue/the-songs-of-the-gods_763/index.html
2026-09-02 23:24:54,663 - INFO - Product URL resolved: https://books.toscrape.com/catalogue/the-song-of-achilles_762/index.html
2026-09-02 23:24:54,663 - INFO - Product URL resolved: https://books.toscrape.com/catalogue/the-rosie-project-don-tillman-1_761/index.html
2026-09-02 23:24:54,663 - INFO - Successfully extracted 20 products.
2026-09-02 23:24:54,663 - INFO - Products found on page 12: 20
2026-09-02 23:24:54,663 - INFO - Matching products collected so far: 1
2026-09-02 23:24:54,663 - INFO - Scraping page 13: https://books.toscrape.com/catalogue/page-13.html
2026-09-02 23:24:54,663 - INFO - Checking robots.txt: https://books.toscrape.com/robots.txt
2026-09-02 23:24:55,403 - INFO - robots.txt allows access: https://books.toscrape.com/catalogue/page-13.html
2026-09-02 23:24:57,125 - INFO - Request successful: 200 - https://books.toscrape.com/catalogue/page-13.html
2026-09-02 23:24:57,137 - INFO - HTML parsed successfully.
2026-09-02 23:24:57,137 - INFO - Product elements found: 20
2026-09-02 23:24:57,137 - INFO - Product URL resolved: https://books.toscrape.com/catalogue/the-power-of-habit-why-we-do-what-we-do-in-life-and-business_760/index.html
2026-09-02 23:24:57,137 - INFO - Product URL resolved: https://books.toscrape.com/catalogue/the-marriage-of-opposites_759/index.html
2026-09-02 23:24:57,137 - INFO - Product URL resolved: https://books.toscrape.com/catalogue/the-lucifer-effect-understanding-how-good-people-turn-evil_758/index.html
2026-09-02 23:24:57,137 - INFO - Product URL resolved: https://books.toscrape.com/catalogue/the-long-haul-diary-of-a-wimpy-kid-9_757/index.html
2026-09-02 23:24:57,137 - INFO - Product URL resolved: https://books.toscrape.com/catalogue/the-loney_756/index.html
2026-09-02 23:24:57,137 - INFO - Product URL resolved: https://books.toscrape.com/catalogue/the-literature-book-big-ideas-simply-explained_755/index.html
2026-09-02 23:24:57,137 - INFO - Product URL resolved: https://books.toscrape.com/catalogue/the-last-mile-amos-decker-2_754/index.html
2026-09-02 23:24:57,137 - INFO - Product URL resolved: https://books.toscrape.com/catalogue/the-immortal-life-of-henrietta-lacks_753/index.html
2026-09-02 23:24:57,137 - INFO - Product URL resolved: https://books.toscrape.com/catalogue/the-hidden-oracle-the-trials-of-apollo-1_752/index.html
2026-09-02 23:24:57,137 - INFO - Product URL resolved: https://books.toscrape.com/catalogue/the-help-yourself-cookbook-for-kids-60-easy-plant-based-recipes-kids-can-make-to-stay-healthy-and-save-the-earth_751/index.html
2026-09-02 23:24:57,137 - INFO - Product URL resolved: https://books.toscrape.com/catalogue/the-guilty-will-robie-4_750/index.html
2026-09-02 23:24:57,137 - INFO - Product URL resolved: https://books.toscrape.com/catalogue/the-first-hostage-jb-collins-2_749/index.html
2026-09-02 23:24:57,137 - INFO - Product URL resolved: https://books.toscrape.com/catalogue/the-dovekeepers_748/index.html
2026-09-02 23:24:57,137 - INFO - Product URL resolved: https://books.toscrape.com/catalogue/the-darkest-lie_747/index.html
2026-09-02 23:24:57,137 - INFO - Product URL resolved: https://books.toscrape.com/catalogue/the-bane-chronicles-the-bane-chronicles-1-11_746/index.html
2026-09-02 23:24:57,137 - INFO - Product URL resolved: https://books.toscrape.com/catalogue/the-bad-ass-librarians-of-timbuktu-and-their-race-to-save-the-worlds-most-precious-manuscripts_745/index.html
2026-09-02 23:24:57,153 - INFO - Product URL resolved: https://books.toscrape.com/catalogue/the-14th-colony-cotton-malone-11_744/index.html
2026-09-02 23:24:57,153 - INFO - Product URL resolved: https://books.toscrape.com/catalogue/that-darkness-gardiner-and-renner-1_743/index.html
2026-09-02 23:24:57,153 - INFO - Product URL resolved: https://books.toscrape.com/catalogue/tastes-like-fear-di-marnie-rome-3_742/index.html
2026-09-02 23:24:57,153 - INFO - Product URL resolved: https://books.toscrape.com/catalogue/take-me-with-you_741/index.html
2026-09-02 23:24:57,153 - INFO - Successfully extracted 20 products.
2026-09-02 23:24:57,153 - INFO - Products found on page 13: 20
2026-09-02 23:24:57,153 - INFO - Matching products collected so far: 1
2026-09-02 23:24:57,153 - INFO - Scraping page 14: https://books.toscrape.com/catalogue/page-14.html
2026-09-02 23:24:57,153 - INFO - Checking robots.txt: https://books.toscrape.com/robots.txt
2026-09-02 23:24:57,864 - INFO - robots.txt allows access: https://books.toscrape.com/catalogue/page-14.html
2026-09-02 23:24:59,619 - INFO - Request successful: 200 - https://books.toscrape.com/catalogue/page-14.html
2026-09-02 23:24:59,637 - INFO - HTML parsed successfully.
2026-09-02 23:24:59,637 - INFO - Product elements found: 20
2026-09-02 23:24:59,637 - INFO - Product URL resolved: https://books.toscrape.com/catalogue/swell-a-year-of-waves_740/index.html
2026-09-02 23:24:59,637 - INFO - Product URL resolved: https://books.toscrape.com/catalogue/superman-vol-1-before-truth-superman-by-gene-luen-yang-1_739/index.html
2026-09-02 23:24:59,637 - INFO - Product URL resolved: https://books.toscrape.com/catalogue/still-life-with-bread-crumbs_738/index.html
2026-09-02 23:24:59,637 - INFO - Product URL resolved: https://books.toscrape.com/catalogue/steve-jobs_737/index.html
2026-09-02 23:24:59,637 - INFO - Product URL resolved: https://books.toscrape.com/catalogue/sorting-the-beef-from-the-bull-the-science-of-food-fraud-forensics_736/index.html
2026-09-02 23:24:59,637 - INFO - Product URL resolved: https://books.toscrape.com/catalogue/someone-like-you-the-harrisons-2_735/index.html
2026-09-02 23:24:59,637 - INFO - Product URL resolved: https://books.toscrape.com/catalogue/so-cute-it-hurts-vol-6-so-cute-it-hurts-6_734/index.html
2026-09-02 23:24:59,641 - INFO - Product URL resolved: https://books.toscrape.com/catalogue/shtum_733/index.html
2026-09-02 23:24:59,641 - INFO - Product URL resolved: https://books.toscrape.com/catalogue/see-america-a-celebration-of-our-national-parks-treasured-sites_732/index.html
2026-09-02 23:24:59,641 - INFO - Product URL resolved: https://books.toscrape.com/catalogue/salt_731/index.html
2026-09-02 23:24:59,641 - INFO - Product URL resolved: https://books.toscrape.com/catalogue/robin-war_730/index.html
2026-09-02 23:24:59,642 - INFO - Product URL resolved: https://books.toscrape.com/catalogue/red-hoodarsenal-vol-1-open-for-business-red-hoodarsenal-1_729/index.html
2026-09-02 23:24:59,642 - INFO - Product URL resolved: https://books.toscrape.com/catalogue/rain-fish_728/index.html
2026-09-02 23:24:59,642 - INFO - Product URL resolved: https://books.toscrape.com/catalogue/quarter-life-poetry-poems-for-the-young-broke-and-hangry_727/index.html
2026-09-02 23:24:59,643 - INFO - Product URL resolved: https://books.toscrape.com/catalogue/pet-sematary_726/index.html
2026-09-02 23:24:59,643 - INFO - Product URL resolved: https://books.toscrape.com/catalogue/overload-how-to-unplug-unwind-and-unleash-yourself-from-the-pressure-of-stress_725/index.html
2026-09-02 23:24:59,643 - INFO - Product URL resolved: https://books.toscrape.com/catalogue/once-was-a-time_724/index.html
2026-09-02 23:24:59,643 - INFO - Product URL resolved: https://books.toscrape.com/catalogue/old-school-diary-of-a-wimpy-kid-10_723/index.html
2026-09-02 23:24:59,644 - INFO - Product URL resolved: https://books.toscrape.com/catalogue/no-dream-is-too-high-life-lessons-from-a-man-who-walked-on-the-moon_722/index.html
2026-09-02 23:24:59,644 - INFO - Product URL resolved: https://books.toscrape.com/catalogue/naruto-3-in-1-edition-vol-14-includes-vols-40-41-42-naruto-omnibus-14_721/index.html
2026-09-02 23:24:59,644 - INFO - Successfully extracted 20 products.
2026-09-02 23:24:59,644 - INFO - Products found on page 14: 20
2026-09-02 23:24:59,644 - INFO - Matching products collected so far: 1
2026-09-02 23:24:59,647 - INFO - Scraping page 15: https://books.toscrape.com/catalogue/page-15.html
2026-09-02 23:24:59,647 - INFO - Checking robots.txt: https://books.toscrape.com/robots.txt
2026-09-02 23:25:00,375 - INFO - robots.txt allows access: https://books.toscrape.com/catalogue/page-15.html
2026-09-02 23:25:02,102 - INFO - Request successful: 200 - https://books.toscrape.com/catalogue/page-15.html
2026-09-02 23:25:02,125 - INFO - HTML parsed successfully.
2026-09-02 23:25:02,129 - INFO - Product elements found: 20
2026-09-02 23:25:02,129 - INFO - Product URL resolved: https://books.toscrape.com/catalogue/my-name-is-lucy-barton_720/index.html
2026-09-02 23:25:02,129 - INFO - Product URL resolved: https://books.toscrape.com/catalogue/my-mrs-brown_719/index.html
2026-09-02 23:25:02,129 - INFO - Product URL resolved: https://books.toscrape.com/catalogue/my-kind-of-crazy_718/index.html
2026-09-02 23:25:02,129 - INFO - Product URL resolved: https://books.toscrape.com/catalogue/mr-mercedes-bill-hodges-trilogy-1_717/index.html
2026-09-02 23:25:02,129 - INFO - Product URL resolved: https://books.toscrape.com/catalogue/more-than-music-chasing-the-dream-1_716/index.html
2026-09-02 23:25:02,129 - INFO - Product URL resolved: https://books.toscrape.com/catalogue/made-to-stick-why-some-ideas-survive-and-others-die_715/index.html
2026-09-02 23:25:02,129 - INFO - Product URL resolved: https://books.toscrape.com/catalogue/luis-paints-the-world_714/index.html
2026-09-02 23:25:02,129 - INFO - Product URL resolved: https://books.toscrape.com/catalogue/luckiest-girl-alive_713/index.html
2026-09-02 23:25:02,129 - INFO - Product URL resolved: https://books.toscrape.com/catalogue/lowriders-to-the-center-of-the-earth-lowriders-in-space-2_712/index.html
2026-09-02 23:25:02,129 - INFO - Product URL resolved: https://books.toscrape.com/catalogue/love-is-a-mix-tape-music-1_711/index.html
2026-09-02 23:25:02,129 - INFO - Product URL resolved: https://books.toscrape.com/catalogue/looking-for-lovely-collecting-the-moments-that-matter_710/index.html
2026-09-02 23:25:02,129 - INFO - Product URL resolved: https://books.toscrape.com/catalogue/living-leadership-by-insight-a-good-leader-achieves-a-great-leader-builds-monuments_709/index.html
2026-09-02 23:25:02,129 - INFO - Product URL resolved: https://books.toscrape.com/catalogue/let-it-out-a-journey-through-journaling_708/index.html
2026-09-02 23:25:02,129 - INFO - Product URL resolved: https://books.toscrape.com/catalogue/lady-midnight-the-dark-artifices-1_707/index.html
2026-09-02 23:25:02,129 - INFO - Product URL resolved: https://books.toscrape.com/catalogue/its-all-easy-healthy-delicious-weeknight-meals-in-under-30-minutes_706/index.html
2026-09-02 23:25:02,129 - INFO - Product URL resolved: https://books.toscrape.com/catalogue/island-of-dragons-unwanteds-7_705/index.html
2026-09-02 23:25:02,129 - INFO - Product URL resolved: https://books.toscrape.com/catalogue/i-know-what-im-doing-and-other-lies-i-tell-myself-dispatches-from-a-life-under-construction_704/index.html
2026-09-02 23:25:02,129 - INFO - Product URL resolved: https://books.toscrape.com/catalogue/i-am-pilgrim-pilgrim-1_703/index.html
2026-09-02 23:25:02,129 - INFO - Product URL resolved: https://books.toscrape.com/catalogue/hyperbole-and-a-half-unfortunate-situations-flawed-coping-mechanisms-mayhem-and-other-things-that-happened_702/index.html
2026-09-02 23:25:02,129 - INFO - Product URL resolved: https://books.toscrape.com/catalogue/hush-hush-hush-hush-1_701/index.html
2026-09-02 23:25:02,129 - INFO - Successfully extracted 20 products.
2026-09-02 23:25:02,129 - INFO - Products found on page 15: 20
2026-09-02 23:25:02,129 - INFO - Matching products collected so far: 1
2026-09-02 23:25:02,129 - INFO - Scraping page 16: https://books.toscrape.com/catalogue/page-16.html
2026-09-02 23:25:02,129 - INFO - Checking robots.txt: https://books.toscrape.com/robots.txt
2026-09-02 23:25:02,861 - INFO - robots.txt allows access: https://books.toscrape.com/catalogue/page-16.html
2026-09-02 23:25:04,585 - INFO - Request successful: 200 - https://books.toscrape.com/catalogue/page-16.html
2026-09-02 23:25:04,601 - INFO - HTML parsed successfully.
2026-09-02 23:25:04,601 - INFO - Product elements found: 20
2026-09-02 23:25:04,617 - INFO - Product URL resolved: https://books.toscrape.com/catalogue/hold-your-breath-search-and-rescue-1_700/index.html
2026-09-02 23:25:04,617 - INFO - Product URL resolved: https://books.toscrape.com/catalogue/hamilton-the-revolution_699/index.html
2026-09-02 23:25:04,617 - INFO - Product URL resolved: https://books.toscrape.com/catalogue/greek-mythic-history_698/index.html
2026-09-02 23:25:04,617 - INFO - Product URL resolved: https://books.toscrape.com/catalogue/god-the-most-unpleasant-character-in-all-fiction_697/index.html
2026-09-02 23:25:04,617 - INFO - Product URL resolved: https://books.toscrape.com/catalogue/glory-over-everything-beyond-the-kitchen-house_696/index.html
2026-09-02 23:25:04,617 - INFO - Product URL resolved: https://books.toscrape.com/catalogue/feathers-displays-of-brilliant-plumage_695/index.html
2026-09-02 23:25:04,617 - INFO - Product URL resolved: https://books.toscrape.com/catalogue/far-away-places-on-the-brink-of-change-seven-continents-twenty-five-years_694/index.html
2026-09-02 23:25:04,617 - INFO - Product URL resolved: https://books.toscrape.com/catalogue/every-last-word_693/index.html
2026-09-02 23:25:04,617 - INFO - Product URL resolved: https://books.toscrape.com/catalogue/eligible-the-austen-project-4_692/index.html
2026-09-02 23:25:04,617 - INFO - Product URL resolved: https://books.toscrape.com/catalogue/el-deafo_691/index.html
2026-09-02 23:25:04,617 - INFO - Product URL resolved: https://books.toscrape.com/catalogue/eight-hundred-grapes_690/index.html
2026-09-02 23:25:04,617 - INFO - Product URL resolved: https://books.toscrape.com/catalogue/eaternity-more-than-150-deliciously-easy-vegan-recipes-for-a-long-healthy-satisfied-joyful-life_689/index.html
2026-09-02 23:25:04,617 - INFO - Product URL resolved: https://books.toscrape.com/catalogue/eat-fat-get-thin_688/index.html
2026-09-02 23:25:04,617 - INFO - Product URL resolved: https://books.toscrape.com/catalogue/dont-get-caught_687/index.html
2026-09-02 23:25:04,617 - INFO - Product URL resolved: https://books.toscrape.com/catalogue/doctor-sleep-the-shining-2_686/index.html
2026-09-02 23:25:04,617 - INFO - Product URL resolved: https://books.toscrape.com/catalogue/demigods-magicians-percy-and-annabeth-meet-the-kanes-percy-jackson-kane-chronicles-crossover-1-3_685/index.html
2026-09-02 23:25:04,617 - INFO - Product URL resolved: https://books.toscrape.com/catalogue/dear-mr-knightley_684/index.html
2026-09-02 23:25:04,617 - INFO - Product URL resolved: https://books.toscrape.com/catalogue/daily-fantasy-sports_683/index.html
2026-09-02 23:25:04,617 - INFO - Product URL resolved: https://books.toscrape.com/catalogue/crazy-love-overwhelmed-by-a-relentless-god_682/index.html
2026-09-02 23:25:04,617 - INFO - Product URL resolved: https://books.toscrape.com/catalogue/cometh-the-hour-the-clifton-chronicles-6_681/index.html
2026-09-02 23:25:04,617 - INFO - Successfully extracted 20 products.
2026-09-02 23:25:04,617 - INFO - Products found on page 16: 20
2026-09-02 23:25:04,617 - INFO - Matching products collected so far: 1
2026-09-02 23:25:04,617 - INFO - Scraping page 17: https://books.toscrape.com/catalogue/page-17.html
2026-09-02 23:25:04,617 - INFO - Checking robots.txt: https://books.toscrape.com/robots.txt
2026-09-02 23:25:05,348 - INFO - robots.txt allows access: https://books.toscrape.com/catalogue/page-17.html
2026-09-02 23:25:07,086 - INFO - Request successful: 200 - https://books.toscrape.com/catalogue/page-17.html
2026-09-02 23:25:07,106 - INFO - HTML parsed successfully.
2026-09-02 23:25:07,106 - INFO - Product elements found: 20
2026-09-02 23:25:07,108 - INFO - Product URL resolved: https://books.toscrape.com/catalogue/code-name-verity-code-name-verity-1_680/index.html
2026-09-02 23:25:07,108 - INFO - Product URL resolved: https://books.toscrape.com/catalogue/clockwork-angel-the-infernal-devices-1_679/index.html
2026-09-02 23:25:07,108 - INFO - Product URL resolved: https://books.toscrape.com/catalogue/city-of-glass-the-mortal-instruments-3_678/index.html
2026-09-02 23:25:07,108 - INFO - Product URL resolved: https://books.toscrape.com/catalogue/city-of-fallen-angels-the-mortal-instruments-4_677/index.html
2026-09-02 23:25:07,108 - INFO - Product URL resolved: https://books.toscrape.com/catalogue/city-of-bones-the-mortal-instruments-1_676/index.html
2026-09-02 23:25:07,108 - INFO - Product URL resolved: https://books.toscrape.com/catalogue/city-of-ashes-the-mortal-instruments-2_675/index.html
2026-09-02 23:25:07,108 - INFO - Product URL resolved: https://books.toscrape.com/catalogue/cell_674/index.html
2026-09-02 23:25:07,110 - INFO - Product URL resolved: https://books.toscrape.com/catalogue/catching-jordan-hundred-oaks_673/index.html
2026-09-02 23:25:07,110 - INFO - Product URL resolved: https://books.toscrape.com/catalogue/carry-on-warrior-thoughts-on-life-unarmed_672/index.html
2026-09-02 23:25:07,110 - INFO - Product URL resolved: https://books.toscrape.com/catalogue/carrie_671/index.html
2026-09-02 23:25:07,110 - INFO - Product URL resolved: https://books.toscrape.com/catalogue/buying-in-the-secret-dialogue-between-what-we-buy-and-who-we-are_670/index.html
2026-09-02 23:25:07,110 - INFO - Product URL resolved: https://books.toscrape.com/catalogue/brain-on-fire-my-month-of-madness_669/index.html
2026-09-02 23:25:07,110 - INFO - Product URL resolved: https://books.toscrape.com/catalogue/batman-europa_668/index.html
2026-09-02 23:25:07,110 - INFO - Product URL resolved: https://books.toscrape.com/catalogue/barefoot-contessa-back-to-basics_667/index.html
2026-09-02 23:25:07,112 - INFO - Product URL resolved: https://books.toscrape.com/catalogue/barefoot-contessa-at-home-everyday-recipes-youll-make-over-and-over-again_666/index.html
2026-09-02 23:25:07,112 - INFO - Product URL resolved: https://books.toscrape.com/catalogue/balloon-animals_665/index.html
2026-09-02 23:25:07,112 - INFO - Product URL resolved: https://books.toscrape.com/catalogue/art-ops-vol-1_664/index.html
2026-09-02 23:25:07,112 - INFO - Product URL resolved: https://books.toscrape.com/catalogue/aristotle-and-dante-discover-the-secrets-of-the-universe-aristotle-and-dante-discover-the-secrets-of-the-universe-1_663/index.html
2026-09-02 23:25:07,112 - INFO - Product URL resolved: https://books.toscrape.com/catalogue/angels-walking-angels-walking-1_662/index.html
2026-09-02 23:25:07,112 - INFO - Product URL resolved: https://books.toscrape.com/catalogue/angels-demons-robert-langdon-1_661/index.html
2026-09-02 23:25:07,112 - INFO - Successfully extracted 20 products.
2026-09-02 23:25:07,112 - INFO - Products found on page 17: 20
2026-09-02 23:25:07,112 - INFO - Matching products collected so far: 1
2026-09-02 23:25:07,116 - INFO - Scraping page 18: https://books.toscrape.com/catalogue/page-18.html
2026-09-02 23:25:07,116 - INFO - Checking robots.txt: https://books.toscrape.com/robots.txt
2026-09-02 23:25:07,844 - INFO - robots.txt allows access: https://books.toscrape.com/catalogue/page-18.html
2026-09-02 23:25:09,581 - INFO - Request successful: 200 - https://books.toscrape.com/catalogue/page-18.html
2026-09-02 23:25:09,597 - INFO - HTML parsed successfully.
2026-09-02 23:25:09,600 - INFO - Product elements found: 20
2026-09-02 23:25:09,600 - INFO - Product URL resolved: https://books.toscrape.com/catalogue/all-the-light-we-cannot-see_660/index.html
2026-09-02 23:25:09,600 - INFO - Product URL resolved: https://books.toscrape.com/catalogue/adulthood-is-a-myth-a-sarahs-scribbles-collection_659/index.html
2026-09-02 23:25:09,600 - INFO - Product URL resolved: https://books.toscrape.com/catalogue/abstract-city_658/index.html
2026-09-02 23:25:09,600 - INFO - Product URL resolved: https://books.toscrape.com/catalogue/a-time-of-torment-charlie-parker-14_657/index.html
2026-09-02 23:25:09,600 - INFO - Product URL resolved: https://books.toscrape.com/catalogue/a-study-in-scarlet-sherlock-holmes-1_656/index.html
2026-09-02 23:25:09,600 - INFO - Product URL resolved: https://books.toscrape.com/catalogue/a-series-of-catastrophes-and-miracles-a-true-story-of-love-science-and-cancer_655/index.html
2026-09-02 23:25:09,600 - INFO - Product URL resolved: https://books.toscrape.com/catalogue/a-peoples-history-of-the-united-states_654/index.html
2026-09-02 23:25:09,600 - INFO - Product URL resolved: https://books.toscrape.com/catalogue/a-man-called-ove_653/index.html
2026-09-02 23:25:09,600 - INFO - Product URL resolved: https://books.toscrape.com/catalogue/a-distant-mirror-the-calamitous-14th-century_652/index.html
2026-09-02 23:25:09,600 - INFO - Product URL resolved: https://books.toscrape.com/catalogue/a-brush-of-wings-angels-walking-3_651/index.html
2026-09-02 23:25:09,600 - INFO - Product URL resolved: https://books.toscrape.com/catalogue/1491-new-revelations-of-the-americas-before-columbus_650/index.html
2026-09-02 23:25:09,600 - INFO - Product URL resolved: https://books.toscrape.com/catalogue/the-three-searches-meaning-and-the-story_649/index.html
2026-09-02 23:25:09,600 - INFO - Product URL resolved: https://books.toscrape.com/catalogue/searching-for-meaning-in-gailana_648/index.html
2026-09-02 23:25:09,600 - INFO - Product URL resolved: https://books.toscrape.com/catalogue/rook_647/index.html
2026-09-02 23:25:09,600 - INFO - Product URL resolved: https://books.toscrape.com/catalogue/my-kitchen-year-136-recipes-that-saved-my-life_646/index.html
2026-09-02 23:25:09,608 - INFO - Product URL resolved: https://books.toscrape.com/catalogue/13-hours-the-inside-account-of-what-really-happened-in-benghazi_645/index.html
2026-09-02 23:25:09,608 - INFO - Product URL resolved: https://books.toscrape.com/catalogue/will-you-wont-you-want-me_644/index.html
2026-09-02 23:25:09,609 - INFO - Product URL resolved: https://books.toscrape.com/catalogue/tipping-point-for-planet-earth-how-close-are-we-to-the-edge_643/index.html
2026-09-02 23:25:09,609 - INFO - Product URL resolved: https://books.toscrape.com/catalogue/the-star-touched-queen_642/index.html
2026-09-02 23:25:09,609 - INFO - Product URL resolved: https://books.toscrape.com/catalogue/the-silent-sister-riley-macpherson-1_641/index.html
2026-09-02 23:25:09,609 - INFO - Successfully extracted 20 products.
2026-09-02 23:25:09,609 - INFO - Products found on page 18: 20
2026-09-02 23:25:09,609 - INFO - Product matched query: All the Light We Cannot See
2026-09-02 23:25:09,609 - INFO - Matching products collected so far: 2
2026-09-02 23:25:09,609 - INFO - Search filtering completed. Matching products: 2
2026-09-02 23:25:09,609 - INFO - Fetching product details: https://books.toscrape.com/catalogue/a-light-in-the-attic_1000/index.html
2026-09-02 23:25:09,609 - INFO - Checking robots.txt: https://books.toscrape.com/robots.txt
2026-09-02 23:25:10,331 - INFO - robots.txt allows access: https://books.toscrape.com/catalogue/a-light-in-the-attic_1000/index.html
2026-09-02 23:25:11,583 - INFO - Request successful: 200 - https://books.toscrape.com/catalogue/a-light-in-the-attic_1000/index.html
2026-09-02 23:25:11,583 - INFO - HTML parsed successfully.
2026-09-02 23:25:11,583 - INFO - Duplicated description prefix removed.
2026-09-02 23:25:11,583 - INFO - Product details extracted successfully.
2026-09-02 23:25:11,583 - INFO - Fetching product details: https://books.toscrape.com/catalogue/all-the-light-we-cannot-see_660/index.html
2026-09-02 23:25:11,583 - INFO - Checking robots.txt: https://books.toscrape.com/robots.txt
2026-09-02 23:25:12,317 - INFO - robots.txt allows access: https://books.toscrape.com/catalogue/all-the-light-we-cannot-see_660/index.html
2026-09-02 23:25:13,797 - INFO - Request successful: 200 - https://books.toscrape.com/catalogue/all-the-light-we-cannot-see_660/index.html
2026-09-02 23:25:13,813 - INFO - HTML parsed successfully.
2026-09-02 23:25:13,813 - INFO - Duplicated description prefix removed.
2026-09-02 23:25:13,813 - INFO - Product details extracted successfully.
2026-09-02 23:25:13,813 - INFO - Search completed. Products collected: 2
2026-09-02 23:25:13,813 - INFO - books: 2 products found.
2026-09-02 23:25:13,813 - INFO - Searching amazon...
2026-09-02 23:25:13,813 - INFO - Amazon search requested: 'light'
2026-09-02 23:25:13,813 - INFO - Maximum products requested: 2
2026-09-02 23:25:13,813 - WARNING - Amazon data source is not configured.
2026-09-02 23:25:13,813 - WARNING - Use an authorized Amazon API or approved data-access method.
2026-09-02 23:25:13,813 - INFO - amazon: No products found.
2026-09-02 23:25:13,813 - INFO - Searching alibaba...
2026-09-02 23:25:13,813 - INFO - Alibaba search requested: 'light'
2026-09-02 23:25:13,813 - INFO - Maximum products requested: 2
2026-09-02 23:25:13,813 - WARNING - Alibaba data source is not configured.
2026-09-02 23:25:13,813 - WARNING - Use an authorized Alibaba API or approved data-access method.
2026-09-02 23:25:13,813 - INFO - alibaba: No products found.
2026-09-02 23:25:13,813 - INFO - Searching flipkart...
2026-09-02 23:25:13,813 - INFO - Flipkart search requested: 'light'
2026-09-02 23:25:13,813 - INFO - Maximum products requested: 2
2026-09-02 23:25:13,813 - WARNING - Flipkart data source is not configured.
2026-09-02 23:25:13,813 - WARNING - Use an authorized Flipkart API or approved data-access method.
2026-09-02 23:25:13,813 - INFO - flipkart: No products found.
2026-09-02 23:25:13,813 - INFO - Multi-website search completed. Total products: 2
